ID_Prueba,ID,Numero Empleado,Numero Orden,"Codigos serial ,QR",Version Firmware,Comunicación232,Prueba LEDS,Prueba LCDS,Prueba pulsacion Botones,Prueba entradas digitales,Hora y Fecha
20,17,7876,050762,"BV25412310051 , T253905986 ",FF00FFA50010600D1FD0761C01072E4F01520D6D000200C800300001000DDBCD0301839A8245009C0929,PASS,"PASS, {1: 1, 2: 1, 3: 1, 4: 1, 5: 1, 6: 1, 7: 1, 8: 1, 9: 1, 10: 1, 11: 1}","PASS, {1: 1, 2: 1, 3: 1, 4: 1, 5: 1, 6: 1, 7: 1, 8: 1, 9: 1, 10: 1}","PASS , {1: 1, 2: 1, 3: 1, 4: 1, 5: 1, 6: 1, 7: 1, 8: 1} ","PASS , {1: 1, 2: 1, 3: 1, 4: 1} ",08:07:51_07-10-25
21,18,7876,050762,"BV25412310083 , T253909185 ",FF00FFA50010600D1FD0761C01072E4F01520D6D000200C800300001000DDBCD0301839A8245009C0929,PASS,"PASS, {1: 1, 2: 1, 3: 1, 4: 1, 5: 1, 6: 1, 7: 1, 8: 1, 9: 1, 10: 1, 11: 1}","PASS, {1: 1, 2: 1, 3: 1, 4: 1, 5: 1, 6: 1, 7: 1, 8: 1, 9: 1, 10: 1}","PASS , {1: 1, 2: 1, 3: 1, 4: 1, 5: 1, 6: 1, 7: 1, 8: 1} ","PASS , {1: 1, 2: 1, 3: 1, 4: 1} ",08:09:16_07-10-25
22,19,7876,050762,"BV25412310025 , T253907567 ",FF00FFA50010600D1FD0761C01072E4F01520D6D000200C800300001000DDBCD0301839A8245009C0929,PASS,"PASS, {1: 1, 2: 1, 3: 1, 4: 1, 5: 1, 6: 1, 7: 1, 8: 1, 9: 1, 10: 1, 11: 1}","PASS, {1: 1, 2: 1, 3: 1, 4: 1, 5: 1, 6: 1, 7: 1, 8: 1, 9: 1, 10: 1}","PASS , {1: 1, 2: 1, 3: 1, 4: 1, 5: 1, 6: 1, 7: 1, 8: 1} ","PASS , {1: 1, 2: 1, 3: 1, 4: 1} ",08:10:40_07-10-25
23,20,7876,050762,"BV25412310080 , T253908495 ",FF00FFA50010600D1FD0761C01072E4F01520D6D000200C800300001000DDBCD0301839A8245009C0929,PASS,"PASS, {1: 1, 2: 1, 3: 1, 4: 1, 5: 1, 6: 1, 7: 1, 8: 1, 9: 1, 10: 1, 11: 1}","PASS, {1: 1, 2: 1, 3: 1, 4: 1, 5: 1, 6: 1, 7: 1, 8: 1, 9: 1, 10: 1}","PASS , {1: 1, 2: 1, 3: 1, 4: 1, 5: 1, 6: 1, 7: 1, 8: 1} ","PASS , {1: 1, 2: 1, 3: 1, 4: 1} ",08:11:54_07-10-25
24,21,7876,050762,"BV25412310029 , T253907580 ",FF00FFA50010600D1FD0761C01072E4F01520D6D000200C800300001000DDBCD0301839A8245009C0929,PASS,"PASS, {1: 1, 2: 1, 3: 1, 4: 1, 5: 1, 6: 1, 7: 1, 8: 1, 9: 1, 10: 1, 11: 1}","PASS, {1: 1, 2: 1, 3: 1, 4: 1, 5: 1, 6: 1, 7: 1, 8: 1, 9: 1, 10: 1}","PASS , {1: 1, 2: 1, 3: 1, 4: 1, 5: 1, 6: 1, 7: 1, 8: 1} ","PASS , {1: 1, 2: 1, 3: 1, 4: 1} ",08:13:06_07-10-25
25,22,7876,050762,"BV25412310030 , T253908988 ",FF00FFA50010600D1FD0761C01072E4F01520D6D000200C800300001000DDBCD0301839A8245009C0929,PASS,"PASS, {1: 1, 2: 1, 3: 1, 4: 1, 5: 1, 6: 1, 7: 1, 8: 1, 9: 1, 10: 1, 11: 1}","PASS, {1: 1, 2: 1, 3: 1, 4: 1, 5: 1, 6: 1, 7: 1, 8: 1, 9: 1, 10: 1}","PASS , {1: 1, 2: 1, 3: 1, 4: 1, 5: 1, 6: 1, 7: 1, 8: 1} ","PASS , {1: 1, 2: 1, 3: 1, 4: 1} ",08:14:18_07-10-25
26,23,7876,050762,"BV25412310026 , T253907581 ",FF00FFA50010600D1FD0761C01072E4F01520D6D000200C800300001000DDBCD0301839A8245009C0929,PASS,"PASS, {1: 1, 2: 1, 3: 1, 4: 1, 5: 1, 6: 1, 7: 1, 8: 1, 9: 1, 10: 1, 11: 1}","PASS, {1: 1, 2: 1, 3: 1, 4: 1, 5: 1, 6: 1, 7: 1, 8: 1, 9: 1, 10: 1}","PASS , {1: 1, 2: 1, 3: 1, 4: 1, 5: 1, 6: 1, 7: 1, 8: 1} ","PASS , {1: 1, 2: 1, 3: 1, 4: 1} ",08:15:37_07-10-25
27,24,7876,050762,"BV25412310027 , T253907576 ",FF00FFA50010600D1FD0761C01072E4F01520D6D000200C800300001000DDBCD0301839A8245009C0929,PASS,"PASS, {1: 1, 2: 1, 3: 1, 4: 1, 5: 1, 6: 1, 7: 1, 8: 1, 9: 1, 10: 1, 11: 1}","PASS, {1: 1, 2: 1, 3: 1, 4: 1, 5: 1, 6: 1, 7: 1, 8: 1, 9: 1, 10: 1}","PASS , {1: 1, 2: 1, 3: 1, 4: 1, 5: 1, 6: 1, 7: 1, 8: 1} ","PASS , {1: 1, 2: 1, 3: 1, 4: 1} ",08:16:50_07-10-25
28,25,7876,050762,"BV25412310010 , T253909016 ",FF00FFA50010600D1FD0761C01072E4F01520D6D000200C800300001000DDBCD0301839A8245009C0929,PASS,"PASS, {1: 1, 2: 1, 3: 1, 4: 1, 5: 1, 6: 1, 7: 1, 8: 1, 9: 1, 10: 1, 11: 1}","PASS, {1: 1, 2: 1, 3: 1, 4: 1, 5: 1, 6: 1, 7: 1, 8: 1, 9: 1, 10: 1}","PASS , {1: 1, 2: 1, 3: 1, 4: 1, 5: 1, 6: 1, 7: 1, 8: 1} ","PASS , {1: 1, 2: 1, 3: 1, 4: 1} ",08:18:02_07-10-25
29,26,7876,050762,"BV25412310031 , T253908942 ",FF00FFA50010600D1FD0761C01072E4F01520D6D000200C800300001000DDBCD0301839A8245009C0929,PASS,"PASS, {1: 1, 2: 1, 3: 1, 4: 1, 5: 1, 6: 1, 7: 1, 8: 1, 9: 1, 10: 1, 11: 1}","PASS, {1: 1, 2: 1, 3: 1, 4: 1, 5: 1, 6: 1, 7: 1, 8: 1, 9: 1, 10: 1}","PASS , {1: 1, 2: 1, 3: 1, 4: 1, 5: 1, 6: 1, 7: 1, 8: 1} ","PASS , {1: 1, 2: 1, 3: 1, 4: 1} ",08:19:15_07-10-25
30,27,7876,050762,"BV25412310086 , T253909351 ",FF00FFA50010600D1FD0761C01072E4F01520D6D000200C800300001000DDBCD0301839A8245009C0929,PASS,"PASS, {1: 1, 2: 1, 3: 1, 4: 1, 5: 1, 6: 1, 7: 1, 8: 1, 9: 1, 10: 1, 11: 1}","PASS, {1: 1, 2: 1, 3: 1, 4: 1, 5: 1, 6: 1, 7: 1, 8: 1, 9: 1, 10: 1}","PASS , {1: 1, 2: 1, 3: 1, 4: 1, 5: 1, 6: 1, 7: 1, 8: 1} ","PASS , {1: 1, 2: 1, 3: 1, 4: 1} ",08:20:27_07-10-25
31,28,7876,050762,"BV25412310085 , T253909350 ",FF00FFA50010600D1FD0761C01072E4F01520D6D000200C800300001000DDBCD0301839A8245009C0929,PASS,"PASS, {1: 1, 2: 1, 3: 1, 4: 1, 5: 1, 6: 1, 7: 1, 8: 1, 9: 1, 10: 1, 11: 1}","PASS, {1: 1, 2: 1, 3: 1, 4: 1, 5: 1, 6: 1, 7: 1, 8: 1, 9: 1, 10: 1}","PASS , {1: 1, 2: 1, 3: 1, 4: 1, 5: 1, 6: 1, 7: 1, 8: 1} ","PASS , {1: 1, 2: 1, 3: 1, 4: 1} ",08:21:42_07-10-25
32,29,7876,050762,"BV25412310098 , T253909347 ",FF00FFA50010600D1FD0761C01072E4F01520D6D000200C800300001000DDBCD0301839A8245009C0929,PASS,"PASS, {1: 1, 2: 1, 3: 1, 4: 1, 5: 1, 6: 1, 7: 1, 8: 1, 9: 1, 10: 1, 11: 1}","PASS, {1: 1, 2: 1, 3: 1, 4: 1, 5: 1, 6: 1, 7: 1, 8: 1, 9: 1, 10: 1}","PASS , {1: 1, 2: 1, 3: 1, 4: 1, 5: 1, 6: 1, 7: 1, 8: 1} ","PASS , {1: 1, 2: 1, 3: 1, 4: 1} ",08:22:54_07-10-25
33,30,7876,050762,"BV25412310099 , T253908502 ",FF00FFA50010600D1FD0761C01072E4F01520D6D000200C800300001000DDBCD0301839A8245009C0929,PASS,"PASS, {1: 1, 2: 1, 3: 1, 4: 1, 5: 1, 6: 1, 7: 1, 8: 1, 9: 1, 10: 1, 11: 1}","PASS, {1: 1, 2: 1, 3: 1, 4: 1, 5: 1, 6: 1, 7: 1, 8: 1, 9: 1, 10: 1}","PASS , {1: 1, 2: 1, 3: 1, 4: 1, 5: 1, 6: 1, 7: 1, 8: 1} ","PASS , {1: 1, 2: 1, 3: 1, 4: 1} ",08:24:09_07-10-25
34,31,7876,050762,"BV25412310097 , T253908483 ",FF00FFA50010600D1FD0761C01072E4F01520D6D000200C800300001000DDBCD0301839A8245009C0929,PASS,"PASS, {1: 1, 2: 1, 3: 1, 4: 1, 5: 1, 6: 1, 7: 1, 8: 1, 9: 1, 10: 1, 11: 1}","PASS, {1: 1, 2: 1, 3: 1, 4: 1, 5: 1, 6: 1, 7: 1, 8: 1, 9: 1, 10: 1}","PASS , {1: 1, 2: 1, 3: 1, 4: 1, 5: 1, 6: 1, 7: 1, 8: 1} ","PASS , {1: 1, 2: 1, 3: 1, 4: 1} ",08:25:23_07-10-25
35,32,7876,050762,"BV25412310088 , T253909184 ",FF00FFA50010600D1FD0761C01072E4F01520D6D000200C800300001000DDBCD0301839A8245009C0929,PASS,"PASS, {1: 1, 2: 1, 3: 1, 4: 1, 5: 1, 6: 1, 7: 1, 8: 1, 9: 1, 10: 1, 11: 1}","PASS, {1: 1, 2: 1, 3: 1, 4: 1, 5: 1, 6: 1, 7: 1, 8: 1, 9: 1, 10: 1}","PASS , {1: 1, 2: 1, 3: 1, 4: 1, 5: 1, 6: 1, 7: 1, 8: 1} ","PASS , {1: 1, 2: 1, 3: 1, 4: 1} ",08:26:35_07-10-25
36,33,7876,050762,"BV25412310100 , T253909343 ",FF00FFA50010600D1FD0761C01072E4F01520D6D000200C800300001000DDBCD0301839A8245009C0929,PASS,"PASS, {1: 1, 2: 1, 3: 1, 4: 1, 5: 1, 6: 1, 7: 1, 8: 1, 9: 1, 10: 1, 11: 1}","PASS, {1: 1, 2: 1, 3: 1, 4: 1, 5: 1, 6: 1, 7: 1, 8: 1, 9: 1, 10: 1}","PASS , {1: 1, 2: 1, 3: 1, 4: 1, 5: 1, 6: 1, 7: 1, 8: 1} ","PASS , {1: 1, 2: 1, 3: 1, 4: 1} ",08:28:01_07-10-25
37,34,7876,050762,"BV25412310079 , T253909479 ",FF00FFA50010600D1FD0761C01072E4F01520D6D000200C800300001000DDBCD0301839A8245009C0929,PASS,"PASS, {1: 1, 2: 1, 3: 1, 4: 1, 5: 1, 6: 1, 7: 1, 8: 1, 9: 1, 10: 1, 11: 1}","PASS, {1: 1, 2: 1, 3: 1, 4: 1, 5: 1, 6: 1, 7: 1, 8: 1, 9: 1, 10: 1}","PASS , {1: 1, 2: 1, 3: 1, 4: 1, 5: 1, 6: 1, 7: 1, 8: 1} ","PASS , {1: 1, 2: 1, 3: 1, 4: 1} ",08:29:12_07-10-25
38,35,7876,050762,"BV25412310078 , T253909348 ",FF00FFA50010600D1FD0761C01072E4F01520D6D000200C800300001000DDBCD0301839A8245009C0929,PASS,"PASS, {1: 1, 2: 1, 3: 1, 4: 1, 5: 1, 6: 1, 7: 1, 8: 1, 9: 1, 10: 1, 11: 1}","PASS, {1: 1, 2: 1, 3: 1, 4: 1, 5: 1, 6: 1, 7: 1, 8: 1, 9: 1, 10: 1}","PASS , {1: 1, 2: 1, 3: 1, 4: 1, 5: 1, 6: 1, 7: 1, 8: 1} ","PASS , {1: 1, 2: 1, 3: 1, 4: 1} ",08:30:25_07-10-25
39,36,7876,050762,"BV25412310087 , T253908494 ",FF00FFA50010600D1FD0761C01072E4F01520D6D000200C800300001000DDBCD0301839A8245009C0929,PASS,"PASS, {1: 1, 2: 1, 3: 1, 4: 1, 5: 1, 6: 1, 7: 1, 8: 1, 9: 1, 10: 1, 11: 1}","PASS, {1: 1, 2: 1, 3: 1, 4: 1, 5: 1, 6: 1, 7: 1, 8: 1, 9: 1, 10: 1}","PASS , {1: 1, 2: 1, 3: 1, 4: 1, 5: 1, 6: 1, 7: 1, 8: 1} ","PASS , {1: 1, 2: 1, 3: 1, 4: 1} ",08:31:41_07-10-25
40,37,7876,050762,"BV25412310090 , T253908500 ",FF00FFA50010600D1FD0761C01072E4F01520D6D000200C800300001000DDBCD0301839A8245009C0929,PASS,"PASS, {1: 1, 2: 1, 3: 1, 4: 1, 5: 1, 6: 1, 7: 1, 8: 1, 9: 1, 10: 1, 11: 1}","PASS, {1: 1, 2: 1, 3: 1, 4: 1, 5: 1, 6: 1, 7: 1, 8: 1, 9: 1, 10: 1}","PASS , {1: 1, 2: 1, 3: 1, 4: 1, 5: 1, 6: 1, 7: 1, 8: 1} ","PASS , {1: 1, 2: 1, 3: 1, 4: 1} ",08:32:53_07-10-25
41,38,7876,050762,"BV25412310076 , T253907505 ",FF00FFA50010600D1FD0761C01072E4F01520D6D000200C800300001000DDBCD0301839A8245009C0929,PASS,"PASS, {1: 1, 2: 1, 3: 1, 4: 1, 5: 1, 6: 1, 7: 1, 8: 1, 9: 1, 10: 1, 11: 1}","PASS, {1: 1, 2: 1, 3: 1, 4: 1, 5: 1, 6: 1, 7: 1, 8: 1, 9: 1, 10: 1}","PASS , {1: 1, 2: 1, 3: 1, 4: 1, 5: 1, 6: 1, 7: 1, 8: 1} ","PASS , {1: 1, 2: 1, 3: 1, 4: 1} ",08:34:04_07-10-25
42,39,7876,050762,"BV25412310077 , T253909179 ",FF00FFA50010600D1FD0761C01072E4F01520D6D000200C800300001000DDBCD0301839A8245009C0929,PASS,"PASS, {1: 1, 2: 1, 3: 1, 4: 1, 5: 1, 6: 1, 7: 1, 8: 1, 9: 1, 10: 1, 11: 1}","PASS, {1: 1, 2: 1, 3: 1, 4: 1, 5: 1, 6: 1, 7: 1, 8: 1, 9: 1, 10: 1}","PASS , {1: 1, 2: 1, 3: 1, 4: 1, 5: 1, 6: 1, 7: 1, 8: 1} ","PASS , {1: 1, 2: 1, 3: 1, 4: 1} ",08:35:20_07-10-25
43,40,7876,050762,"BV25412310055 , T253905993 ",FF00FFA50010600D1FD0761C01072E4F01520D6D000200C800300001000DDBCD0301839A8245009C0929,PASS,"PASS, {1: 1, 2: 1, 3: 1, 4: 1, 5: 1, 6: 1, 7: 1, 8: 1, 9: 1, 10: 1, 11: 1}","PASS, {1: 1, 2: 1, 3: 1, 4: 1, 5: 1, 6: 1, 7: 1, 8: 1, 9: 1, 10: 1}","PASS , {1: 1, 2: 1, 3: 1, 4: 1, 5: 1, 6: 1, 7: 1, 8: 1} ","PASS , {1: 1, 2: 1, 3: 1, 4: 1} ",08:36:36_07-10-25
44,41,7876,050762,"BV25412310075 , T253906126 ",FF00FFA50010600D1FD0761C01072E4F01520D6D000200C800300001000DDBCD0301839A8245009C0929,PASS,"PASS, {1: 1, 2: 1, 3: 1, 4: 1, 5: 1, 6: 1, 7: 1, 8: 1, 9: 1, 10: 1, 11: 1}","PASS, {1: 1, 2: 1, 3: 1, 4: 1, 5: 1, 6: 1, 7: 1, 8: 1, 9: 1, 10: 1}","PASS , {1: 1, 2: 1, 3: 1, 4: 1, 5: 1, 6: 1, 7: 1, 8: 1} ","PASS , {1: 1, 2: 1, 3: 1, 4: 1} ",08:37:48_07-10-25
45,42,7876,050762,"BV25412310074 , T253906127 ",FF00FFA50010600D1FD0761C01072E4F01520D6D000200C800300001000DDBCD0301839A8245009C0929,PASS,"PASS, {1: 1, 2: 1, 3: 1, 4: 1, 5: 1, 6: 1, 7: 1, 8: 1, 9: 1, 10: 1, 11: 1}","PASS, {1: 1, 2: 1, 3: 1, 4: 1, 5: 1, 6: 1, 7: 1, 8: 1, 9: 1, 10: 1}","PASS , {1: 1, 2: 1, 3: 1, 4: 1, 5: 1, 6: 1, 7: 1, 8: 1} ","PASS , {1: 1, 2: 1, 3: 1, 4: 1} ",08:39:04_07-10-25
46,43,7876,050762,"BV25412310056 , T253906137 ",FF00FFA50010600D1FD0761C01072E4F01520D6D000200C800300001000DDBCD0301839A8245009C0929,PASS,"PASS, {1: 1, 2: 1, 3: 1, 4: 1, 5: 1, 6: 1, 7: 1, 8: 1, 9: 1, 10: 1, 11: 1}","PASS, {1: 1, 2: 1, 3: 1, 4: 1, 5: 1, 6: 1, 7: 1, 8: 1, 9: 1, 10: 1}","PASS , {1: 1, 2: 1, 3: 1, 4: 1, 5: 1, 6: 1, 7: 1, 8: 1} ","PASS , {1: 1, 2: 1, 3: 1, 4: 1} ",08:40:44_07-10-25
47,44,7876,050762,"BV25412310053 , T253906139 ",FF00FFA50010600D1FD0761C01072E4F01520D6D000200C800300001000DDBCD0301839A8245009C0929,PASS,"PASS, {1: 1, 2: 1, 3: 1, 4: 1, 5: 1, 6: 1, 7: 1, 8: 1, 9: 1, 10: 1, 11: 1}","PASS, {1: 1, 2: 1, 3: 1, 4: 1, 5: 1, 6: 1, 7: 1, 8: 1, 9: 1, 10: 1}","PASS , {1: 1, 2: 1, 3: 1, 4: 1, 5: 1, 6: 1, 7: 1, 8: 1} ","PASS , {1: 1, 2: 1, 3: 1, 4: 1} ",08:41:56_07-10-25
48,45,7876,050762,"BV25412310032 , T253908941 ",FF00FFA50010600D1FD0761C01072E4F01520D6D000200C800300001000DDBCD0301839A8245009C0929,PASS,"PASS, {1: 1, 2: 1, 3: 1, 4: 1, 5: 1, 6: 1, 7: 1, 8: 1, 9: 1, 10: 1, 11: 1}","PASS, {1: 1, 2: 1, 3: 1, 4: 1, 5: 1, 6: 1, 7: 1, 8: 1, 9: 1, 10: 1}","PASS , {1: 1, 2: 1, 3: 1, 4: 1, 5: 1, 6: 1, 7: 1, 8: 1} ","PASS , {1: 1, 2: 1, 3: 1, 4: 1} ",08:43:07_07-10-25
49,46,7876,050762,"BV25412310028 , T253907577 ",FF00FFA50010600D1FD0761C01072E4F01520D6D000200C800300001000DDBCD0301839A8245009C0929,PASS,"PASS, {1: 1, 2: 1, 3: 1, 4: 1, 5: 1, 6: 1, 7: 1, 8: 1, 9: 1, 10: 1, 11: 1}","PASS, {1: 1, 2: 1, 3: 1, 4: 1, 5: 1, 6: 1, 7: 1, 8: 1, 9: 1, 10: 1}","PASS , {1: 1, 2: 1, 3: 1, 4: 1, 5: 1, 6: 1, 7: 1, 8: 1} ","PASS , {1: 1, 2: 1, 3: 1, 4: 1} ",08:44:20_07-10-25
50,47,7876,050762,"BV25412310061 , T253906136 ",FF00FFA50010600D1FD0761C01072E4F01520D6D000200C800300001000DDBCD0301839A8245009C0929,PASS,"PASS, {1: 1, 2: 1, 3: 1, 4: 1, 5: 1, 6: 1, 7: 1, 8: 1, 9: 1, 10: 1, 11: 1}","PASS, {1: 1, 2: 1, 3: 1, 4: 1, 5: 1, 6: 1, 7: 1, 8: 1, 9: 1, 10: 1}","PASS , {1: 1, 2: 1, 3: 1, 4: 1, 5: 1, 6: 1, 7: 1, 8: 1} ","PASS , {1: 1, 2: 1, 3: 1, 4: 1} ",08:45:33_07-10-25
51,48,7876,050762,"BV25412310066 , T253906123 ",FF00FFA50010600D1FD0761C01072E4F01520D6D000200C800300001000DDBCD0301839A8245009C0929,PASS,"PASS, {1: 1, 2: 1, 3: 1, 4: 1, 5: 1, 6: 1, 7: 1, 8: 1, 9: 1, 10: 1, 11: 1}","PASS, {1: 1, 2: 1, 3: 1, 4: 1, 5: 1, 6: 1, 7: 1, 8: 1, 9: 1, 10: 1}","PASS , {1: 1, 2: 1, 3: 1, 4: 1, 5: 1, 6: 1, 7: 1, 8: 1} ","PASS , {1: 1, 2: 1, 3: 1, 4: 1} ",08:46:53_07-10-25
52,49,7876,050762,"BV25412310064 , T253906140 ",FF00FFA50010600D1FD0761C01072E4F01520D6D000200C800300001000DDBCD0301839A8245009C0929,PASS,"PASS, {1: 1, 2: 1, 3: 1, 4: 1, 5: 1, 6: 1, 7: 1, 8: 1, 9: 1, 10: 1, 11: 1}","PASS, {1: 1, 2: 1, 3: 1, 4: 1, 5: 1, 6: 1, 7: 1, 8: 1, 9: 1, 10: 1}","PASS , {1: 1, 2: 1, 3: 1, 4: 1, 5: 1, 6: 1, 7: 1, 8: 1} ","PASS , {1: 1, 2: 1, 3: 1, 4: 1} ",08:48:12_07-10-25
53,50,7876,050762,"BV25412310062 , T253906149 ",FF00FFA50010600D1FD0761C01072E4F01520D6D000200C800300001000DDBCD0301839A8245009C0929,PASS,"PASS, {1: 1, 2: 1, 3: 1, 4: 1, 5: 1, 6: 1, 7: 1, 8: 1, 9: 1, 10: 1, 11: 1}","PASS, {1: 1, 2: 1, 3: 1, 4: 1, 5: 1, 6: 1, 7: 1, 8: 1, 9: 1, 10: 1}","PASS , {1: 1, 2: 1, 3: 1, 4: 1, 5: 1, 6: 1, 7: 1, 8: 1} ","PASS , {1: 1, 2: 1, 3: 1, 4: 1} ",08:49:25_07-10-25
54,51,7876,050762,"BV25412310065 , T253906142 ",FF00FFA50010600D1FD0761C01072E4F01520D6D000200C800300001000DDBCD0301839A8245009C0929,PASS,"PASS, {1: 1, 2: 1, 3: 1, 4: 1, 5: 1, 6: 1, 7: 1, 8: 1, 9: 1, 10: 1, 11: 1}","PASS, {1: 1, 2: 1, 3: 1, 4: 1, 5: 1, 6: 1, 7: 1, 8: 1, 9: 1, 10: 1}","PASS , {1: 1, 2: 1, 3: 1, 4: 1, 5: 1, 6: 1, 7: 1, 8: 1} ","PASS , {1: 1, 2: 1, 3: 1, 4: 1} ",08:50:39_07-10-25
55,52,7876,050762,"BV25412310063 , T253906141 ",FF00FFA50010600D1FD0761C01072E4F01520D6D000200C800300001000DDBCD0301839A8245009C0929,PASS,"PASS, {1: 1, 2: 1, 3: 1, 4: 1, 5: 1, 6: 1, 7: 1, 8: 1, 9: 1, 10: 1, 11: 1}","PASS, {1: 1, 2: 1, 3: 1, 4: 1, 5: 1, 6: 1, 7: 1, 8: 1, 9: 1, 10: 1}","PASS , {1: 1, 2: 1, 3: 1, 4: 1, 5: 1, 6: 1, 7: 1, 8: 1} ","PASS , {1: 1, 2: 1, 3: 1, 4: 1} ",08:51:58_07-10-25
56,53,7876,050762,"BV25412310068 , T253906124 ",FF00FFA50010600D1FD0761C01072E4F01520D6D000200C800300001000DDBCD0301839A8245009C0929,PASS,"PASS, {1: 1, 2: 1, 3: 1, 4: 1, 5: 1, 6: 1, 7: 1, 8: 1, 9: 1, 10: 1, 11: 1}","PASS, {1: 1, 2: 1, 3: 1, 4: 1, 5: 1, 6: 1, 7: 1, 8: 1, 9: 1, 10: 1}","PASS , {1: 1, 2: 1, 3: 1, 4: 1, 5: 1, 6: 1, 7: 1, 8: 1} ","PASS , {1: 1, 2: 1, 3: 1, 4: 1} ",08:53:10_07-10-25
57,54,7876,050762,"BV25412310070 , T253906131 ",FF00FFA50010600D1FD0761C01072E4F01520D6D000200C800300001000DDBCD0301839A8245009C0929,PASS,"PASS, {1: 1, 2: 1, 3: 1, 4: 1, 5: 1, 6: 1, 7: 1, 8: 1, 9: 1, 10: 1, 11: 1}","PASS, {1: 1, 2: 1, 3: 1, 4: 1, 5: 1, 6: 1, 7: 1, 8: 1, 9: 1, 10: 1}","PASS , {1: 1, 2: 1, 3: 1, 4: 1, 5: 1, 6: 1, 7: 1, 8: 1} ","PASS , {1: 1, 2: 1, 3: 1, 4: 1} ",08:54:24_07-10-25
58,55,7876,050762,"BV25412310069 , T253906121 ",FF00FFA50010600D1FD0761C01072E4F01520D6D000200C800300001000DDBCD0301839A8245009C0929,PASS,"PASS, {1: 1, 2: 1, 3: 1, 4: 1, 5: 1, 6: 1, 7: 1, 8: 1, 9: 1, 10: 1, 11: 1}","PASS, {1: 1, 2: 1, 3: 1, 4: 1, 5: 1, 6: 1, 7: 1, 8: 1, 9: 1, 10: 1}","PASS , {1: 1, 2: 1, 3: 1, 4: 1, 5: 1, 6: 1, 7: 1, 8: 1} ","PASS , {1: 1, 2: 1, 3: 1, 4: 1} ",08:55:40_07-10-25
59,56,7876,050762,"BV25412310072 , T253906129 ",FF00FFA50010600D1FD0761C01072E4F01520D6D000200C800300001000DDBCD0301839A8245009C0929,PASS,"PASS, {1: 1, 2: 1, 3: 1, 4: 1, 5: 1, 6: 1, 7: 1, 8: 1, 9: 1, 10: 1, 11: 1}","PASS, {1: 1, 2: 1, 3: 1, 4: 1, 5: 1, 6: 1, 7: 1, 8: 1, 9: 1, 10: 1}","PASS , {1: 1, 2: 1, 3: 1, 4: 1, 5: 1, 6: 1, 7: 1, 8: 1} ","PASS , {1: 1, 2: 1, 3: 1, 4: 1} ",08:56:51_07-10-25
60,57,7876,050762,"BV25412310073 , T253906128 ",FF00FFA50010600D1FD0761C01072E4F01520D6D000200C800300001000DDBCD0301839A8245009C0929,PASS,"PASS, {1: 1, 2: 1, 3: 1, 4: 1, 5: 1, 6: 1, 7: 1, 8: 1, 9: 1, 10: 1, 11: 1}","PASS, {1: 1, 2: 1, 3: 1, 4: 1, 5: 1, 6: 1, 7: 1, 8: 1, 9: 1, 10: 1}","PASS , {1: 1, 2: 1, 3: 1, 4: 1, 5: 1, 6: 1, 7: 1, 8: 1} ","PASS , {1: 1, 2: 1, 3: 1, 4: 1} ",08:58:02_07-10-25
61,58,7876,050762,"BV25412310050 , T253904904 ",FF00FFA50010600D1FD0761C01072E4F01520D6D000200C800300001000DDBCD0301839A8245009C0929,PASS,"PASS, {1: 1, 2: 1, 3: 1, 4: 1, 5: 1, 6: 1, 7: 1, 8: 1, 9: 1, 10: 1, 11: 1}","PASS, {1: 1, 2: 1, 3: 1, 4: 1, 5: 1, 6: 1, 7: 1, 8: 1, 9: 1, 10: 1}","PASS , {1: 1, 2: 1, 3: 1, 4: 1, 5: 1, 6: 1, 7: 1, 8: 1} ","PASS , {1: 1, 2: 1, 3: 1, 4: 1} ",08:59:13_07-10-25
62,59,7876,050762,"BV25412310120 , T253907503 ",FF00FFA50010600D1FD0761C01072E4F01520D6D000200C800300001000DDBCD0301839A8245009C0929,PASS,"PASS, {1: 1, 2: 1, 3: 1, 4: 1, 5: 1, 6: 1, 7: 1, 8: 1, 9: 1, 10: 1, 11: 1}","PASS, {1: 1, 2: 1, 3: 1, 4: 1, 5: 1, 6: 1, 7: 1, 8: 1, 9: 1, 10: 1}","PASS , {1: 1, 2: 1, 3: 1, 4: 1, 5: 1, 6: 1, 7: 1, 8: 1} ","PASS , {1: 1, 2: 1, 3: 1, 4: 1} ",09:00:23_07-10-25
63,60,7876,050762,"BV25412310125 , T253904908 ",FF00FFA50010600D1FD0761C01072E4F01520D6D000200C800300001000DDBCD0301839A8245009C0929,PASS,"PASS, {1: 1, 2: 1, 3: 1, 4: 1, 5: 1, 6: 1, 7: 1, 8: 1, 9: 1, 10: 1, 11: 1}","PASS, {1: 1, 2: 1, 3: 1, 4: 1, 5: 1, 6: 1, 7: 1, 8: 1, 9: 1, 10: 1}","PASS , {1: 1, 2: 1, 3: 1, 4: 1, 5: 1, 6: 1, 7: 1, 8: 1} ","PASS , {1: 1, 2: 1, 3: 1, 4: 1} ",09:01:37_07-10-25
64,61,7876,050762,"BV25412310121 , T253907483 ",FF00FFA50010600D1FD0761C01072E4F01520D6D000200C800300001000DDBCD0301839A8245009C0929,PASS,"PASS, {1: 1, 2: 1, 3: 1, 4: 1, 5: 1, 6: 1, 7: 1, 8: 1, 9: 1, 10: 1, 11: 1}","PASS, {1: 1, 2: 1, 3: 1, 4: 1, 5: 1, 6: 1, 7: 1, 8: 1, 9: 1, 10: 1}","PASS , {1: 1, 2: 1, 3: 1, 4: 1, 5: 1, 6: 1, 7: 1, 8: 1} ","PASS , {1: 1, 2: 1, 3: 1, 4: 1} ",09:02:48_07-10-25
65,62,7876,050762,"BV25412310122 , T253907510 ",FF00FFA50010600D1FD0761C01072E4F01520D6D000200C800300001000DDBCD0301839A8245009C0929,PASS,"PASS, {1: 1, 2: 1, 3: 1, 4: 1, 5: 1, 6: 1, 7: 1, 8: 1, 9: 1, 10: 1, 11: 1}","PASS, {1: 1, 2: 1, 3: 1, 4: 1, 5: 1, 6: 1, 7: 1, 8: 1, 9: 1, 10: 1}","PASS , {1: 1, 2: 1, 3: 1, 4: 1, 5: 1, 6: 1, 7: 1, 8: 1} ","PASS , {1: 1, 2: 1, 3: 1, 4: 1} ",09:04:20_07-10-25
66,63,7876,050762,"BV25412310118 , T253907488 ",FF00FFA50010600D1FD0761C01072E4F01520D6D000200C800300001000DDBCD0301839A8245009C0929,PASS,"PASS, {1: 1, 2: 1, 3: 1, 4: 1, 5: 1, 6: 1, 7: 1, 8: 1, 9: 1, 10: 1, 11: 1}","PASS, {1: 1, 2: 1, 3: 1, 4: 1, 5: 1, 6: 1, 7: 1, 8: 1, 9: 1, 10: 1}","PASS , {1: 1, 2: 1, 3: 1, 4: 1, 5: 1, 6: 1, 7: 1, 8: 1} ","PASS , {1: 1, 2: 1, 3: 1, 4: 1} ",09:05:30_07-10-25
67,64,7876,050762,"BV25412310119 , T253907485 ",FF00FFA50010600D1FD0761C01072E4F01520D6D000200C800300001000DDBCD0301839A8245009C0929,PASS,"PASS, {1: 1, 2: 1, 3: 1, 4: 1, 5: 1, 6: 1, 7: 1, 8: 1, 9: 1, 10: 1, 11: 1}","PASS, {1: 1, 2: 1, 3: 1, 4: 1, 5: 1, 6: 1, 7: 1, 8: 1, 9: 1, 10: 1}","PASS , {1: 1, 2: 1, 3: 1, 4: 1, 5: 1, 6: 1, 7: 1, 8: 1} ","PASS , {1: 1, 2: 1, 3: 1, 4: 1} ",09:06:43_07-10-25
68,65,7876,050762,"BV25412310123 , T253907507 ",FF00FFA50010600D1FD0761C01072E4F01520D6D000200C800300001000DDBCD0301839A8245009C0929,PASS,"PASS, {1: 1, 2: 1, 3: 1, 4: 1, 5: 1, 6: 1, 7: 1, 8: 1, 9: 1, 10: 1, 11: 1}","PASS, {1: 1, 2: 1, 3: 1, 4: 1, 5: 1, 6: 1, 7: 1, 8: 1, 9: 1, 10: 1}","PASS , {1: 1, 2: 1, 3: 1, 4: 1, 5: 1, 6: 1, 7: 1, 8: 1} ","PASS , {1: 1, 2: 1, 3: 1, 4: 1} ",09:07:55_07-10-25
69,66,7876,050762,"BV25412310105 , T253908308 ",FF00FFA50010600D1FD0761C01072E4F01520D6D000200C800300001000DDBCD0301839A8245009C0929,PASS,"PASS, {1: 1, 2: 1, 3: 1, 4: 1, 5: 1, 6: 1, 7: 1, 8: 1, 9: 1, 10: 1, 11: 1}","PASS, {1: 1, 2: 1, 3: 1, 4: 1, 5: 1, 6: 1, 7: 1, 8: 1, 9: 1, 10: 1}","PASS , {1: 1, 2: 1, 3: 1, 4: 1, 5: 1, 6: 1, 7: 1, 8: 1} ","PASS , {1: 1, 2: 1, 3: 1, 4: 1} ",09:09:08_07-10-25
70,67,7876,050762,"BV25412310106 , T253907481 ",FF00FFA50010600D1FD0761C01072E4F01520D6D000200C800300001000DDBCD0301839A8245009C0929,PASS,"PASS, {1: 1, 2: 1, 3: 1, 4: 1, 5: 1, 6: 1, 7: 1, 8: 1, 9: 1, 10: 1, 11: 1}","PASS, {1: 1, 2: 1, 3: 1, 4: 1, 5: 1, 6: 1, 7: 1, 8: 1, 9: 1, 10: 1}","PASS , {1: 1, 2: 1, 3: 1, 4: 1, 5: 1, 6: 1, 7: 1, 8: 1} ","PASS , {1: 1, 2: 1, 3: 1, 4: 1} ",09:10:26_07-10-25
71,68,7876,050762,"BV25412310107 , T253907767 ",FF00FFA50010600D1FD0761C01072E4F01520D6D000200C800300001000DDBCD0301839A8245009C0929,PASS,"PASS, {1: 1, 2: 1, 3: 1, 4: 1, 5: 1, 6: 1, 7: 1, 8: 1, 9: 1, 10: 1, 11: 1}","PASS, {1: 1, 2: 1, 3: 1, 4: 1, 5: 1, 6: 1, 7: 1, 8: 1, 9: 1, 10: 1}","PASS , {1: 1, 2: 1, 3: 1, 4: 1, 5: 1, 6: 1, 7: 1, 8: 1} ","PASS , {1: 1, 2: 1, 3: 1, 4: 1} ",09:11:36_07-10-25
72,69,7876,050762,"BV25412310109 , T253907496 ",FF00FFA50010600D1FD0761C01072E4F01520D6D000200C800300001000DDBCD0301839A8245009C0929,PASS,"PASS, {1: 1, 2: 1, 3: 1, 4: 1, 5: 1, 6: 1, 7: 1, 8: 1, 9: 1, 10: 1, 11: 1}","PASS, {1: 1, 2: 1, 3: 1, 4: 1, 5: 1, 6: 1, 7: 1, 8: 1, 9: 1, 10: 1}","PASS , {1: 1, 2: 1, 3: 1, 4: 1, 5: 1, 6: 1, 7: 1, 8: 1} ","PASS , {1: 1, 2: 1, 3: 1, 4: 1} ",09:12:49_07-10-25
73,70,7876,050762,"BV25412310108 , T253907476 ",FF00FFA50010600D1FD0761C01072E4F01520D6D000200C800300001000DDBCD0301839A8245009C0929,PASS,"PASS, {1: 1, 2: 1, 3: 1, 4: 1, 5: 1, 6: 1, 7: 1, 8: 1, 9: 1, 10: 1, 11: 1}","PASS, {1: 1, 2: 1, 3: 1, 4: 1, 5: 1, 6: 1, 7: 1, 8: 1, 9: 1, 10: 1}","PASS , {1: 1, 2: 1, 3: 1, 4: 1, 5: 1, 6: 1, 7: 1, 8: 1} ","PASS , {1: 1, 2: 1, 3: 1, 4: 1} ",09:14:03_07-10-25
74,71,7876,050762,"BV25412310117 , T253907504 ",FF00FFA50010600D1FD0761C01072E4F01520D6D000200C800300001000DDBCD0301839A8245009C0929,PASS,"PASS, {1: 1, 2: 1, 3: 1, 4: 1, 5: 1, 6: 1, 7: 1, 8: 1, 9: 1, 10: 1, 11: 1}","PASS, {1: 1, 2: 1, 3: 1, 4: 1, 5: 1, 6: 1, 7: 1, 8: 1, 9: 1, 10: 1}","PASS , {1: 1, 2: 1, 3: 1, 4: 1, 5: 1, 6: 1, 7: 1, 8: 1} ","PASS , {1: 1, 2: 1, 3: 1, 4: 1} ",09:15:16_07-10-25
75,72,7876,050762,"BV25412310054 , T253905996 ",FF00FFA50010600D1FD0761C01072E4F01520D6D000200C800300001000DDBCD0301839A8245009C0929,PASS,"PASS, {1: 1, 2: 1, 3: 1, 4: 1, 5: 1, 6: 1, 7: 1, 8: 1, 9: 1, 10: 1, 11: 1}","PASS, {1: 1, 2: 1, 3: 1, 4: 1, 5: 1, 6: 1, 7: 1, 8: 1, 9: 1, 10: 1}","PASS , {1: 1, 2: 1, 3: 1, 4: 1, 5: 1, 6: 1, 7: 1, 8: 1} ","PASS , {1: 1, 2: 1, 3: 1, 4: 1} ",09:16:29_07-10-25
76,73,7876,050762,"BV25412310059 , T253906133 ",FF00FFA50010600D1FD0761C01072E4F01520D6D000200C800300001000DDBCD0301839A8245009C0929,PASS,"PASS, {1: 1, 2: 1, 3: 1, 4: 1, 5: 1, 6: 1, 7: 1, 8: 1, 9: 1, 10: 1, 11: 1}","PASS, {1: 1, 2: 1, 3: 1, 4: 1, 5: 1, 6: 1, 7: 1, 8: 1, 9: 1, 10: 1}","PASS , {1: 1, 2: 1, 3: 1, 4: 1, 5: 1, 6: 1, 7: 1, 8: 1} ","PASS , {1: 1, 2: 1, 3: 1, 4: 1} ",09:17:41_07-10-25
77,74,7876,050762,"BV25412310058 , T253906132 ",FF00FFA50010600D1FD0761C01072E4F01520D6D000200C800300001000DDBCD0301839A8245009C0929,PASS,"PASS, {1: 1, 2: 1, 3: 1, 4: 1, 5: 1, 6: 1, 7: 1, 8: 1, 9: 1, 10: 1, 11: 1}","PASS, {1: 1, 2: 1, 3: 1, 4: 1, 5: 1, 6: 1, 7: 1, 8: 1, 9: 1, 10: 1}","PASS , {1: 1, 2: 1, 3: 1, 4: 1, 5: 1, 6: 1, 7: 1, 8: 1} ","PASS , {1: 1, 2: 1, 3: 1, 4: 1} ",09:18:52_07-10-25
78,75,7876,050762,"BV25412310089 , T253909354 ",FF00FFA50010600D1FD0761C01072E4F01520D6D000200C800300001000DDBCD0301839A8245009C0929,PASS,"PASS, {1: 1, 2: 1, 3: 1, 4: 1, 5: 1, 6: 1, 7: 1, 8: 1, 9: 1, 10: 1, 11: 1}","PASS, {1: 1, 2: 1, 3: 1, 4: 1, 5: 1, 6: 1, 7: 1, 8: 1, 9: 1, 10: 1}","PASS , {1: 1, 2: 1, 3: 1, 4: 1, 5: 1, 6: 1, 7: 1, 8: 1} ","PASS , {1: 1, 2: 1, 3: 1, 4: 1} ",09:20:05_07-10-25
79,76,7876,050762,"BV25412310091 , T253909352 ",FF00FFA50010600D1FD0761C01072E4F01520D6D000200C800300001000DDBCD0301839A8245009C0929,PASS,"PASS, {1: 1, 2: 1, 3: 1, 4: 1, 5: 1, 6: 1, 7: 1, 8: 1, 9: 1, 10: 1, 11: 1}","PASS, {1: 1, 2: 1, 3: 1, 4: 1, 5: 1, 6: 1, 7: 1, 8: 1, 9: 1, 10: 1}","PASS , {1: 1, 2: 1, 3: 1, 4: 1, 5: 1, 6: 1, 7: 1, 8: 1} ","PASS , {1: 1, 2: 1, 3: 1, 4: 1} ",09:21:17_07-10-25
80,77,7876,050762,"BV25412310093 , T253909344 ",FF00FFA50010600D1FD0761C01072E4F01520D6D000200C800300001000DDBCD0301839A8245009C0929,PASS,"PASS, {1: 1, 2: 1, 3: 1, 4: 1, 5: 1, 6: 1, 7: 1, 8: 1, 9: 1, 10: 1, 11: 1}","PASS, {1: 1, 2: 1, 3: 1, 4: 1, 5: 1, 6: 1, 7: 1, 8: 1, 9: 1, 10: 1}","PASS , {1: 1, 2: 1, 3: 1, 4: 1, 5: 1, 6: 1, 7: 1, 8: 1} ","PASS , {1: 1, 2: 1, 3: 1, 4: 1} ",09:22:29_07-10-25
81,78,7876,050762,"BV25412310092 , T253908492 ",FF00FFA50010600D1FD0761C01072E4F01520D6D000200C800300001000DDBCD0301839A8245009C0929,PASS,"PASS, {1: 1, 2: 1, 3: 1, 4: 1, 5: 1, 6: 1, 7: 1, 8: 1, 9: 1, 10: 1, 11: 1}","PASS, {1: 1, 2: 1, 3: 1, 4: 1, 5: 1, 6: 1, 7: 1, 8: 1, 9: 1, 10: 1}","PASS , {1: 1, 2: 1, 3: 1, 4: 1, 5: 1, 6: 1, 7: 1, 8: 1} ","PASS , {1: 1, 2: 1, 3: 1, 4: 1} ",09:23:40_07-10-25
82,79,7876,050762,"BV25412310164 , T253907739 ",FF00FFA50010600D1FD0761C01072E4F01520D6D000200C800300001000DDBCD0301839A8245009C0929,PASS,"PASS, {1: 1, 2: 1, 3: 1, 4: 1, 5: 1, 6: 1, 7: 1, 8: 1, 9: 1, 10: 1, 11: 1}","PASS, {1: 1, 2: 1, 3: 1, 4: 1, 5: 1, 6: 1, 7: 1, 8: 1, 9: 1, 10: 1}","PASS , {1: 1, 2: 1, 3: 1, 4: 1, 5: 1, 6: 1, 7: 1, 8: 1} ","PASS , {1: 1, 2: 1, 3: 1, 4: 1} ",09:24:52_07-10-25
83,80,7876,050762,"BV25412310095 , T253909475 ",FF00FFA50010600D1FD0761C01072E4F01520D6D000200C800300001000DDBCD0301839A8245009C0929,PASS,"PASS, {1: 1, 2: 1, 3: 1, 4: 1, 5: 1, 6: 1, 7: 1, 8: 1, 9: 1, 10: 1, 11: 1}","PASS, {1: 1, 2: 1, 3: 1, 4: 1, 5: 1, 6: 1, 7: 1, 8: 1, 9: 1, 10: 1}","PASS , {1: 1, 2: 1, 3: 1, 4: 1, 5: 1, 6: 1, 7: 1, 8: 1} ","PASS , {1: 1, 2: 1, 3: 1, 4: 1} ",09:26:03_07-10-25
84,81,7876,050762,"BV25412310151 , T253907731 ",FF00FFA50010600D1FD0761C01072E4F01520D6D000200C800300001000DDBCD0301839A8245009C0929,PASS,"PASS, {1: 1, 2: 1, 3: 1, 4: 1, 5: 1, 6: 1, 7: 1, 8: 1, 9: 1, 10: 1, 11: 1}","PASS, {1: 1, 2: 1, 3: 1, 4: 1, 5: 1, 6: 1, 7: 1, 8: 1, 9: 1, 10: 1}","PASS , {1: 1, 2: 1, 3: 1, 4: 1, 5: 1, 6: 1, 7: 1, 8: 1} ","PASS , {1: 1, 2: 1, 3: 1, 4: 1} ",09:27:14_07-10-25
85,82,7876,050762,"BV25412310152 , T253907730 ",FF00FFA50010600D1FD0761C01072E4F01520D6D000200C800300001000DDBCD0301839A8245009C0929,PASS,"PASS, {1: 1, 2: 1, 3: 1, 4: 1, 5: 1, 6: 1, 7: 1, 8: 1, 9: 1, 10: 1, 11: 1}","PASS, {1: 1, 2: 1, 3: 1, 4: 1, 5: 1, 6: 1, 7: 1, 8: 1, 9: 1, 10: 1}","PASS , {1: 1, 2: 1, 3: 1, 4: 1, 5: 1, 6: 1, 7: 1, 8: 1} ","PASS , {1: 1, 2: 1, 3: 1, 4: 1} ",09:28:32_07-10-25
86,83,7876,050762,"BV25412310094 , T253908480 ",FF00FFA50010600D1FD0761C01072E4F01520D6D000200C800300001000DDBCD0301839A8245009C0929,PASS,"PASS, {1: 1, 2: 1, 3: 1, 4: 1, 5: 1, 6: 1, 7: 1, 8: 1, 9: 1, 10: 1, 11: 1}","PASS, {1: 1, 2: 1, 3: 1, 4: 1, 5: 1, 6: 1, 7: 1, 8: 1, 9: 1, 10: 1}","PASS , {1: 1, 2: 1, 3: 1, 4: 1, 5: 1, 6: 1, 7: 1, 8: 1} ","PASS , {1: 1, 2: 1, 3: 1, 4: 1} ",09:41:33_07-10-25
87,84,7876,050762,"BV25412310162 , T253907740 ",FF00FFA50010600D1FD0761C01072E4F01520D6D000200C800300001000DDBCD0301839A8245009C0929,PASS,"PASS, {1: 1, 2: 1, 3: 1, 4: 1, 5: 1, 6: 1, 7: 1, 8: 1, 9: 1, 10: 1, 11: 1}","PASS, {1: 1, 2: 1, 3: 1, 4: 1, 5: 1, 6: 1, 7: 1, 8: 1, 9: 1, 10: 1}","PASS , {1: 1, 2: 1, 3: 1, 4: 1, 5: 1, 6: 1, 7: 1, 8: 1} ","PASS , {1: 1, 2: 1, 3: 1, 4: 1} ",09:42:51_07-10-25
88,85,7876,050762,"BV25412310163 , T253907737 ",FF00FFA50010600D1FD0761C01072E4F01520D6D000200C800300001000DDBCD0301839A8245009C0929,PASS,"PASS, {1: 1, 2: 1, 3: 1, 4: 1, 5: 1, 6: 1, 7: 1, 8: 1, 9: 1, 10: 1, 11: 1}","PASS, {1: 1, 2: 1, 3: 1, 4: 1, 5: 1, 6: 1, 7: 1, 8: 1, 9: 1, 10: 1}","PASS , {1: 1, 2: 1, 3: 1, 4: 1, 5: 1, 6: 1, 7: 1, 8: 1} ","PASS , {1: 1, 2: 1, 3: 1, 4: 1} ",09:44:02_07-10-25
89,86,7876,050762,"BV25412310096 , T253908491 ",FF00FFA50010600D1FD0761C01072E4F01520D6D000200C800300001000DDBCD0301839A8245009C0929,PASS,"PASS, {1: 1, 2: 1, 3: 1, 4: 1, 5: 1, 6: 1, 7: 1, 8: 1, 9: 1, 10: 1, 11: 1}","PASS, {1: 1, 2: 1, 3: 1, 4: 1, 5: 1, 6: 1, 7: 1, 8: 1, 9: 1, 10: 1}","PASS , {1: 1, 2: 1, 3: 1, 4: 1, 5: 1, 6: 1, 7: 1, 8: 1} ","PASS , {1: 1, 2: 1, 3: 1, 4: 1} ",09:45:15_07-10-25
90,87,7876,050762,"BV25412310009 , T253908987 ",FF00FFA50010600D1FD0761C01072E4F01520D6D000200C800300001000DDBCD0301839A8245009C0929,PASS,"PASS, {1: 1, 2: 1, 3: 1, 4: 1, 5: 1, 6: 1, 7: 1, 8: 1, 9: 1, 10: 1, 11: 1}","PASS, {1: 1, 2: 1, 3: 1, 4: 1, 5: 1, 6: 1, 7: 1, 8: 1, 9: 1, 10: 1}","PASS , {1: 1, 2: 1, 3: 1, 4: 1, 5: 1, 6: 1, 7: 1, 8: 1} ","PASS , {1: 1, 2: 1, 3: 1, 4: 1} ",09:46:28_07-10-25
91,88,7876,050762,"BV25412310019 , T253907591 ",FF00FFA50010600D1FD0761C01072E4F01520D6D000200C800300001000DDBCD0301839A8245009C0929,PASS,"PASS, {1: 1, 2: 1, 3: 1, 4: 1, 5: 1, 6: 1, 7: 1, 8: 1, 9: 1, 10: 1, 11: 1}","PASS, {1: 1, 2: 1, 3: 1, 4: 1, 5: 1, 6: 1, 7: 1, 8: 1, 9: 1, 10: 1}","PASS , {1: 1, 2: 1, 3: 1, 4: 1, 5: 1, 6: 1, 7: 1, 8: 1} ","PASS , {1: 1, 2: 1, 3: 1, 4: 1} ",09:47:41_07-10-25
92,89,7876,050762,"BV25412310165 , T253907733 ",FF00FFA50010600D1FD0761C01072E4F01520D6D000200C800300001000DDBCD0301839A8245009C0929,PASS,"PASS, {1: 1, 2: 1, 3: 1, 4: 1, 5: 1, 6: 1, 7: 1, 8: 1, 9: 1, 10: 1, 11: 1}","PASS, {1: 1, 2: 1, 3: 1, 4: 1, 5: 1, 6: 1, 7: 1, 8: 1, 9: 1, 10: 1}","PASS , {1: 1, 2: 1, 3: 1, 4: 1, 5: 1, 6: 1, 7: 1, 8: 1} ","PASS , {1: 1, 2: 1, 3: 1, 4: 1} ",09:49:01_07-10-25
93,90,7876,050762,"BV25412310158 , T253907748 ",FF00FFA50010600D1FD0761C01072E4F01520D6D000200C800300001000DDBCD0301839A8245009C0929,PASS,"PASS, {1: 1, 2: 1, 3: 1, 4: 1, 5: 1, 6: 1, 7: 1, 8: 1, 9: 1, 10: 1, 11: 1}","PASS, {1: 1, 2: 1, 3: 1, 4: 1, 5: 1, 6: 1, 7: 1, 8: 1, 9: 1, 10: 1}","PASS , {1: 1, 2: 1, 3: 1, 4: 1, 5: 1, 6: 1, 7: 1, 8: 1} ","PASS , {1: 1, 2: 1, 3: 1, 4: 1} ",09:50:14_07-10-25
94,91,7876,050762,"BV25412310014 , T253907578 ",FF00FFA50010600D1FD0761C01072E4F01520D6D000200C800300001000DDBCD0301839A8245009C0929,PASS,"PASS, {1: 1, 2: 1, 3: 1, 4: 1, 5: 1, 6: 1, 7: 1, 8: 1, 9: 1, 10: 1, 11: 1}","PASS, {1: 1, 2: 1, 3: 1, 4: 1, 5: 1, 6: 1, 7: 1, 8: 1, 9: 1, 10: 1}","PASS , {1: 1, 2: 1, 3: 1, 4: 1, 5: 1, 6: 1, 7: 1, 8: 1} ","PASS , {1: 1, 2: 1, 3: 1, 4: 1} ",09:51:25_07-10-25
95,92,7876,050762,"BV25412310131 , T253905089 ",FF00FFA50010600D1FD0761C01072E4F01520D6D000200C800300001000DDBCD0301839A8245009C0929,PASS,"PASS, {1: 1, 2: 1, 3: 1, 4: 1, 5: 1, 6: 1, 7: 1, 8: 1, 9: 1, 10: 1, 11: 1}","PASS, {1: 1, 2: 1, 3: 1, 4: 1, 5: 1, 6: 1, 7: 1, 8: 1, 9: 1, 10: 1}","PASS , {1: 1, 2: 1, 3: 1, 4: 1, 5: 1, 6: 1, 7: 1, 8: 1} ","PASS , {1: 1, 2: 1, 3: 1, 4: 1} ",09:52:37_07-10-25
96,93,7876,050762,"BV25412310153 , T253907717 ",FF00FFA50010600D1FD0761C01072E4F01520D6D000200C800300001000DDBCD0301839A8245009C0929,PASS,"PASS, {1: 1, 2: 1, 3: 1, 4: 1, 5: 1, 6: 1, 7: 1, 8: 1, 9: 1, 10: 1, 11: 1}","PASS, {1: 1, 2: 1, 3: 1, 4: 1, 5: 1, 6: 1, 7: 1, 8: 1, 9: 1, 10: 1}","PASS , {1: 1, 2: 1, 3: 1, 4: 1, 5: 1, 6: 1, 7: 1, 8: 1} ","PASS , {1: 1, 2: 1, 3: 1, 4: 1} ",09:53:50_07-10-25
97,94,7876,050762,"BV25412310155 , T253907715 ",FF00FFA50010600D1FD0761C01072E4F01520D6D000200C800300001000DDBCD0301839A8245009C0929,PASS,"PASS, {1: 1, 2: 1, 3: 1, 4: 1, 5: 1, 6: 1, 7: 1, 8: 1, 9: 1, 10: 1, 11: 1}","PASS, {1: 1, 2: 1, 3: 1, 4: 1, 5: 1, 6: 1, 7: 1, 8: 1, 9: 1, 10: 1}","PASS , {1: 1, 2: 1, 3: 1, 4: 1, 5: 1, 6: 1, 7: 1, 8: 1} ","PASS , {1: 1, 2: 1, 3: 1, 4: 1} ",09:55:00_07-10-25
98,95,7876,050762,"BV25412310140 , T253905091 ",FF00FFA50010600D1FD0761C01072E4F01520D6D000200C800300001000DDBCD0301839A8245009C0929,PASS,"PASS, {1: 1, 2: 1, 3: 1, 4: 1, 5: 1, 6: 1, 7: 1, 8: 1, 9: 1, 10: 1, 11: 1}","PASS, {1: 1, 2: 1, 3: 1, 4: 1, 5: 1, 6: 1, 7: 1, 8: 1, 9: 1, 10: 1}","PASS , {1: 1, 2: 1, 3: 1, 4: 1, 5: 1, 6: 1, 7: 1, 8: 1} ","PASS , {1: 1, 2: 1, 3: 1, 4: 1} ",09:56:13_07-10-25
99,96,7876,050762,"BV25412310135 , T253905095 ",FF00FFA50010600D1FD0761C01072E4F01520D6D000200C800300001000DDBCD0301839A8245009C0929,PASS,"PASS, {1: 1, 2: 1, 3: 1, 4: 1, 5: 1, 6: 1, 7: 1, 8: 1, 9: 1, 10: 1, 11: 1}","PASS, {1: 1, 2: 1, 3: 1, 4: 1, 5: 1, 6: 1, 7: 1, 8: 1, 9: 1, 10: 1}","PASS , {1: 1, 2: 1, 3: 1, 4: 1, 5: 1, 6: 1, 7: 1, 8: 1} ","PASS , {1: 1, 2: 1, 3: 1, 4: 1} ",09:57:24_07-10-25
100,97,7876,050762,"BV25412310134 , T253904985 ",FF00FFA50010600D1FD0761C01072E4F01520D6D000200C800300001000DDBCD0301839A8245009C0929,PASS,"PASS, {1: 1, 2: 1, 3: 1, 4: 1, 5: 1, 6: 1, 7: 1, 8: 1, 9: 1, 10: 1, 11: 1}","PASS, {1: 1, 2: 1, 3: 1, 4: 1, 5: 1, 6: 1, 7: 1, 8: 1, 9: 1, 10: 1}","PASS , {1: 1, 2: 1, 3: 1, 4: 1, 5: 1, 6: 1, 7: 1, 8: 1} ","PASS , {1: 1, 2: 1, 3: 1, 4: 1} ",09:58:36_07-10-25
101,98,7876,050762,"BV25412310137 , T253905086 ",FF00FFA50010600D1FD0761C01072E4F01520D6D000200C800300001000DDBCD0301839A8245009C0929,PASS,"PASS, {1: 1, 2: 1, 3: 1, 4: 1, 5: 1, 6: 1, 7: 1, 8: 1, 9: 1, 10: 1, 11: 1}","PASS, {1: 1, 2: 1, 3: 1, 4: 1, 5: 1, 6: 1, 7: 1, 8: 1, 9: 1, 10: 1}","PASS , {1: 1, 2: 1, 3: 1, 4: 1, 5: 1, 6: 1, 7: 1, 8: 1} ","PASS , {1: 1, 2: 1, 3: 1, 4: 1} ",09:59:48_07-10-25
102,99,7876,050762,"BV25412310136 , T253905088 ",FF00FFA50010600D1FD0761C01072E4F01520D6D000200C800300001000DDBCD0301839A8245009C0929,PASS,"PASS, {1: 1, 2: 1, 3: 1, 4: 1, 5: 1, 6: 1, 7: 1, 8: 1, 9: 1, 10: 1, 11: 1}","PASS, {1: 1, 2: 1, 3: 1, 4: 1, 5: 1, 6: 1, 7: 1, 8: 1, 9: 1, 10: 1}","PASS , {1: 1, 2: 1, 3: 1, 4: 1, 5: 1, 6: 1, 7: 1, 8: 1} ","PASS , {1: 1, 2: 1, 3: 1, 4: 1} ",10:00:59_07-10-25
102,99,7876,050762,"BV25412310139 , T253905094 ",FAIL,FAIL,FAIL,FAIL,FAIL,FAIL,10:01:28_07-10-25
103,100,7876,050762,"BV25412310138 , T253905093 ",FF00FFA50010600D1FD0761C01072E4F01520D6D000200C800300001000DDBCD0301839A8245009C0929,PASS,"PASS, {1: 1, 2: 1, 3: 1, 4: 1, 5: 1, 6: 1, 7: 1, 8: 1, 9: 1, 10: 1, 11: 1}","PASS, {1: 1, 2: 1, 3: 1, 4: 1, 5: 1, 6: 1, 7: 1, 8: 1, 9: 1, 10: 1}","PASS , {1: 1, 2: 1, 3: 1, 4: 1, 5: 1, 6: 1, 7: 1, 8: 1} ","PASS , {1: 1, 2: 1, 3: 1, 4: 1} ",10:02:43_07-10-25
104,101,7876,050762,"BV25412310142 , T253904977 ",FF00FFA50010600D1FD0761C01072E4F01520D6D000200C800300001000DDBCD0301839A8245009C0929,PASS,"PASS, {1: 1, 2: 1, 3: 1, 4: 1, 5: 1, 6: 1, 7: 1, 8: 1, 9: 1, 10: 1, 11: 1}","PASS, {1: 1, 2: 1, 3: 1, 4: 1, 5: 1, 6: 1, 7: 1, 8: 1, 9: 1, 10: 1}","PASS , {1: 1, 2: 1, 3: 1, 4: 1, 5: 1, 6: 1, 7: 1, 8: 1} ","PASS , {1: 1, 2: 1, 3: 1, 4: 1} ",10:03:58_07-10-25
105,102,7876,050762,"BV25412310149 , T253907734 ",FF00FFA50010600D1FD0761C01072E4F01520D6D000200C800300001000DDBCD0301839A8245009C0929,PASS,"PASS, {1: 1, 2: 1, 3: 1, 4: 1, 5: 1, 6: 1, 7: 1, 8: 1, 9: 1, 10: 1, 11: 1}","PASS, {1: 1, 2: 1, 3: 1, 4: 1, 5: 1, 6: 1, 7: 1, 8: 1, 9: 1, 10: 1}","PASS , {1: 1, 2: 1, 3: 1, 4: 1, 5: 1, 6: 1, 7: 1, 8: 1} ","PASS , {1: 1, 2: 1, 3: 1, 4: 1} ",10:05:12_07-10-25
106,103,7876,050762,"BV25412310144 , T253904973 ",FF00FFA50010600D1FD0761C01072E4F01520D6D000200C800300001000DDBCD0301839A8245009C0929,PASS,"PASS, {1: 1, 2: 1, 3: 1, 4: 1, 5: 1, 6: 1, 7: 1, 8: 1, 9: 1, 10: 1, 11: 1}","PASS, {1: 1, 2: 1, 3: 1, 4: 1, 5: 1, 6: 1, 7: 1, 8: 1, 9: 1, 10: 1}","PASS , {1: 1, 2: 1, 3: 1, 4: 1, 5: 1, 6: 1, 7: 1, 8: 1} ","PASS , {1: 1, 2: 1, 3: 1, 4: 1} ",10:06:27_07-10-25
107,104,7876,050762,"BV25412310143 , T253904975 ",FF00FFA50010600D1FD0761C01072E4F01520D6D000200C800300001000DDBCD0301839A8245009C0929,PASS,"PASS, {1: 1, 2: 1, 3: 1, 4: 1, 5: 1, 6: 1, 7: 1, 8: 1, 9: 1, 10: 1, 11: 1}","PASS, {1: 1, 2: 1, 3: 1, 4: 1, 5: 1, 6: 1, 7: 1, 8: 1, 9: 1, 10: 1}","PASS , {1: 1, 2: 1, 3: 1, 4: 1, 5: 1, 6: 1, 7: 1, 8: 1} ","PASS , {1: 1, 2: 1, 3: 1, 4: 1} ",10:07:39_07-10-25
108,105,7876,050762,"BV25412310146 , T253907725 ",FF00FFA50010600D1FD0761C01072E4F01520D6D000200C800300001000DDBCD0301839A8245009C0929,PASS,"PASS, {1: 1, 2: 1, 3: 1, 4: 1, 5: 1, 6: 1, 7: 1, 8: 1, 9: 1, 10: 1, 11: 1}","PASS, {1: 1, 2: 1, 3: 1, 4: 1, 5: 1, 6: 1, 7: 1, 8: 1, 9: 1, 10: 1}","PASS , {1: 1, 2: 1, 3: 1, 4: 1, 5: 1, 6: 1, 7: 1, 8: 1} ","PASS , {1: 1, 2: 1, 3: 1, 4: 1} ",10:08:51_07-10-25
109,106,7876,050762,"BV25412310145 , T253904983 ",FF00FFA50010600D1FD0761C01072E4F01520D6D000200C800300001000DDBCD0301839A8245009C0929,PASS,"PASS, {1: 1, 2: 1, 3: 1, 4: 1, 5: 1, 6: 1, 7: 1, 8: 1, 9: 1, 10: 1, 11: 1}","PASS, {1: 1, 2: 1, 3: 1, 4: 1, 5: 1, 6: 1, 7: 1, 8: 1, 9: 1, 10: 1}","PASS , {1: 1, 2: 1, 3: 1, 4: 1, 5: 1, 6: 1, 7: 1, 8: 1} ","PASS , {1: 1, 2: 1, 3: 1, 4: 1} ",10:10:02_07-10-25
110,107,7876,050762,"BV25412310148 , T253907716 ",FF00FFA50010600D1FD0761C01072E4F01520D6D000200C800300001000DDBCD0301839A8245009C0929,PASS,"PASS, {1: 1, 2: 1, 3: 1, 4: 1, 5: 1, 6: 1, 7: 1, 8: 1, 9: 1, 10: 1, 11: 1}","PASS, {1: 1, 2: 1, 3: 1, 4: 1, 5: 1, 6: 1, 7: 1, 8: 1, 9: 1, 10: 1}","PASS , {1: 1, 2: 1, 3: 1, 4: 1, 5: 1, 6: 1, 7: 1, 8: 1} ","PASS , {1: 1, 2: 1, 3: 1, 4: 1} ",10:11:14_07-10-25
111,108,7876,050762,"BV25412310147 , T253907718 ",FF00FFA50010600D1FD0761C01072E4F01520D6D000200C800300001000DDBCD0301839A8245009C0929,PASS,"PASS, {1: 1, 2: 1, 3: 1, 4: 1, 5: 1, 6: 1, 7: 1, 8: 1, 9: 1, 10: 1, 11: 1}","PASS, {1: 1, 2: 1, 3: 1, 4: 1, 5: 1, 6: 1, 7: 1, 8: 1, 9: 1, 10: 1}","PASS , {1: 1, 2: 1, 3: 1, 4: 1, 5: 1, 6: 1, 7: 1, 8: 1} ","PASS , {1: 1, 2: 1, 3: 1, 4: 1} ",10:12:26_07-10-25
112,109,7876,050762,"BV25412310202 , T253907243 ",FF00FFA50010600D1FD0761C0106389901508C85000100C800300001000DDBCD0301839A8245009C0A10,PASS,"PASS, {1: 1, 2: 1, 3: 1, 4: 1, 5: 1, 6: 1, 7: 1, 8: 1, 9: 1, 10: 1, 11: 1}","PASS, {1: 1, 2: 1, 3: 1, 4: 1, 5: 1, 6: 1, 7: 1, 8: 1, 9: 1, 10: 1}","PASS , {1: 1, 2: 1, 3: 1, 4: 1, 5: 1, 6: 1, 7: 1, 8: 1} ","PASS , {1: 1, 2: 1, 3: 1, 4: 1} ",10:13:40_07-10-25
113,110,7876,050762,"BV25412310201 , T253907241 ",FF00FFA50010600D1FD0761C0106389901508C85000100C800300001000DDBCD0301839A8245009C0A10,PASS,"PASS, {1: 1, 2: 1, 3: 1, 4: 1, 5: 1, 6: 1, 7: 1, 8: 1, 9: 1, 10: 1, 11: 1}","PASS, {1: 1, 2: 1, 3: 1, 4: 1, 5: 1, 6: 1, 7: 1, 8: 1, 9: 1, 10: 1}","PASS , {1: 1, 2: 1, 3: 1, 4: 1, 5: 1, 6: 1, 7: 1, 8: 1} ","PASS , {1: 1, 2: 1, 3: 1, 4: 1} ",10:14:53_07-10-25
114,111,7876,050762,"BV25412310126 , T253907500 ",FF00FFA50010600D1FD0761C01072E4F01520D6D000200C800300001000DDBCD0301839A8245009C0929,PASS,"PASS, {1: 1, 2: 1, 3: 1, 4: 1, 5: 1, 6: 1, 7: 1, 8: 1, 9: 1, 10: 1, 11: 1}","PASS, {1: 1, 2: 1, 3: 1, 4: 1, 5: 1, 6: 1, 7: 1, 8: 1, 9: 1, 10: 1}","PASS , {1: 1, 2: 1, 3: 1, 4: 1, 5: 1, 6: 1, 7: 1, 8: 1} ","PASS , {1: 1, 2: 1, 3: 1, 4: 1} ",10:16:05_07-10-25
115,112,7876,050762,"BV25412310204 , T253907242 ",FF00FFA50010600D1FD0761C0106389901508C85000100C800300001000DDBCD0301839A8245009C0A10,PASS,"PASS, {1: 1, 2: 1, 3: 1, 4: 1, 5: 1, 6: 1, 7: 1, 8: 1, 9: 1, 10: 1, 11: 1}","PASS, {1: 1, 2: 1, 3: 1, 4: 1, 5: 1, 6: 1, 7: 1, 8: 1, 9: 1, 10: 1}","PASS , {1: 1, 2: 1, 3: 1, 4: 1, 5: 1, 6: 1, 7: 1, 8: 1} ","PASS , {1: 1, 2: 1, 3: 1, 4: 1} ",10:17:17_07-10-25
116,113,7876,050762,"BV25412310203 , T253907238 ",FF00FFA50010600D1FD0761C0106389901508C85000100C800300001000DDBCD0301839A8245009C0A10,PASS,"PASS, {1: 1, 2: 1, 3: 1, 4: 1, 5: 1, 6: 1, 7: 1, 8: 1, 9: 1, 10: 1, 11: 1}","PASS, {1: 1, 2: 1, 3: 1, 4: 1, 5: 1, 6: 1, 7: 1, 8: 1, 9: 1, 10: 1}","PASS , {1: 1, 2: 1, 3: 1, 4: 1, 5: 1, 6: 1, 7: 1, 8: 1} ","PASS , {1: 1, 2: 1, 3: 1, 4: 1} ",10:18:31_07-10-25
117,114,7876,050762,"BV25412310206 , T253907540 ",FF00FFA50010600D1FD0761C0106389901508C85000100C800300001000DDBCD0301839A8245009C0A10,PASS,"PASS, {1: 1, 2: 1, 3: 1, 4: 1, 5: 1, 6: 1, 7: 1, 8: 1, 9: 1, 10: 1, 11: 1}","PASS, {1: 1, 2: 1, 3: 1, 4: 1, 5: 1, 6: 1, 7: 1, 8: 1, 9: 1, 10: 1}","PASS , {1: 1, 2: 1, 3: 1, 4: 1, 5: 1, 6: 1, 7: 1, 8: 1} ","PASS , {1: 1, 2: 1, 3: 1, 4: 1} ",10:19:47_07-10-25
118,115,7876,050762,"BV25412310205 , T253907240 ",FF00FFA50010600D1FD0761C0106389901508C85000100C800300001000DDBCD0301839A8245009C0A10,PASS,"PASS, {1: 1, 2: 1, 3: 1, 4: 1, 5: 1, 6: 1, 7: 1, 8: 1, 9: 1, 10: 1, 11: 1}","PASS, {1: 1, 2: 1, 3: 1, 4: 1, 5: 1, 6: 1, 7: 1, 8: 1, 9: 1, 10: 1}","PASS , {1: 1, 2: 1, 3: 1, 4: 1, 5: 1, 6: 1, 7: 1, 8: 1} ","PASS , {1: 1, 2: 1, 3: 1, 4: 1} ",10:21:00_07-10-25
119,116,7876,050762,"BV25412310212 , T253907253 ",FF00FFA50010600D1FD0761C0106389901508C85000100C800300001000DDBCD0301839A8245009C0A10,PASS,"PASS, {1: 1, 2: 1, 3: 1, 4: 1, 5: 1, 6: 1, 7: 1, 8: 1, 9: 1, 10: 1, 11: 1}","PASS, {1: 1, 2: 1, 3: 1, 4: 1, 5: 1, 6: 1, 7: 1, 8: 1, 9: 1, 10: 1}","PASS , {1: 1, 2: 1, 3: 1, 4: 1, 5: 1, 6: 1, 7: 1, 8: 1} ","PASS , {1: 1, 2: 1, 3: 1, 4: 1} ",10:22:11_07-10-25
120,117,7876,050762,"BV25412310213 , T253907254 ",FF00FFA50010600D1FD0761C0106389901508C85000100C800300001000DDBCD0301839A8245009C0A10,PASS,"PASS, {1: 1, 2: 1, 3: 1, 4: 1, 5: 1, 6: 1, 7: 1, 8: 1, 9: 1, 10: 1, 11: 1}","PASS, {1: 1, 2: 1, 3: 1, 4: 1, 5: 1, 6: 1, 7: 1, 8: 1, 9: 1, 10: 1}","PASS , {1: 1, 2: 1, 3: 1, 4: 1, 5: 1, 6: 1, 7: 1, 8: 1} ","PASS , {1: 1, 2: 1, 3: 1, 4: 1} ",10:23:25_07-10-25
121,118,7876,050762,"BV25412310215 , T253907250 ",FF00FFA50010600D1FD0761C0106389901508C85000100C800300001000DDBCD0301839A8245009C0A10,PASS,"PASS, {1: 1, 2: 1, 3: 1, 4: 1, 5: 1, 6: 1, 7: 1, 8: 1, 9: 1, 10: 1, 11: 1}","PASS, {1: 1, 2: 1, 3: 1, 4: 1, 5: 1, 6: 1, 7: 1, 8: 1, 9: 1, 10: 1}","PASS , {1: 1, 2: 1, 3: 1, 4: 1, 5: 1, 6: 1, 7: 1, 8: 1} ","PASS , {1: 1, 2: 1, 3: 1, 4: 1} ",10:24:39_07-10-25
122,119,7876,050762,"BV25412310214 , T253907255 ",FF00FFA50010600D1FD0761C0106389901508C85000100C800300001000DDBCD0301839A8245009C0A10,PASS,"PASS, {1: 1, 2: 1, 3: 1, 4: 1, 5: 1, 6: 1, 7: 1, 8: 1, 9: 1, 10: 1, 11: 1}","PASS, {1: 1, 2: 1, 3: 1, 4: 1, 5: 1, 6: 1, 7: 1, 8: 1, 9: 1, 10: 1}","PASS , {1: 1, 2: 1, 3: 1, 4: 1, 5: 1, 6: 1, 7: 1, 8: 1} ","PASS , {1: 1, 2: 1, 3: 1, 4: 1} ",10:25:52_07-10-25
123,120,7876,050762,"BV25412310176 , T253906003 ",FF00FFA50010600D1FD0761C0106389901508C85000100C800300001000DDBCD0301839A8245009C0A10,PASS,"PASS, {1: 1, 2: 1, 3: 1, 4: 1, 5: 1, 6: 1, 7: 1, 8: 1, 9: 1, 10: 1, 11: 1}","PASS, {1: 1, 2: 1, 3: 1, 4: 1, 5: 1, 6: 1, 7: 1, 8: 1, 9: 1, 10: 1}","PASS , {1: 1, 2: 1, 3: 1, 4: 1, 5: 1, 6: 1, 7: 1, 8: 1} ","PASS , {1: 1, 2: 1, 3: 1, 4: 1} ",10:27:03_07-10-25
124,121,7876,050762,"BV25412310217 , T253907228 ",FF00FFA50010600D1FD0761C0106389901508C85000100C800300001000DDBCD0301839A8245009C0A10,PASS,"PASS, {1: 1, 2: 1, 3: 1, 4: 1, 5: 1, 6: 1, 7: 1, 8: 1, 9: 1, 10: 1, 11: 1}","PASS, {1: 1, 2: 1, 3: 1, 4: 1, 5: 1, 6: 1, 7: 1, 8: 1, 9: 1, 10: 1}","PASS , {1: 1, 2: 1, 3: 1, 4: 1, 5: 1, 6: 1, 7: 1, 8: 1} ","PASS , {1: 1, 2: 1, 3: 1, 4: 1} ",10:28:16_07-10-25
125,122,7876,050762,"BV25412310216 , T253907227 ",FF00FFA50010600D1FD0761C0106389901508C85000100C800300001000DDBCD0301839A8245009C0A10,PASS,"PASS, {1: 1, 2: 1, 3: 1, 4: 1, 5: 1, 6: 1, 7: 1, 8: 1, 9: 1, 10: 1, 11: 1}","PASS, {1: 1, 2: 1, 3: 1, 4: 1, 5: 1, 6: 1, 7: 1, 8: 1, 9: 1, 10: 1}","PASS , {1: 1, 2: 1, 3: 1, 4: 1, 5: 1, 6: 1, 7: 1, 8: 1} ","PASS , {1: 1, 2: 1, 3: 1, 4: 1} ",10:29:33_07-10-25
126,123,7876,050762,"BV25412310208 , T253907245 ",FF00FFA50010600D1FD0761C0106389901508C85000100C800300001000DDBCD0301839A8245009C0A10,PASS,"PASS, {1: 1, 2: 1, 3: 1, 4: 1, 5: 1, 6: 1, 7: 1, 8: 1, 9: 1, 10: 1, 11: 1}","PASS, {1: 1, 2: 1, 3: 1, 4: 1, 5: 1, 6: 1, 7: 1, 8: 1, 9: 1, 10: 1}","PASS , {1: 1, 2: 1, 3: 1, 4: 1, 5: 1, 6: 1, 7: 1, 8: 1} ","PASS , {1: 1, 2: 1, 3: 1, 4: 1} ",10:30:45_07-10-25
127,124,7876,050762,"BV25412310207 , T253907541 ",FF00FFA50010600D1FD0761C0106389901508C85000100C800300001000DDBCD0301839A8245009C0A10,PASS,"PASS, {1: 1, 2: 1, 3: 1, 4: 1, 5: 1, 6: 1, 7: 1, 8: 1, 9: 1, 10: 1, 11: 1}","PASS, {1: 1, 2: 1, 3: 1, 4: 1, 5: 1, 6: 1, 7: 1, 8: 1, 9: 1, 10: 1}","PASS , {1: 1, 2: 1, 3: 1, 4: 1, 5: 1, 6: 1, 7: 1, 8: 1} ","PASS , {1: 1, 2: 1, 3: 1, 4: 1} ",10:31:56_07-10-25
128,125,7876,050762,"BV25412310220 , T253907230 ",FF00FFA50010600D1FD0761C0106389901508C85000100C800300001000DDBCD0301839A8245009C0A10,PASS,"PASS, {1: 1, 2: 1, 3: 1, 4: 1, 5: 1, 6: 1, 7: 1, 8: 1, 9: 1, 10: 1, 11: 1}","PASS, {1: 1, 2: 1, 3: 1, 4: 1, 5: 1, 6: 1, 7: 1, 8: 1, 9: 1, 10: 1}","PASS , {1: 1, 2: 1, 3: 1, 4: 1, 5: 1, 6: 1, 7: 1, 8: 1} ","PASS , {1: 1, 2: 1, 3: 1, 4: 1} ",10:33:07_07-10-25
129,126,7876,050762,"BV25412310221 , T253907226 ",FF00FFA50010600D1FD0761C0106389901508C85000100C800300001000DDBCD0301839A8245009C0A10,PASS,"PASS, {1: 1, 2: 1, 3: 1, 4: 1, 5: 1, 6: 1, 7: 1, 8: 1, 9: 1, 10: 1, 11: 1}","PASS, {1: 1, 2: 1, 3: 1, 4: 1, 5: 1, 6: 1, 7: 1, 8: 1, 9: 1, 10: 1}","PASS , {1: 1, 2: 1, 3: 1, 4: 1, 5: 1, 6: 1, 7: 1, 8: 1} ","PASS , {1: 1, 2: 1, 3: 1, 4: 1} ",10:34:17_07-10-25
130,127,7876,050762,"BV25412310222 , T253907536 ",FF00FFA50010600D1FD0761C0106389901508C85000100C800300001000DDBCD0301839A8245009C0A10,PASS,"PASS, {1: 1, 2: 1, 3: 1, 4: 1, 5: 1, 6: 1, 7: 1, 8: 1, 9: 1, 10: 1, 11: 1}","PASS, {1: 1, 2: 1, 3: 1, 4: 1, 5: 1, 6: 1, 7: 1, 8: 1, 9: 1, 10: 1}","PASS , {1: 1, 2: 1, 3: 1, 4: 1, 5: 1, 6: 1, 7: 1, 8: 1} ","PASS , {1: 1, 2: 1, 3: 1, 4: 1} ",10:35:30_07-10-25
131,128,7876,050762,"BV25412310219 , T253907539 ",FF00FFA50010600D1FD0761C0106389901508C85000100C800300001000DDBCD0301839A8245009C0A10,PASS,"PASS, {1: 1, 2: 1, 3: 1, 4: 1, 5: 1, 6: 1, 7: 1, 8: 1, 9: 1, 10: 1, 11: 1}","PASS, {1: 1, 2: 1, 3: 1, 4: 1, 5: 1, 6: 1, 7: 1, 8: 1, 9: 1, 10: 1}","PASS , {1: 1, 2: 1, 3: 1, 4: 1, 5: 1, 6: 1, 7: 1, 8: 1} ","PASS , {1: 1, 2: 1, 3: 1, 4: 1} ",10:36:43_07-10-25
132,129,7876,050762,"BV25412310189 , T253905997 ",FF00FFA50010600D1FD0761C0106389901508C85000100C800300001000DDBCD0301839A8245009C0A10,PASS,"PASS, {1: 1, 2: 1, 3: 1, 4: 1, 5: 1, 6: 1, 7: 1, 8: 1, 9: 1, 10: 1, 11: 1}","PASS, {1: 1, 2: 1, 3: 1, 4: 1, 5: 1, 6: 1, 7: 1, 8: 1, 9: 1, 10: 1}","PASS , {1: 1, 2: 1, 3: 1, 4: 1, 5: 1, 6: 1, 7: 1, 8: 1} ","PASS , {1: 1, 2: 1, 3: 1, 4: 1} ",10:37:55_07-10-25
133,130,7876,050762,"BV25412310193 , T253906001 ",FF00FFA50010600D1FD0761C0106389901508C85000100C800300001000DDBCD0301839A8245009C0A10,PASS,"PASS, {1: 1, 2: 1, 3: 1, 4: 1, 5: 1, 6: 1, 7: 1, 8: 1, 9: 1, 10: 1, 11: 1}","PASS, {1: 1, 2: 1, 3: 1, 4: 1, 5: 1, 6: 1, 7: 1, 8: 1, 9: 1, 10: 1}","PASS , {1: 1, 2: 1, 3: 1, 4: 1, 5: 1, 6: 1, 7: 1, 8: 1} ","PASS , {1: 1, 2: 1, 3: 1, 4: 1} ",10:39:06_07-10-25
134,131,7876,050762,"BV25412310191 , T253905992 ",FF00FFA50010600D1FD0761C0106389901508C85000100C800300001000DDBCD0301839A8245009C0A10,PASS,"PASS, {1: 1, 2: 1, 3: 1, 4: 1, 5: 1, 6: 1, 7: 1, 8: 1, 9: 1, 10: 1, 11: 1}","PASS, {1: 1, 2: 1, 3: 1, 4: 1, 5: 1, 6: 1, 7: 1, 8: 1, 9: 1, 10: 1}","PASS , {1: 1, 2: 1, 3: 1, 4: 1, 5: 1, 6: 1, 7: 1, 8: 1} ","PASS , {1: 1, 2: 1, 3: 1, 4: 1} ",10:40:18_07-10-25
135,132,7876,050762,"BV25412310192 , T253905999 ",FF00FFA50010600D1FD0761C0106389901508C85000100C800300001000DDBCD0301839A8245009C0A10,PASS,"PASS, {1: 1, 2: 1, 3: 1, 4: 1, 5: 1, 6: 1, 7: 1, 8: 1, 9: 1, 10: 1, 11: 1}","PASS, {1: 1, 2: 1, 3: 1, 4: 1, 5: 1, 6: 1, 7: 1, 8: 1, 9: 1, 10: 1}","PASS , {1: 1, 2: 1, 3: 1, 4: 1, 5: 1, 6: 1, 7: 1, 8: 1} ","PASS , {1: 1, 2: 1, 3: 1, 4: 1} ",10:41:32_07-10-25
136,133,7876,050762,"BV25412310182 , T253906057 ",FF00FFA50010600D1FD0761C0106389901508C85000100C800300001000DDBCD0301839A8245009C0A10,PASS,"PASS, {1: 1, 2: 1, 3: 1, 4: 1, 5: 1, 6: 1, 7: 1, 8: 1, 9: 1, 10: 1, 11: 1}","PASS, {1: 1, 2: 1, 3: 1, 4: 1, 5: 1, 6: 1, 7: 1, 8: 1, 9: 1, 10: 1}","PASS , {1: 1, 2: 1, 3: 1, 4: 1, 5: 1, 6: 1, 7: 1, 8: 1} ","PASS , {1: 1, 2: 1, 3: 1, 4: 1} ",10:42:44_07-10-25
137,134,7876,050762,"BV25412310181 , T253906058 ",FF00FFA50010600D1FD0761C0106389901508C85000100C800300001000DDBCD0301839A8245009C0A10,PASS,"PASS, {1: 1, 2: 1, 3: 1, 4: 1, 5: 1, 6: 1, 7: 1, 8: 1, 9: 1, 10: 1, 11: 1}","PASS, {1: 1, 2: 1, 3: 1, 4: 1, 5: 1, 6: 1, 7: 1, 8: 1, 9: 1, 10: 1}","PASS , {1: 1, 2: 1, 3: 1, 4: 1, 5: 1, 6: 1, 7: 1, 8: 1} ","PASS , {1: 1, 2: 1, 3: 1, 4: 1} ",10:43:57_07-10-25
138,135,7876,050762,"BV25412310180 , T253906004 ",FF00FFA50010600D1FD0761C0106389901508C85000100C800300001000DDBCD0301839A8245009C0A10,PASS,"PASS, {1: 1, 2: 1, 3: 1, 4: 1, 5: 1, 6: 1, 7: 1, 8: 1, 9: 1, 10: 1, 11: 1}","PASS, {1: 1, 2: 1, 3: 1, 4: 1, 5: 1, 6: 1, 7: 1, 8: 1, 9: 1, 10: 1}","PASS , {1: 1, 2: 1, 3: 1, 4: 1, 5: 1, 6: 1, 7: 1, 8: 1} ","PASS , {1: 1, 2: 1, 3: 1, 4: 1} ",10:45:09_07-10-25
139,136,7876,050762,"BV25412310190 , T253905995 ",FF00FFA50010600D1FD0761C0106389901508C85000100C800300001000DDBCD0301839A8245009C0A10,PASS,"PASS, {1: 1, 2: 1, 3: 1, 4: 1, 5: 1, 6: 1, 7: 1, 8: 1, 9: 1, 10: 1, 11: 1}","PASS, {1: 1, 2: 1, 3: 1, 4: 1, 5: 1, 6: 1, 7: 1, 8: 1, 9: 1, 10: 1}","PASS , {1: 1, 2: 1, 3: 1, 4: 1, 5: 1, 6: 1, 7: 1, 8: 1} ","PASS , {1: 1, 2: 1, 3: 1, 4: 1} ",10:46:19_07-10-25
140,137,7876,050762,"BV25412310226 , T253907231 ",FF00FFA50010600D1FD0761C0106389901508C85000100C800300001000DDBCD0301839A8245009C0A10,PASS,"PASS, {1: 1, 2: 1, 3: 1, 4: 1, 5: 1, 6: 1, 7: 1, 8: 1, 9: 1, 10: 1, 11: 1}","PASS, {1: 1, 2: 1, 3: 1, 4: 1, 5: 1, 6: 1, 7: 1, 8: 1, 9: 1, 10: 1}","PASS , {1: 1, 2: 1, 3: 1, 4: 1, 5: 1, 6: 1, 7: 1, 8: 1} ","PASS , {1: 1, 2: 1, 3: 1, 4: 1} ",10:47:31_07-10-25
141,138,7876,050762,"BV25412310223 , T253907537 ",FF00FFA50010600D1FD0761C0106389901508C85000100C800300001000DDBCD0301839A8245009C0A10,PASS,"PASS, {1: 1, 2: 1, 3: 1, 4: 1, 5: 1, 6: 1, 7: 1, 8: 1, 9: 1, 10: 1, 11: 1}","PASS, {1: 1, 2: 1, 3: 1, 4: 1, 5: 1, 6: 1, 7: 1, 8: 1, 9: 1, 10: 1}","PASS , {1: 1, 2: 1, 3: 1, 4: 1, 5: 1, 6: 1, 7: 1, 8: 1} ","PASS , {1: 1, 2: 1, 3: 1, 4: 1} ",10:48:45_07-10-25
142,139,7876,050762,"BV25412310200 , T253905987 ",FF00FFA50010600D1FD0761C0106389901508C85000100C800300001000DDBCD0301839A8245009C0A10,PASS,"PASS, {1: 1, 2: 1, 3: 1, 4: 1, 5: 1, 6: 1, 7: 1, 8: 1, 9: 1, 10: 1, 11: 1}","PASS, {1: 1, 2: 1, 3: 1, 4: 1, 5: 1, 6: 1, 7: 1, 8: 1, 9: 1, 10: 1}","PASS , {1: 1, 2: 1, 3: 1, 4: 1, 5: 1, 6: 1, 7: 1, 8: 1} ","PASS , {1: 1, 2: 1, 3: 1, 4: 1} ",10:50:07_07-10-25
143,140,7876,050762,"BV25412310198 , T253905985 ",FF00FFA50010600D1FD0761C0106389901508C85000100C800300001000DDBCD0301839A8245009C0A10,PASS,"PASS, {1: 1, 2: 1, 3: 1, 4: 1, 5: 1, 6: 1, 7: 1, 8: 1, 9: 1, 10: 1, 11: 1}","PASS, {1: 1, 2: 1, 3: 1, 4: 1, 5: 1, 6: 1, 7: 1, 8: 1, 9: 1, 10: 1}","PASS , {1: 1, 2: 1, 3: 1, 4: 1, 5: 1, 6: 1, 7: 1, 8: 1} ","PASS , {1: 1, 2: 1, 3: 1, 4: 1} ",10:51:23_07-10-25
144,141,7876,050762,"BV25412310199 , T253905989 ",FF00FFA50010600D1FD0761C0106389901508C85000100C800300001000DDBCD0301839A8245009C0A10,PASS,"PASS, {1: 1, 2: 1, 3: 1, 4: 1, 5: 1, 6: 1, 7: 1, 8: 1, 9: 1, 10: 1, 11: 1}","PASS, {1: 1, 2: 1, 3: 1, 4: 1, 5: 1, 6: 1, 7: 1, 8: 1, 9: 1, 10: 1}","PASS , {1: 1, 2: 1, 3: 1, 4: 1, 5: 1, 6: 1, 7: 1, 8: 1} ","PASS , {1: 1, 2: 1, 3: 1, 4: 1} ",10:52:40_07-10-25
145,142,7876,050762,"BV25412310209 , T253907247 ",FF00FFA50010600D1FD0761C0106389901508C85000100C800300001000DDBCD0301839A8245009C0A10,PASS,"PASS, {1: 1, 2: 1, 3: 1, 4: 1, 5: 1, 6: 1, 7: 1, 8: 1, 9: 1, 10: 1, 11: 1}","PASS, {1: 1, 2: 1, 3: 1, 4: 1, 5: 1, 6: 1, 7: 1, 8: 1, 9: 1, 10: 1}","PASS , {1: 1, 2: 1, 3: 1, 4: 1, 5: 1, 6: 1, 7: 1, 8: 1} ","PASS , {1: 1, 2: 1, 3: 1, 4: 1} ",10:53:54_07-10-25
146,143,7876,050762,"BV25412310127 , T253909019 ",FF00FFA50010600D1FD0761C01072E4F01520D6D000200C800300001000DDBCD0301839A8245009C0929,PASS,"PASS, {1: 1, 2: 1, 3: 1, 4: 1, 5: 1, 6: 1, 7: 1, 8: 1, 9: 1, 10: 1, 11: 1}","PASS, {1: 1, 2: 1, 3: 1, 4: 1, 5: 1, 6: 1, 7: 1, 8: 1, 9: 1, 10: 1}","PASS , {1: 1, 2: 1, 3: 1, 4: 1, 5: 1, 6: 1, 7: 1, 8: 1} ","PASS , {1: 1, 2: 1, 3: 1, 4: 1} ",10:55:19_07-10-25
147,144,7876,050762,"BV25412310150 , T253907620 ",FF00FFA50010600D1FD0761C01072E4F01520D6D000200C800300001000DDBCD0301839A8245009C0929,PASS,"PASS, {1: 1, 2: 1, 3: 1, 4: 1, 5: 1, 6: 1, 7: 1, 8: 1, 9: 1, 10: 1, 11: 1}","PASS, {1: 1, 2: 1, 3: 1, 4: 1, 5: 1, 6: 1, 7: 1, 8: 1, 9: 1, 10: 1}","PASS , {1: 1, 2: 1, 3: 1, 4: 1, 5: 1, 6: 1, 7: 1, 8: 1} ","PASS , {1: 1, 2: 1, 3: 1, 4: 1} ",10:56:31_07-10-25
148,145,7876,050762,"BV25412310156 , T253907728 ",FF00FFA50010600D1FD0761C01072E4F01520D6D000200C800300001000DDBCD0301839A8245009C0929,PASS,"PASS, {1: 1, 2: 1, 3: 1, 4: 1, 5: 1, 6: 1, 7: 1, 8: 1, 9: 1, 10: 1, 11: 1}","PASS, {1: 1, 2: 1, 3: 1, 4: 1, 5: 1, 6: 1, 7: 1, 8: 1, 9: 1, 10: 1}","PASS , {1: 1, 2: 1, 3: 1, 4: 1, 5: 1, 6: 1, 7: 1, 8: 1} ","PASS , {1: 1, 2: 1, 3: 1, 4: 1} ",10:57:43_07-10-25
149,146,7876,050762,"BV25412310179 , T253906059 ",FF00FFA50010600D1FD0761C0106389901508C85000100C800300001000DDBCD0301839A8245009C0A10,PASS,"PASS, {1: 1, 2: 1, 3: 1, 4: 1, 5: 1, 6: 1, 7: 1, 8: 1, 9: 1, 10: 1, 11: 1}","PASS, {1: 1, 2: 1, 3: 1, 4: 1, 5: 1, 6: 1, 7: 1, 8: 1, 9: 1, 10: 1}","PASS , {1: 1, 2: 1, 3: 1, 4: 1, 5: 1, 6: 1, 7: 1, 8: 1} ","PASS , {1: 1, 2: 1, 3: 1, 4: 1} ",10:58:55_07-10-25
150,147,7876,050762,"BV25412310195 , T253905998 ",FF00FFA50010600D1FD0761C0106389901508C85000100C800300001000DDBCD0301839A8245009C0A10,PASS,"PASS, {1: 1, 2: 1, 3: 1, 4: 1, 5: 1, 6: 1, 7: 1, 8: 1, 9: 1, 10: 1, 11: 1}","PASS, {1: 1, 2: 1, 3: 1, 4: 1, 5: 1, 6: 1, 7: 1, 8: 1, 9: 1, 10: 1}","PASS , {1: 1, 2: 1, 3: 1, 4: 1, 5: 1, 6: 1, 7: 1, 8: 1} ","PASS , {1: 1, 2: 1, 3: 1, 4: 1} ",11:00:11_07-10-25
151,148,7876,050762,"BV25412310194 , T253906000 ",FF00FFA50010600D1FD0761C0106389901508C85000100C800300001000DDBCD0301839A8245009C0A10,PASS,"PASS, {1: 1, 2: 1, 3: 1, 4: 1, 5: 1, 6: 1, 7: 1, 8: 1, 9: 1, 10: 1, 11: 1}","PASS, {1: 1, 2: 1, 3: 1, 4: 1, 5: 1, 6: 1, 7: 1, 8: 1, 9: 1, 10: 1}","PASS , {1: 1, 2: 1, 3: 1, 4: 1, 5: 1, 6: 1, 7: 1, 8: 1} ","PASS , {1: 1, 2: 1, 3: 1, 4: 1} ",11:01:23_07-10-25
152,149,7876,050762,"BV25412310188 , T253905991 ",FF00FFA50010600D1FD0761C0106389901508C85000100C800300001000DDBCD0301839A8245009C0A10,PASS,"PASS, {1: 1, 2: 1, 3: 1, 4: 1, 5: 1, 6: 1, 7: 1, 8: 1, 9: 1, 10: 1, 11: 1}","PASS, {1: 1, 2: 1, 3: 1, 4: 1, 5: 1, 6: 1, 7: 1, 8: 1, 9: 1, 10: 1}","PASS , {1: 1, 2: 1, 3: 1, 4: 1, 5: 1, 6: 1, 7: 1, 8: 1} ","PASS , {1: 1, 2: 1, 3: 1, 4: 1} ",11:02:46_07-10-25
153,150,7876,050762,"BV25412310187 , T253905994 ",FF00FFA50010600D1FD0761C0106389901508C85000100C800300001000DDBCD0301839A8245009C0A10,PASS,"PASS, {1: 1, 2: 1, 3: 1, 4: 1, 5: 1, 6: 1, 7: 1, 8: 1, 9: 1, 10: 1, 11: 1}","PASS, {1: 1, 2: 1, 3: 1, 4: 1, 5: 1, 6: 1, 7: 1, 8: 1, 9: 1, 10: 1}","PASS , {1: 1, 2: 1, 3: 1, 4: 1, 5: 1, 6: 1, 7: 1, 8: 1} ","PASS , {1: 1, 2: 1, 3: 1, 4: 1} ",11:04:12_07-10-25
154,151,7876,050762,"BV25412310186 , T253906002 ",FF00FFA50010600D1FD0761C0106389901508C85000100C800300001000DDBCD0301839A8245009C0A10,PASS,"PASS, {1: 1, 2: 1, 3: 1, 4: 1, 5: 1, 6: 1, 7: 1, 8: 1, 9: 1, 10: 1, 11: 1}","PASS, {1: 1, 2: 1, 3: 1, 4: 1, 5: 1, 6: 1, 7: 1, 8: 1, 9: 1, 10: 1}","PASS , {1: 1, 2: 1, 3: 1, 4: 1, 5: 1, 6: 1, 7: 1, 8: 1} ","PASS , {1: 1, 2: 1, 3: 1, 4: 1} ",11:05:25_07-10-25
155,152,7876,050762,"BV25412310185 , T253906006 ",FF00FFA50010600D1FD0761C0106389901508C85000100C800300001000DDBCD0301839A8245009C0A10,PASS,"PASS, {1: 1, 2: 1, 3: 1, 4: 1, 5: 1, 6: 1, 7: 1, 8: 1, 9: 1, 10: 1, 11: 1}","PASS, {1: 1, 2: 1, 3: 1, 4: 1, 5: 1, 6: 1, 7: 1, 8: 1, 9: 1, 10: 1}","PASS , {1: 1, 2: 1, 3: 1, 4: 1, 5: 1, 6: 1, 7: 1, 8: 1} ","PASS , {1: 1, 2: 1, 3: 1, 4: 1} ",11:06:39_07-10-25
156,153,7876,050762,"BV25412310261 , T253904971 ",FF00FFA50010600D1FD0761C0106389901508C85000100C800300001000DDBCD0301839A8245009C0A10,PASS,"PASS, {1: 1, 2: 1, 3: 1, 4: 1, 5: 1, 6: 1, 7: 1, 8: 1, 9: 1, 10: 1, 11: 1}","PASS, {1: 1, 2: 1, 3: 1, 4: 1, 5: 1, 6: 1, 7: 1, 8: 1, 9: 1, 10: 1}","PASS , {1: 1, 2: 1, 3: 1, 4: 1, 5: 1, 6: 1, 7: 1, 8: 1} ","PASS , {1: 1, 2: 1, 3: 1, 4: 1} ",11:07:52_07-10-25
157,154,7876,050762,"BV25412310258 , T253904976 ",FF00FFA50010600D1FD0761C0106389901508C85000100C800300001000DDBCD0301839A8245009C0A10,PASS,"PASS, {1: 1, 2: 1, 3: 1, 4: 1, 5: 1, 6: 1, 7: 1, 8: 1, 9: 1, 10: 1, 11: 1}","PASS, {1: 1, 2: 1, 3: 1, 4: 1, 5: 1, 6: 1, 7: 1, 8: 1, 9: 1, 10: 1}","PASS , {1: 1, 2: 1, 3: 1, 4: 1, 5: 1, 6: 1, 7: 1, 8: 1} ","PASS , {1: 1, 2: 1, 3: 1, 4: 1} ",11:09:05_07-10-25
158,155,7876,050762,"BV25412310264 , T253904963 ",FF00FFA50010600D1FD0761C0106389901508C85000100C800300001000DDBCD0301839A8245009C0A10,PASS,"PASS, {1: 1, 2: 1, 3: 1, 4: 1, 5: 1, 6: 1, 7: 1, 8: 1, 9: 1, 10: 1, 11: 1}","PASS, {1: 1, 2: 1, 3: 1, 4: 1, 5: 1, 6: 1, 7: 1, 8: 1, 9: 1, 10: 1}","PASS , {1: 1, 2: 1, 3: 1, 4: 1, 5: 1, 6: 1, 7: 1, 8: 1} ","PASS , {1: 1, 2: 1, 3: 1, 4: 1} ",11:10:16_07-10-25
159,156,7876,050762,"BV25412310250 , T253906065 ",FF00FFA50010600D1FD0761C0106389901508C85000100C800300001000DDBCD0301839A8245009C0A10,PASS,"PASS, {1: 1, 2: 1, 3: 1, 4: 1, 5: 1, 6: 1, 7: 1, 8: 1, 9: 1, 10: 1, 11: 1}","PASS, {1: 1, 2: 1, 3: 1, 4: 1, 5: 1, 6: 1, 7: 1, 8: 1, 9: 1, 10: 1}","PASS , {1: 1, 2: 1, 3: 1, 4: 1, 5: 1, 6: 1, 7: 1, 8: 1} ","PASS , {1: 1, 2: 1, 3: 1, 4: 1} ",11:11:29_07-10-25
160,157,7876,050762,"BV25412310256 , T253907205 ",FF00FFA50010600D1FD0761C0106389901508C85000100C800300001000DDBCD0301839A8245009C0A10,PASS,"PASS, {1: 1, 2: 1, 3: 1, 4: 1, 5: 1, 6: 1, 7: 1, 8: 1, 9: 1, 10: 1, 11: 1}","PASS, {1: 1, 2: 1, 3: 1, 4: 1, 5: 1, 6: 1, 7: 1, 8: 1, 9: 1, 10: 1}","PASS , {1: 1, 2: 1, 3: 1, 4: 1, 5: 1, 6: 1, 7: 1, 8: 1} ","PASS , {1: 1, 2: 1, 3: 1, 4: 1} ",11:12:41_07-10-25
161,158,7876,050762,"BV25412310260 , T253904969 ",FF00FFA50010600D1FD0761C0106389901508C85000100C800300001000DDBCD0301839A8245009C0A10,PASS,"PASS, {1: 1, 2: 1, 3: 1, 4: 1, 5: 1, 6: 1, 7: 1, 8: 1, 9: 1, 10: 1, 11: 1}","PASS, {1: 1, 2: 1, 3: 1, 4: 1, 5: 1, 6: 1, 7: 1, 8: 1, 9: 1, 10: 1}","PASS , {1: 1, 2: 1, 3: 1, 4: 1, 5: 1, 6: 1, 7: 1, 8: 1} ","PASS , {1: 1, 2: 1, 3: 1, 4: 1} ",11:13:54_07-10-25
162,159,7876,050762,"BV25412310251 , T253907203 ",FF00FFA50010600D1FD0761C0106389901508C85000100C800300001000DDBCD0301839A8245009C0A10,PASS,"PASS, {1: 1, 2: 1, 3: 1, 4: 1, 5: 1, 6: 1, 7: 1, 8: 1, 9: 1, 10: 1, 11: 1}","PASS, {1: 1, 2: 1, 3: 1, 4: 1, 5: 1, 6: 1, 7: 1, 8: 1, 9: 1, 10: 1}","PASS , {1: 1, 2: 1, 3: 1, 4: 1, 5: 1, 6: 1, 7: 1, 8: 1} ","PASS , {1: 1, 2: 1, 3: 1, 4: 1} ",11:15:07_07-10-25
163,159,7876,050762,"BV25412310263 , T253904961 ",FF00FFA50010600D1FD0761C0106389901508C85000100C800300001000DDBCD0301839A8245009C0A10,PASS,"PASS, {1: 1, 2: 1, 3: 1, 4: 1, 5: 1, 6: 1, 7: 1, 8: 1, 9: 1, 10: 1, 11: 1}","PASS, {1: 1, 2: 1, 3: 1, 4: 1, 5: 1, 6: 1, 7: 1, 8: 1, 9: 1, 10: 1}","FAIL , {1: 0, 2: 1, 3: 1, 4: 1, 5: 1, 6: 1, 7: 1, 8: 1} ","PASS , {1: 1, 2: 1, 3: 1, 4: 1} ",11:16:24_07-10-25
164,160,7876,050762,"BV25412310252 , T253907204 ",FF00FFA50010600D1FD0761C0106389901508C85000100C800300001000DDBCD0301839A8245009C0A10,PASS,"PASS, {1: 1, 2: 1, 3: 1, 4: 1, 5: 1, 6: 1, 7: 1, 8: 1, 9: 1, 10: 1, 11: 1}","PASS, {1: 1, 2: 1, 3: 1, 4: 1, 5: 1, 6: 1, 7: 1, 8: 1, 9: 1, 10: 1}","PASS , {1: 1, 2: 1, 3: 1, 4: 1, 5: 1, 6: 1, 7: 1, 8: 1} ","PASS , {1: 1, 2: 1, 3: 1, 4: 1} ",11:17:36_07-10-25
165,161,7876,050762,"BV25412310262 , T253904966 ",FF00FFA50010600D1FD0761C0106389901508C85000100C800300001000DDBCD0301839A8245009C0A10,PASS,"PASS, {1: 1, 2: 1, 3: 1, 4: 1, 5: 1, 6: 1, 7: 1, 8: 1, 9: 1, 10: 1, 11: 1}","PASS, {1: 1, 2: 1, 3: 1, 4: 1, 5: 1, 6: 1, 7: 1, 8: 1, 9: 1, 10: 1}","PASS , {1: 1, 2: 1, 3: 1, 4: 1, 5: 1, 6: 1, 7: 1, 8: 1} ","PASS , {1: 1, 2: 1, 3: 1, 4: 1} ",11:18:50_07-10-25
166,162,7876,050762,"BV25412310257 , T253904974 ",FF00FFA50010600D1FD0761C0106389901508C85000100C800300001000DDBCD0301839A8245009C0A10,PASS,"PASS, {1: 1, 2: 1, 3: 1, 4: 1, 5: 1, 6: 1, 7: 1, 8: 1, 9: 1, 10: 1, 11: 1}","PASS, {1: 1, 2: 1, 3: 1, 4: 1, 5: 1, 6: 1, 7: 1, 8: 1, 9: 1, 10: 1}","PASS , {1: 1, 2: 1, 3: 1, 4: 1, 5: 1, 6: 1, 7: 1, 8: 1} ","PASS , {1: 1, 2: 1, 3: 1, 4: 1} ",11:20:04_07-10-25
167,163,7876,050762,"BV25412310263 , T253904961 ",FF00FFA50010600D1FD0761C0106389901508C85000100C800300001000DDBCD0301839A8245009C0A10,PASS,"PASS, {1: 1, 2: 1, 3: 1, 4: 1, 5: 1, 6: 1, 7: 1, 8: 1, 9: 1, 10: 1, 11: 1}","PASS, {1: 1, 2: 1, 3: 1, 4: 1, 5: 1, 6: 1, 7: 1, 8: 1, 9: 1, 10: 1}","PASS , {1: 1, 2: 1, 3: 1, 4: 1, 5: 1, 6: 1, 7: 1, 8: 1} ","PASS , {1: 1, 2: 1, 3: 1, 4: 1} ",11:21:21_07-10-25
168,164,7876,050762,"BV25412310259 , T253904967 ",FF00FFA50010600D1FD0761C0106389901508C85000100C800300001000DDBCD0301839A8245009C0A10,PASS,"PASS, {1: 1, 2: 1, 3: 1, 4: 1, 5: 1, 6: 1, 7: 1, 8: 1, 9: 1, 10: 1, 11: 1}","PASS, {1: 1, 2: 1, 3: 1, 4: 1, 5: 1, 6: 1, 7: 1, 8: 1, 9: 1, 10: 1}","PASS , {1: 1, 2: 1, 3: 1, 4: 1, 5: 1, 6: 1, 7: 1, 8: 1} ","PASS , {1: 1, 2: 1, 3: 1, 4: 1} ",11:22:37_07-10-25
169,164,7876,050762,"BV25412310197 , T253905988 ",FF00FFA50010600D1FD0761C0106389901508C85000100C800300001000DDBCD0301839A8245009C0A10,PASS,"PASS, {1: 1, 2: 1, 3: 1, 4: 1, 5: 1, 6: 1, 7: 1, 8: 1, 9: 1, 10: 1, 11: 1}","PASS, {1: 1, 2: 1, 3: 1, 4: 1, 5: 1, 6: 1, 7: 1, 8: 1, 9: 1, 10: 1}","FAIL , {1: 0, 2: 1, 3: 1, 4: 1, 5: 1, 6: 1, 7: 1, 8: 1} ","PASS , {1: 1, 2: 1, 3: 1, 4: 1} ",11:23:53_07-10-25
170,165,7876,050762,"BV25412310211 , T253907251 ",FF00FFA50010600D1FD0761C0106389901508C85000100C800300001000DDBCD0301839A8245009C0A10,PASS,"PASS, {1: 1, 2: 1, 3: 1, 4: 1, 5: 1, 6: 1, 7: 1, 8: 1, 9: 1, 10: 1, 11: 1}","PASS, {1: 1, 2: 1, 3: 1, 4: 1, 5: 1, 6: 1, 7: 1, 8: 1, 9: 1, 10: 1}","PASS , {1: 1, 2: 1, 3: 1, 4: 1, 5: 1, 6: 1, 7: 1, 8: 1} ","PASS , {1: 1, 2: 1, 3: 1, 4: 1} ",11:25:26_07-10-25
171,166,7876,050762,"BV25412310218 , T253907538 ",FF00FFA50010600D1FD0761C0106389901508C85000100C800300001000DDBCD0301839A8245009C0A10,PASS,"PASS, {1: 1, 2: 1, 3: 1, 4: 1, 5: 1, 6: 1, 7: 1, 8: 1, 9: 1, 10: 1, 11: 1}","PASS, {1: 1, 2: 1, 3: 1, 4: 1, 5: 1, 6: 1, 7: 1, 8: 1, 9: 1, 10: 1}","PASS , {1: 1, 2: 1, 3: 1, 4: 1, 5: 1, 6: 1, 7: 1, 8: 1} ","PASS , {1: 1, 2: 1, 3: 1, 4: 1} ",11:26:39_07-10-25
172,167,7876,050762,"BV25412310196 , T253905990 ",FF00FFA50010600D1FD0761C0106389901508C85000100C800300001000DDBCD0301839A8245009C0A10,PASS,"PASS, {1: 1, 2: 1, 3: 1, 4: 1, 5: 1, 6: 1, 7: 1, 8: 1, 9: 1, 10: 1, 11: 1}","PASS, {1: 1, 2: 1, 3: 1, 4: 1, 5: 1, 6: 1, 7: 1, 8: 1, 9: 1, 10: 1}","PASS , {1: 1, 2: 1, 3: 1, 4: 1, 5: 1, 6: 1, 7: 1, 8: 1} ","PASS , {1: 1, 2: 1, 3: 1, 4: 1} ",11:27:52_07-10-25
173,168,7876,050762,"BV25412310267 , T253904979 ",FF00FFA50010600D1FD0761C0106389901508C85000100C800300001000DDBCD0301839A8245009C0A10,PASS,"PASS, {1: 1, 2: 1, 3: 1, 4: 1, 5: 1, 6: 1, 7: 1, 8: 1, 9: 1, 10: 1, 11: 1}","PASS, {1: 1, 2: 1, 3: 1, 4: 1, 5: 1, 6: 1, 7: 1, 8: 1, 9: 1, 10: 1}","PASS , {1: 1, 2: 1, 3: 1, 4: 1, 5: 1, 6: 1, 7: 1, 8: 1} ","PASS , {1: 1, 2: 1, 3: 1, 4: 1} ",11:29:03_07-10-25
174,169,7876,050762,"BV25412310265 , T253904970 ",FF00FFA50010600D1FD0761C0106389901508C85000100C800300001000DDBCD0301839A8245009C0A10,PASS,"PASS, {1: 1, 2: 1, 3: 1, 4: 1, 5: 1, 6: 1, 7: 1, 8: 1, 9: 1, 10: 1, 11: 1}","PASS, {1: 1, 2: 1, 3: 1, 4: 1, 5: 1, 6: 1, 7: 1, 8: 1, 9: 1, 10: 1}","PASS , {1: 1, 2: 1, 3: 1, 4: 1, 5: 1, 6: 1, 7: 1, 8: 1} ","PASS , {1: 1, 2: 1, 3: 1, 4: 1} ",11:30:16_07-10-25
175,169,7876,050762,"BV25412310255 , T253907207 ",FF00FFA50010600D1FD0761C0106389901508C85000100C800300001000DDBCD0301839A8245009C0A10,PASS,"PASS, {1: 1, 2: 1, 3: 1, 4: 1, 5: 1, 6: 1, 7: 1, 8: 1, 9: 1, 10: 1, 11: 1}","PASS, {1: 1, 2: 1, 3: 1, 4: 1, 5: 1, 6: 1, 7: 1, 8: 1, 9: 1, 10: 1}","FAIL , {1: 0, 2: 1, 3: 1, 4: 1, 5: 1, 6: 1, 7: 1, 8: 1} ","PASS , {1: 1, 2: 1, 3: 1, 4: 1} ",11:31:31_07-10-25
176,170,7876,050762,"BV25412310184 , T253906007 ",FF00FFA50010600D1FD0761C0106389901508C85000100C800300001000DDBCD0301839A8245009C0A10,PASS,"PASS, {1: 1, 2: 1, 3: 1, 4: 1, 5: 1, 6: 1, 7: 1, 8: 1, 9: 1, 10: 1, 11: 1}","PASS, {1: 1, 2: 1, 3: 1, 4: 1, 5: 1, 6: 1, 7: 1, 8: 1, 9: 1, 10: 1}","PASS , {1: 1, 2: 1, 3: 1, 4: 1, 5: 1, 6: 1, 7: 1, 8: 1} ","PASS , {1: 1, 2: 1, 3: 1, 4: 1} ",11:32:47_07-10-25
177,171,7876,050762,"BV25412310255 , T253907207 ",FF00FFA50010600D1FD0761C0106389901508C85000100C800300001000DDBCD0301839A8245009C0A10,PASS,"PASS, {1: 1, 2: 1, 3: 1, 4: 1, 5: 1, 6: 1, 7: 1, 8: 1, 9: 1, 10: 1, 11: 1}","PASS, {1: 1, 2: 1, 3: 1, 4: 1, 5: 1, 6: 1, 7: 1, 8: 1, 9: 1, 10: 1}","PASS , {1: 1, 2: 1, 3: 1, 4: 1, 5: 1, 6: 1, 7: 1, 8: 1} ","PASS , {1: 1, 2: 1, 3: 1, 4: 1} ",11:34:04_07-10-25
178,172,7876,050762,"BV25412310270 , T253904978 ",FF00FFA50010600D1FD0761C0106389901508C85000100C800300001000DDBCD0301839A8245009C0A10,PASS,"PASS, {1: 1, 2: 1, 3: 1, 4: 1, 5: 1, 6: 1, 7: 1, 8: 1, 9: 1, 10: 1, 11: 1}","PASS, {1: 1, 2: 1, 3: 1, 4: 1, 5: 1, 6: 1, 7: 1, 8: 1, 9: 1, 10: 1}","PASS , {1: 1, 2: 1, 3: 1, 4: 1, 5: 1, 6: 1, 7: 1, 8: 1} ","PASS , {1: 1, 2: 1, 3: 1, 4: 1} ",11:35:15_07-10-25
179,173,7876,050762,"BV25412310276 , T253906279 ",FF00FFA50010600D1FD0761C0106389901508C85000100C800300001000DDBCD0301839A8245009C0A10,PASS,"PASS, {1: 1, 2: 1, 3: 1, 4: 1, 5: 1, 6: 1, 7: 1, 8: 1, 9: 1, 10: 1, 11: 1}","PASS, {1: 1, 2: 1, 3: 1, 4: 1, 5: 1, 6: 1, 7: 1, 8: 1, 9: 1, 10: 1}","PASS , {1: 1, 2: 1, 3: 1, 4: 1, 5: 1, 6: 1, 7: 1, 8: 1} ","PASS , {1: 1, 2: 1, 3: 1, 4: 1} ",11:36:27_07-10-25
180,174,7876,050762,"BV25412310249 , T253906068 ",FF00FFA50010600D1FD0761C0106389901508C85000100C800300001000DDBCD0301839A8245009C0A10,PASS,"PASS, {1: 1, 2: 1, 3: 1, 4: 1, 5: 1, 6: 1, 7: 1, 8: 1, 9: 1, 10: 1, 11: 1}","PASS, {1: 1, 2: 1, 3: 1, 4: 1, 5: 1, 6: 1, 7: 1, 8: 1, 9: 1, 10: 1}","PASS , {1: 1, 2: 1, 3: 1, 4: 1, 5: 1, 6: 1, 7: 1, 8: 1} ","PASS , {1: 1, 2: 1, 3: 1, 4: 1} ",11:37:41_07-10-25
181,175,7876,050762,"BV25412310248 , T253906062 ",FF00FFA50010600D1FD0761C0106389901508C85000100C800300001000DDBCD0301839A8245009C0A10,PASS,"PASS, {1: 1, 2: 1, 3: 1, 4: 1, 5: 1, 6: 1, 7: 1, 8: 1, 9: 1, 10: 1, 11: 1}","PASS, {1: 1, 2: 1, 3: 1, 4: 1, 5: 1, 6: 1, 7: 1, 8: 1, 9: 1, 10: 1}","PASS , {1: 1, 2: 1, 3: 1, 4: 1, 5: 1, 6: 1, 7: 1, 8: 1} ","PASS , {1: 1, 2: 1, 3: 1, 4: 1} ",11:38:58_07-10-25
182,176,7876,050762,"BV25412310242 , T253906064 ",FF00FFA50010600D1FD0761C0106389901508C85000100C800300001000DDBCD0301839A8245009C0A10,PASS,"PASS, {1: 1, 2: 1, 3: 1, 4: 1, 5: 1, 6: 1, 7: 1, 8: 1, 9: 1, 10: 1, 11: 1}","PASS, {1: 1, 2: 1, 3: 1, 4: 1, 5: 1, 6: 1, 7: 1, 8: 1, 9: 1, 10: 1}","PASS , {1: 1, 2: 1, 3: 1, 4: 1, 5: 1, 6: 1, 7: 1, 8: 1} ","PASS , {1: 1, 2: 1, 3: 1, 4: 1} ",11:40:10_07-10-25
183,177,7876,050762,"BV25412310243 , T253906060 ",FF00FFA50010600D1FD0761C0106389901508C85000100C800300001000DDBCD0301839A8245009C0A10,PASS,"PASS, {1: 1, 2: 1, 3: 1, 4: 1, 5: 1, 6: 1, 7: 1, 8: 1, 9: 1, 10: 1, 11: 1}","PASS, {1: 1, 2: 1, 3: 1, 4: 1, 5: 1, 6: 1, 7: 1, 8: 1, 9: 1, 10: 1}","PASS , {1: 1, 2: 1, 3: 1, 4: 1, 5: 1, 6: 1, 7: 1, 8: 1} ","PASS , {1: 1, 2: 1, 3: 1, 4: 1} ",11:41:32_07-10-25
184,178,7876,050762,"BV25412310183 , T253906258 ",FF00FFA50010600D1FD0761C0106389901508C85000100C800300001000DDBCD0301839A8245009C0A10,PASS,"PASS, {1: 1, 2: 1, 3: 1, 4: 1, 5: 1, 6: 1, 7: 1, 8: 1, 9: 1, 10: 1, 11: 1}","PASS, {1: 1, 2: 1, 3: 1, 4: 1, 5: 1, 6: 1, 7: 1, 8: 1, 9: 1, 10: 1}","PASS , {1: 1, 2: 1, 3: 1, 4: 1, 5: 1, 6: 1, 7: 1, 8: 1} ","PASS , {1: 1, 2: 1, 3: 1, 4: 1} ",11:42:44_07-10-25
185,179,7876,050762,"BV25412310274 , T253906278 ",FF00FFA50010600D1FD0761C0106389901508C85000100C800300001000DDBCD0301839A8245009C0A10,PASS,"PASS, {1: 1, 2: 1, 3: 1, 4: 1, 5: 1, 6: 1, 7: 1, 8: 1, 9: 1, 10: 1, 11: 1}","PASS, {1: 1, 2: 1, 3: 1, 4: 1, 5: 1, 6: 1, 7: 1, 8: 1, 9: 1, 10: 1}","PASS , {1: 1, 2: 1, 3: 1, 4: 1, 5: 1, 6: 1, 7: 1, 8: 1} ","PASS , {1: 1, 2: 1, 3: 1, 4: 1} ",11:43:58_07-10-25
186,180,7876,050762,"BV25412310238 , T253906251 ",FF00FFA50010600D1FD0761C0106389901508C85000100C800300001000DDBCD0301839A8245009C0A10,PASS,"PASS, {1: 1, 2: 1, 3: 1, 4: 1, 5: 1, 6: 1, 7: 1, 8: 1, 9: 1, 10: 1, 11: 1}","PASS, {1: 1, 2: 1, 3: 1, 4: 1, 5: 1, 6: 1, 7: 1, 8: 1, 9: 1, 10: 1}","PASS , {1: 1, 2: 1, 3: 1, 4: 1, 5: 1, 6: 1, 7: 1, 8: 1} ","PASS , {1: 1, 2: 1, 3: 1, 4: 1} ",11:45:47_07-10-25
187,181,7876,050762,"BV25412310239 , T253906250 ",FF00FFA50010600D1FD0761C0106389901508C85000100C800300001000DDBCD0301839A8245009C0A10,PASS,"PASS, {1: 1, 2: 1, 3: 1, 4: 1, 5: 1, 6: 1, 7: 1, 8: 1, 9: 1, 10: 1, 11: 1}","PASS, {1: 1, 2: 1, 3: 1, 4: 1, 5: 1, 6: 1, 7: 1, 8: 1, 9: 1, 10: 1}","PASS , {1: 1, 2: 1, 3: 1, 4: 1, 5: 1, 6: 1, 7: 1, 8: 1} ","PASS , {1: 1, 2: 1, 3: 1, 4: 1} ",11:47:02_07-10-25
188,182,7876,050762,"BV25412310240 , T253906246 ",FF00FFA50010600D1FD0761C0106389901508C85000100C800300001000DDBCD0301839A8245009C0A10,PASS,"PASS, {1: 1, 2: 1, 3: 1, 4: 1, 5: 1, 6: 1, 7: 1, 8: 1, 9: 1, 10: 1, 11: 1}","PASS, {1: 1, 2: 1, 3: 1, 4: 1, 5: 1, 6: 1, 7: 1, 8: 1, 9: 1, 10: 1}","PASS , {1: 1, 2: 1, 3: 1, 4: 1, 5: 1, 6: 1, 7: 1, 8: 1} ","PASS , {1: 1, 2: 1, 3: 1, 4: 1} ",11:48:18_07-10-25
189,183,7876,050762,"BV25412310233 , T253905121 ",FF00FFA50010600D1FD0761C0106389901508C85000100C800300001000DDBCD0301839A8245009C0A10,PASS,"PASS, {1: 1, 2: 1, 3: 1, 4: 1, 5: 1, 6: 1, 7: 1, 8: 1, 9: 1, 10: 1, 11: 1}","PASS, {1: 1, 2: 1, 3: 1, 4: 1, 5: 1, 6: 1, 7: 1, 8: 1, 9: 1, 10: 1}","PASS , {1: 1, 2: 1, 3: 1, 4: 1, 5: 1, 6: 1, 7: 1, 8: 1} ","PASS , {1: 1, 2: 1, 3: 1, 4: 1} ",11:49:34_07-10-25
190,184,7876,050762,"BV25412310225 , T253905116 ",FF00FFA50010600D1FD0761C0106389901508C85000100C800300001000DDBCD0301839A8245009C0A10,PASS,"PASS, {1: 1, 2: 1, 3: 1, 4: 1, 5: 1, 6: 1, 7: 1, 8: 1, 9: 1, 10: 1, 11: 1}","PASS, {1: 1, 2: 1, 3: 1, 4: 1, 5: 1, 6: 1, 7: 1, 8: 1, 9: 1, 10: 1}","PASS , {1: 1, 2: 1, 3: 1, 4: 1, 5: 1, 6: 1, 7: 1, 8: 1} ","PASS , {1: 1, 2: 1, 3: 1, 4: 1} ",11:50:45_07-10-25
191,184,7876,050762,"BV25412310229 , T253905117 ",FF00FFA50010600D1FD0761C0106389901508C85000100C800300001000DDBCD0301839A8245009C0A10,PASS,"PASS, {1: 1, 2: 1, 3: 1, 4: 1, 5: 1, 6: 1, 7: 1, 8: 1, 9: 1, 10: 1, 11: 1}","PASS, {1: 1, 2: 1, 3: 1, 4: 1, 5: 1, 6: 1, 7: 1, 8: 1, 9: 1, 10: 1}","FAIL , {1: 1, 2: 1, 3: 1, 4: 1, 5: 1, 6: 0, 7: 1, 8: 1} ","PASS , {1: 1, 2: 1, 3: 1, 4: 1} ",11:52:04_07-10-25
192,185,7876,050762,"BV25412310228 , T253905114 ",FF00FFA50010600D1FD0761C0106389901508C85000100C800300001000DDBCD0301839A8245009C0A10,PASS,"PASS, {1: 1, 2: 1, 3: 1, 4: 1, 5: 1, 6: 1, 7: 1, 8: 1, 9: 1, 10: 1, 11: 1}","PASS, {1: 1, 2: 1, 3: 1, 4: 1, 5: 1, 6: 1, 7: 1, 8: 1, 9: 1, 10: 1}","PASS , {1: 1, 2: 1, 3: 1, 4: 1, 5: 1, 6: 1, 7: 1, 8: 1} ","PASS , {1: 1, 2: 1, 3: 1, 4: 1} ",11:53:16_07-10-25
193,186,7876,050762,"BV25412310311 , T253906401 ",FF00FFA50010600D1FD0761C0106389901508C85000100C800300001000DDBCD0301839A8245009C0A10,PASS,"PASS, {1: 1, 2: 1, 3: 1, 4: 1, 5: 1, 6: 1, 7: 1, 8: 1, 9: 1, 10: 1, 11: 1}","PASS, {1: 1, 2: 1, 3: 1, 4: 1, 5: 1, 6: 1, 7: 1, 8: 1, 9: 1, 10: 1}","PASS , {1: 1, 2: 1, 3: 1, 4: 1, 5: 1, 6: 1, 7: 1, 8: 1} ","PASS , {1: 1, 2: 1, 3: 1, 4: 1} ",11:54:31_07-10-25
194,187,7876,050762,"BV25412310307 , T253906405 ",FF00FFA50010600D1FD0761C0106389901508C85000100C800300001000DDBCD0301839A8245009C0A10,PASS,"PASS, {1: 1, 2: 1, 3: 1, 4: 1, 5: 1, 6: 1, 7: 1, 8: 1, 9: 1, 10: 1, 11: 1}","PASS, {1: 1, 2: 1, 3: 1, 4: 1, 5: 1, 6: 1, 7: 1, 8: 1, 9: 1, 10: 1}","PASS , {1: 1, 2: 1, 3: 1, 4: 1, 5: 1, 6: 1, 7: 1, 8: 1} ","PASS , {1: 1, 2: 1, 3: 1, 4: 1} ",11:55:43_07-10-25
195,188,7876,050762,"BV25412310254 , T253907202 ",FF00FFA50010600D1FD0761C0106389901508C85000100C800300001000DDBCD0301839A8245009C0A10,PASS,"PASS, {1: 1, 2: 1, 3: 1, 4: 1, 5: 1, 6: 1, 7: 1, 8: 1, 9: 1, 10: 1, 11: 1}","PASS, {1: 1, 2: 1, 3: 1, 4: 1, 5: 1, 6: 1, 7: 1, 8: 1, 9: 1, 10: 1}","PASS , {1: 1, 2: 1, 3: 1, 4: 1, 5: 1, 6: 1, 7: 1, 8: 1} ","PASS , {1: 1, 2: 1, 3: 1, 4: 1} ",11:57:04_07-10-25
196,189,7876,050762,"BV25412310234 , T253905122 ",FF00FFA50010600D1FD0761C0106389901508C85000100C800300001000DDBCD0301839A8245009C0A10,PASS,"PASS, {1: 1, 2: 1, 3: 1, 4: 1, 5: 1, 6: 1, 7: 1, 8: 1, 9: 1, 10: 1, 11: 1}","PASS, {1: 1, 2: 1, 3: 1, 4: 1, 5: 1, 6: 1, 7: 1, 8: 1, 9: 1, 10: 1}","PASS , {1: 1, 2: 1, 3: 1, 4: 1, 5: 1, 6: 1, 7: 1, 8: 1} ","PASS , {1: 1, 2: 1, 3: 1, 4: 1} ",11:58:17_07-10-25
197,190,7876,050762,"BV25412310235 , T253906248 ",FF00FFA50010600D1FD0761C0106389901508C85000100C800300001000DDBCD0301839A8245009C0A10,PASS,"PASS, {1: 1, 2: 1, 3: 1, 4: 1, 5: 1, 6: 1, 7: 1, 8: 1, 9: 1, 10: 1, 11: 1}","PASS, {1: 1, 2: 1, 3: 1, 4: 1, 5: 1, 6: 1, 7: 1, 8: 1, 9: 1, 10: 1}","PASS , {1: 1, 2: 1, 3: 1, 4: 1, 5: 1, 6: 1, 7: 1, 8: 1} ","PASS , {1: 1, 2: 1, 3: 1, 4: 1} ",11:59:28_07-10-25
198,191,7876,050762,"BV25412310154 , T253907727 ",FF00FFA50010600D1FD0761C01072E4F01520D6D000200C800300001000DDBCD0301839A8245009C0929,PASS,"PASS, {1: 1, 2: 1, 3: 1, 4: 1, 5: 1, 6: 1, 7: 1, 8: 1, 9: 1, 10: 1, 11: 1}","PASS, {1: 1, 2: 1, 3: 1, 4: 1, 5: 1, 6: 1, 7: 1, 8: 1, 9: 1, 10: 1}","PASS , {1: 1, 2: 1, 3: 1, 4: 1, 5: 1, 6: 1, 7: 1, 8: 1} ","PASS , {1: 1, 2: 1, 3: 1, 4: 1} ",12:00:38_07-10-25
199,192,7876,050762,"BV25412310177 , T253906008 ",FF00FFA50010600D1FD0761C0106389901508C85000100C800300001000DDBCD0301839A8245009C0A10,PASS,"PASS, {1: 1, 2: 1, 3: 1, 4: 1, 5: 1, 6: 1, 7: 1, 8: 1, 9: 1, 10: 1, 11: 1}","PASS, {1: 1, 2: 1, 3: 1, 4: 1, 5: 1, 6: 1, 7: 1, 8: 1, 9: 1, 10: 1}","PASS , {1: 1, 2: 1, 3: 1, 4: 1, 5: 1, 6: 1, 7: 1, 8: 1} ","PASS , {1: 1, 2: 1, 3: 1, 4: 1} ",12:01:50_07-10-25
200,193,7876,050762,"BV25412310178 , T253906005 ",FF00FFA50010600D1FD0761C0106389901508C85000100C800300001000DDBCD0301839A8245009C0A10,PASS,"PASS, {1: 1, 2: 1, 3: 1, 4: 1, 5: 1, 6: 1, 7: 1, 8: 1, 9: 1, 10: 1, 11: 1}","PASS, {1: 1, 2: 1, 3: 1, 4: 1, 5: 1, 6: 1, 7: 1, 8: 1, 9: 1, 10: 1}","PASS , {1: 1, 2: 1, 3: 1, 4: 1, 5: 1, 6: 1, 7: 1, 8: 1} ","PASS , {1: 1, 2: 1, 3: 1, 4: 1} ",12:03:01_07-10-25
201,194,7876,050762,"BV25412310160 , T253907726 ",FF00FFA50010600D1FD0761C01072E4F01520D6D000200C800300001000DDBCD0301839A8245009C0929,PASS,"PASS, {1: 1, 2: 1, 3: 1, 4: 1, 5: 1, 6: 1, 7: 1, 8: 1, 9: 1, 10: 1, 11: 1}","PASS, {1: 1, 2: 1, 3: 1, 4: 1, 5: 1, 6: 1, 7: 1, 8: 1, 9: 1, 10: 1}","PASS , {1: 1, 2: 1, 3: 1, 4: 1, 5: 1, 6: 1, 7: 1, 8: 1} ","PASS , {1: 1, 2: 1, 3: 1, 4: 1} ",12:04:12_07-10-25
202,195,7876,050762,"BV25412310224 , T253907229 ",FF00FFA50010600D1FD0761C0106389901508C85000100C800300001000DDBCD0301839A8245009C0A10,PASS,"PASS, {1: 1, 2: 1, 3: 1, 4: 1, 5: 1, 6: 1, 7: 1, 8: 1, 9: 1, 10: 1, 11: 1}","PASS, {1: 1, 2: 1, 3: 1, 4: 1, 5: 1, 6: 1, 7: 1, 8: 1, 9: 1, 10: 1}","PASS , {1: 1, 2: 1, 3: 1, 4: 1, 5: 1, 6: 1, 7: 1, 8: 1} ","PASS , {1: 1, 2: 1, 3: 1, 4: 1} ",12:05:23_07-10-25
203,196,7876,050762,"BV25412310159 , T253907714 ",FF00FFA50010600D1FD0761C01072E4F01520D6D000200C800300001000DDBCD0301839A8245009C0929,PASS,"PASS, {1: 1, 2: 1, 3: 1, 4: 1, 5: 1, 6: 1, 7: 1, 8: 1, 9: 1, 10: 1, 11: 1}","PASS, {1: 1, 2: 1, 3: 1, 4: 1, 5: 1, 6: 1, 7: 1, 8: 1, 9: 1, 10: 1}","PASS , {1: 1, 2: 1, 3: 1, 4: 1, 5: 1, 6: 1, 7: 1, 8: 1} ","PASS , {1: 1, 2: 1, 3: 1, 4: 1} ",12:06:34_07-10-25
204,197,7876,050762,"BV25412310161 , T253907729 ",FF00FFA50010600D1FD0761C01072E4F01520D6D000200C800300001000DDBCD0301839A8245009C0929,PASS,"PASS, {1: 1, 2: 1, 3: 1, 4: 1, 5: 1, 6: 1, 7: 1, 8: 1, 9: 1, 10: 1, 11: 1}","PASS, {1: 1, 2: 1, 3: 1, 4: 1, 5: 1, 6: 1, 7: 1, 8: 1, 9: 1, 10: 1}","PASS , {1: 1, 2: 1, 3: 1, 4: 1, 5: 1, 6: 1, 7: 1, 8: 1} ","PASS , {1: 1, 2: 1, 3: 1, 4: 1} ",12:07:47_07-10-25
205,198,7876,050762,"BV25412310253 , T253907206 ",FF00FFA50010600D1FD0761C0106389901508C85000100C800300001000DDBCD0301839A8245009C0A10,PASS,"PASS, {1: 1, 2: 1, 3: 1, 4: 1, 5: 1, 6: 1, 7: 1, 8: 1, 9: 1, 10: 1, 11: 1}","PASS, {1: 1, 2: 1, 3: 1, 4: 1, 5: 1, 6: 1, 7: 1, 8: 1, 9: 1, 10: 1}","PASS , {1: 1, 2: 1, 3: 1, 4: 1, 5: 1, 6: 1, 7: 1, 8: 1} ","PASS , {1: 1, 2: 1, 3: 1, 4: 1} ",12:09:05_07-10-25
206,199,7876,050762,"BV25412310323 , T253905104 ",FF00FFA50010600D1FD0761C0106389901508C85000100C800300001000DDBCD0301839A8245009C0A10,PASS,"PASS, {1: 1, 2: 1, 3: 1, 4: 1, 5: 1, 6: 1, 7: 1, 8: 1, 9: 1, 10: 1, 11: 1}","PASS, {1: 1, 2: 1, 3: 1, 4: 1, 5: 1, 6: 1, 7: 1, 8: 1, 9: 1, 10: 1}","PASS , {1: 1, 2: 1, 3: 1, 4: 1, 5: 1, 6: 1, 7: 1, 8: 1} ","PASS , {1: 1, 2: 1, 3: 1, 4: 1} ",12:10:16_07-10-25
207,200,7876,050762,"BV25412310128 , T253909011 ",FF00FFA50010600D1FD0761C01072E4F01520D6D000200C800300001000DDBCD0301839A8245009C0929,PASS,"PASS, {1: 1, 2: 1, 3: 1, 4: 1, 5: 1, 6: 1, 7: 1, 8: 1, 9: 1, 10: 1, 11: 1}","PASS, {1: 1, 2: 1, 3: 1, 4: 1, 5: 1, 6: 1, 7: 1, 8: 1, 9: 1, 10: 1}","PASS , {1: 1, 2: 1, 3: 1, 4: 1, 5: 1, 6: 1, 7: 1, 8: 1} ","PASS , {1: 1, 2: 1, 3: 1, 4: 1} ",12:11:28_07-10-25
208,201,7876,050762,"BV25412310318 , T253906357 ",FF00FFA50010600D1FD0761C0106389901508C85000100C800300001000DDBCD0301839A8245009C0A10,PASS,"PASS, {1: 1, 2: 1, 3: 1, 4: 1, 5: 1, 6: 1, 7: 1, 8: 1, 9: 1, 10: 1, 11: 1}","PASS, {1: 1, 2: 1, 3: 1, 4: 1, 5: 1, 6: 1, 7: 1, 8: 1, 9: 1, 10: 1}","PASS , {1: 1, 2: 1, 3: 1, 4: 1, 5: 1, 6: 1, 7: 1, 8: 1} ","PASS , {1: 1, 2: 1, 3: 1, 4: 1} ",12:12:40_07-10-25
209,202,7876,050762,"BV25412310166 , T253907736 ",FF00FFA50010600D1FD0761C01072E4F01520D6D000200C800300001000DDBCD0301839A8245009C0929,PASS,"PASS, {1: 1, 2: 1, 3: 1, 4: 1, 5: 1, 6: 1, 7: 1, 8: 1, 9: 1, 10: 1, 11: 1}","PASS, {1: 1, 2: 1, 3: 1, 4: 1, 5: 1, 6: 1, 7: 1, 8: 1, 9: 1, 10: 1}","PASS , {1: 1, 2: 1, 3: 1, 4: 1, 5: 1, 6: 1, 7: 1, 8: 1} ","PASS , {1: 1, 2: 1, 3: 1, 4: 1} ",12:13:53_07-10-25
210,203,7876,050762,"BV25412310317 , T253906393 ",FF00FFA50010600D1FD0761C0106389901508C85000100C800300001000DDBCD0301839A8245009C0A10,PASS,"PASS, {1: 1, 2: 1, 3: 1, 4: 1, 5: 1, 6: 1, 7: 1, 8: 1, 9: 1, 10: 1, 11: 1}","PASS, {1: 1, 2: 1, 3: 1, 4: 1, 5: 1, 6: 1, 7: 1, 8: 1, 9: 1, 10: 1}","PASS , {1: 1, 2: 1, 3: 1, 4: 1, 5: 1, 6: 1, 7: 1, 8: 1} ","PASS , {1: 1, 2: 1, 3: 1, 4: 1} ",12:15:09_07-10-25
211,204,7876,050762,"BV25412310319 , T253906254 ",FF00FFA50010600D1FD0761C0106389901508C85000100C800300001000DDBCD0301839A8245009C0A10,PASS,"PASS, {1: 1, 2: 1, 3: 1, 4: 1, 5: 1, 6: 1, 7: 1, 8: 1, 9: 1, 10: 1, 11: 1}","PASS, {1: 1, 2: 1, 3: 1, 4: 1, 5: 1, 6: 1, 7: 1, 8: 1, 9: 1, 10: 1}","PASS , {1: 1, 2: 1, 3: 1, 4: 1, 5: 1, 6: 1, 7: 1, 8: 1} ","PASS , {1: 1, 2: 1, 3: 1, 4: 1} ",12:16:20_07-10-25
212,205,7876,050762,"BV25412310313 , T253906389 ",FF00FFA50010600D1FD0761C0106389901508C85000100C800300001000DDBCD0301839A8245009C0A10,PASS,"PASS, {1: 1, 2: 1, 3: 1, 4: 1, 5: 1, 6: 1, 7: 1, 8: 1, 9: 1, 10: 1, 11: 1}","PASS, {1: 1, 2: 1, 3: 1, 4: 1, 5: 1, 6: 1, 7: 1, 8: 1, 9: 1, 10: 1}","PASS , {1: 1, 2: 1, 3: 1, 4: 1, 5: 1, 6: 1, 7: 1, 8: 1} ","PASS , {1: 1, 2: 1, 3: 1, 4: 1} ",12:17:31_07-10-25
213,206,7876,050762,"BV25412310314 , T253906404 ",FF00FFA50010600D1FD0761C0106389901508C85000100C800300001000DDBCD0301839A8245009C0A10,PASS,"PASS, {1: 1, 2: 1, 3: 1, 4: 1, 5: 1, 6: 1, 7: 1, 8: 1, 9: 1, 10: 1, 11: 1}","PASS, {1: 1, 2: 1, 3: 1, 4: 1, 5: 1, 6: 1, 7: 1, 8: 1, 9: 1, 10: 1}","PASS , {1: 1, 2: 1, 3: 1, 4: 1, 5: 1, 6: 1, 7: 1, 8: 1} ","PASS , {1: 1, 2: 1, 3: 1, 4: 1} ",12:18:43_07-10-25
214,207,7876,050762,"BV25412310310 , T253906371 ",FF00FFA50010600D1FD0761C0106389901508C85000100C800300001000DDBCD0301839A8245009C0A10,PASS,"PASS, {1: 1, 2: 1, 3: 1, 4: 1, 5: 1, 6: 1, 7: 1, 8: 1, 9: 1, 10: 1, 11: 1}","PASS, {1: 1, 2: 1, 3: 1, 4: 1, 5: 1, 6: 1, 7: 1, 8: 1, 9: 1, 10: 1}","PASS , {1: 1, 2: 1, 3: 1, 4: 1, 5: 1, 6: 1, 7: 1, 8: 1} ","PASS , {1: 1, 2: 1, 3: 1, 4: 1} ",12:19:57_07-10-25
215,208,7876,050762,"BV25412310309 , T253906403 ",FF00FFA50010600D1FD0761C0106389901508C85000100C800300001000DDBCD0301839A8245009C0A10,PASS,"PASS, {1: 1, 2: 1, 3: 1, 4: 1, 5: 1, 6: 1, 7: 1, 8: 1, 9: 1, 10: 1, 11: 1}","PASS, {1: 1, 2: 1, 3: 1, 4: 1, 5: 1, 6: 1, 7: 1, 8: 1, 9: 1, 10: 1}","PASS , {1: 1, 2: 1, 3: 1, 4: 1, 5: 1, 6: 1, 7: 1, 8: 1} ","PASS , {1: 1, 2: 1, 3: 1, 4: 1} ",12:21:11_07-10-25
216,209,7876,050762,"BV25412310312 , T253906364 ",FF00FFA50010600D1FD0761C0106389901508C85000100C800300001000DDBCD0301839A8245009C0A10,PASS,"PASS, {1: 1, 2: 1, 3: 1, 4: 1, 5: 1, 6: 1, 7: 1, 8: 1, 9: 1, 10: 1, 11: 1}","PASS, {1: 1, 2: 1, 3: 1, 4: 1, 5: 1, 6: 1, 7: 1, 8: 1, 9: 1, 10: 1}","PASS , {1: 1, 2: 1, 3: 1, 4: 1, 5: 1, 6: 1, 7: 1, 8: 1} ","PASS , {1: 1, 2: 1, 3: 1, 4: 1} ",12:22:22_07-10-25
217,210,7876,050762,"BV25412310306 , T253906365 ",FF00FFA50010600D1FD0761C0106389901508C85000100C800300001000DDBCD0301839A8245009C0A10,PASS,"PASS, {1: 1, 2: 1, 3: 1, 4: 1, 5: 1, 6: 1, 7: 1, 8: 1, 9: 1, 10: 1, 11: 1}","PASS, {1: 1, 2: 1, 3: 1, 4: 1, 5: 1, 6: 1, 7: 1, 8: 1, 9: 1, 10: 1}","PASS , {1: 1, 2: 1, 3: 1, 4: 1, 5: 1, 6: 1, 7: 1, 8: 1} ","PASS , {1: 1, 2: 1, 3: 1, 4: 1} ",12:23:33_07-10-25
218,211,7876,050762,"BV25412310308 , T253906372 ",FF00FFA50010600D1FD0761C0106389901508C85000100C800300001000DDBCD0301839A8245009C0A10,PASS,"PASS, {1: 1, 2: 1, 3: 1, 4: 1, 5: 1, 6: 1, 7: 1, 8: 1, 9: 1, 10: 1, 11: 1}","PASS, {1: 1, 2: 1, 3: 1, 4: 1, 5: 1, 6: 1, 7: 1, 8: 1, 9: 1, 10: 1}","PASS , {1: 1, 2: 1, 3: 1, 4: 1, 5: 1, 6: 1, 7: 1, 8: 1} ","PASS , {1: 1, 2: 1, 3: 1, 4: 1} ",12:24:56_07-10-25
219,212,7876,050762,"BV25412310304 , T253906366 ",FF00FFA50010600D1FD0761C0106389901508C85000100C800300001000DDBCD0301839A8245009C0A10,PASS,"PASS, {1: 1, 2: 1, 3: 1, 4: 1, 5: 1, 6: 1, 7: 1, 8: 1, 9: 1, 10: 1, 11: 1}","PASS, {1: 1, 2: 1, 3: 1, 4: 1, 5: 1, 6: 1, 7: 1, 8: 1, 9: 1, 10: 1}","PASS , {1: 1, 2: 1, 3: 1, 4: 1, 5: 1, 6: 1, 7: 1, 8: 1} ","PASS , {1: 1, 2: 1, 3: 1, 4: 1} ",12:26:13_07-10-25
220,213,7876,050762,"BV25412310301 , T253907601 ",FF00FFA50010600D1FD0761C0106389901508C85000100C800300001000DDBCD0301839A8245009C0A10,PASS,"PASS, {1: 1, 2: 1, 3: 1, 4: 1, 5: 1, 6: 1, 7: 1, 8: 1, 9: 1, 10: 1, 11: 1}","PASS, {1: 1, 2: 1, 3: 1, 4: 1, 5: 1, 6: 1, 7: 1, 8: 1, 9: 1, 10: 1}","PASS , {1: 1, 2: 1, 3: 1, 4: 1, 5: 1, 6: 1, 7: 1, 8: 1} ","PASS , {1: 1, 2: 1, 3: 1, 4: 1} ",12:27:24_07-10-25
221,214,7876,050762,"BV25412310302 , T253906375 ",FF00FFA50010600D1FD0761C0106389901508C85000100C800300001000DDBCD0301839A8245009C0A10,PASS,"PASS, {1: 1, 2: 1, 3: 1, 4: 1, 5: 1, 6: 1, 7: 1, 8: 1, 9: 1, 10: 1, 11: 1}","PASS, {1: 1, 2: 1, 3: 1, 4: 1, 5: 1, 6: 1, 7: 1, 8: 1, 9: 1, 10: 1}","PASS , {1: 1, 2: 1, 3: 1, 4: 1, 5: 1, 6: 1, 7: 1, 8: 1} ","PASS , {1: 1, 2: 1, 3: 1, 4: 1} ",12:28:35_07-10-25
222,215,7876,050762,"BV25412310305 , T253906373 ",FF00FFA50010600D1FD0761C0106389901508C85000100C800300001000DDBCD0301839A8245009C0A10,PASS,"PASS, {1: 1, 2: 1, 3: 1, 4: 1, 5: 1, 6: 1, 7: 1, 8: 1, 9: 1, 10: 1, 11: 1}","PASS, {1: 1, 2: 1, 3: 1, 4: 1, 5: 1, 6: 1, 7: 1, 8: 1, 9: 1, 10: 1}","PASS , {1: 1, 2: 1, 3: 1, 4: 1, 5: 1, 6: 1, 7: 1, 8: 1} ","PASS , {1: 1, 2: 1, 3: 1, 4: 1} ",12:29:49_07-10-25
223,216,7876,050762,"BV25412310349 , T253907613 ",FF00FFA50010600D1FD0761C0106389901508C85000100C800300001000DDBCD0301839A8245009C0A10,PASS,"PASS, {1: 1, 2: 1, 3: 1, 4: 1, 5: 1, 6: 1, 7: 1, 8: 1, 9: 1, 10: 1, 11: 1}","PASS, {1: 1, 2: 1, 3: 1, 4: 1, 5: 1, 6: 1, 7: 1, 8: 1, 9: 1, 10: 1}","PASS , {1: 1, 2: 1, 3: 1, 4: 1, 5: 1, 6: 1, 7: 1, 8: 1} ","PASS , {1: 1, 2: 1, 3: 1, 4: 1} ",12:31:01_07-10-25
224,217,7876,050762,"BV25412310273 , T253906056 ",FF00FFA50010600D1FD0761C0106389901508C85000100C800300001000DDBCD0301839A8245009C0A10,PASS,"PASS, {1: 1, 2: 1, 3: 1, 4: 1, 5: 1, 6: 1, 7: 1, 8: 1, 9: 1, 10: 1, 11: 1}","PASS, {1: 1, 2: 1, 3: 1, 4: 1, 5: 1, 6: 1, 7: 1, 8: 1, 9: 1, 10: 1}","PASS , {1: 1, 2: 1, 3: 1, 4: 1, 5: 1, 6: 1, 7: 1, 8: 1} ","PASS , {1: 1, 2: 1, 3: 1, 4: 1} ",12:32:12_07-10-25
225,218,7876,050762,"BV25412310282 , T253906290 ",FF00FFA50010600D1FD0761C0106389901508C85000100C800300001000DDBCD0301839A8245009C0A10,PASS,"PASS, {1: 1, 2: 1, 3: 1, 4: 1, 5: 1, 6: 1, 7: 1, 8: 1, 9: 1, 10: 1, 11: 1}","PASS, {1: 1, 2: 1, 3: 1, 4: 1, 5: 1, 6: 1, 7: 1, 8: 1, 9: 1, 10: 1}","PASS , {1: 1, 2: 1, 3: 1, 4: 1, 5: 1, 6: 1, 7: 1, 8: 1} ","PASS , {1: 1, 2: 1, 3: 1, 4: 1} ",12:33:24_07-10-25
226,218,7876,050762,"BV25412310229 , T253905117 ",FF00FFA50010600D1FD0761C0106389901508C85000100C800300001000DDBCD0301839A8245009C0A10,PASS,"FAIL, {1: 1, 2: 1, 3: 1, 4: 1, 5: 1, 6: 1, 7: 1, 8: 0, 9: 1, 10: 1, 11: 1}","PASS, {1: 1, 2: 1, 3: 1, 4: 1, 5: 1, 6: 1, 7: 1, 8: 1, 9: 1, 10: 1}","PASS , {1: 1, 2: 1, 3: 1, 4: 1, 5: 1, 6: 1, 7: 1, 8: 1} ","PASS , {1: 1, 2: 1, 3: 1, 4: 1} ",12:34:38_07-10-25
227,218,7876,050762,"BV25412310284 , T253906293 ",FF00FFA50010600D1FD0761C0106389901508C85000100C800300001000DDBCD0301839A8245009C0A10,PASS,"PASS, {1: 1, 2: 1, 3: 1, 4: 1, 5: 1, 6: 1, 7: 1, 8: 1, 9: 1, 10: 1, 11: 1}","PASS, {1: 1, 2: 1, 3: 1, 4: 1, 5: 1, 6: 1, 7: 1, 8: 1, 9: 1, 10: 1}","FAIL , {} ","PASS , {1: 1, 2: 1, 3: 1, 4: 1} ",12:35:36_07-10-25
228,219,7876,050762,"BV25412310284 , T253906293 ",FF00FFA50010600D1FD0761C0106389901508C85000100C800300001000DDBCD0301839A8245009C0A10,PASS,"PASS, {1: 1, 2: 1, 3: 1, 4: 1, 5: 1, 6: 1, 7: 1, 8: 1, 9: 1, 10: 1, 11: 1}","PASS, {1: 1, 2: 1, 3: 1, 4: 1, 5: 1, 6: 1, 7: 1, 8: 1, 9: 1, 10: 1}","PASS , {1: 1, 2: 1, 3: 1, 4: 1, 5: 1, 6: 1, 7: 1, 8: 1} ","PASS , {1: 1, 2: 1, 3: 1, 4: 1} ",12:36:48_07-10-25
229,220,7876,050762,"BV25412310285 , T253906289 ",FF00FFA50010600D1FD0761C0106389901508C85000100C800300001000DDBCD0301839A8245009C0A10,PASS,"PASS, {1: 1, 2: 1, 3: 1, 4: 1, 5: 1, 6: 1, 7: 1, 8: 1, 9: 1, 10: 1, 11: 1}","PASS, {1: 1, 2: 1, 3: 1, 4: 1, 5: 1, 6: 1, 7: 1, 8: 1, 9: 1, 10: 1}","PASS , {1: 1, 2: 1, 3: 1, 4: 1, 5: 1, 6: 1, 7: 1, 8: 1} ","PASS , {1: 1, 2: 1, 3: 1, 4: 1} ",12:38:00_07-10-25
230,221,7876,050762,"BV25412310287 , T253905968 ",FF00FFA50010600D1FD0761C0106389901508C85000100C800300001000DDBCD0301839A8245009C0A10,PASS,"PASS, {1: 1, 2: 1, 3: 1, 4: 1, 5: 1, 6: 1, 7: 1, 8: 1, 9: 1, 10: 1, 11: 1}","PASS, {1: 1, 2: 1, 3: 1, 4: 1, 5: 1, 6: 1, 7: 1, 8: 1, 9: 1, 10: 1}","PASS , {1: 1, 2: 1, 3: 1, 4: 1, 5: 1, 6: 1, 7: 1, 8: 1} ","PASS , {1: 1, 2: 1, 3: 1, 4: 1} ",12:39:12_07-10-25
231,222,7876,050762,"BV25412310286 , T253905971 ",FF00FFA50010600D1FD0761C0106389901508C85000100C800300001000DDBCD0301839A8245009C0A10,PASS,"PASS, {1: 1, 2: 1, 3: 1, 4: 1, 5: 1, 6: 1, 7: 1, 8: 1, 9: 1, 10: 1, 11: 1}","PASS, {1: 1, 2: 1, 3: 1, 4: 1, 5: 1, 6: 1, 7: 1, 8: 1, 9: 1, 10: 1}","PASS , {1: 1, 2: 1, 3: 1, 4: 1, 5: 1, 6: 1, 7: 1, 8: 1} ","PASS , {1: 1, 2: 1, 3: 1, 4: 1} ",12:40:24_07-10-25
232,222,7876,050762,"BV25412310278 , T253906257 ",FF00FFA50010600D1FD0761C0106389901508C85000100C800300001000DDBCD0301839A8245009C0A10,PASS,"PASS, {1: 1, 2: 1, 3: 1, 4: 1, 5: 1, 6: 1, 7: 1, 8: 1, 9: 1, 10: 1, 11: 1}","PASS, {1: 1, 2: 1, 3: 1, 4: 1, 5: 1, 6: 1, 7: 1, 8: 1, 9: 1, 10: 1}","FAIL , {1: 1, 2: 1, 3: 1, 4: 1, 5: 0, 6: 1, 7: 1, 8: 1} ","PASS , {1: 1, 2: 1, 3: 1, 4: 1} ",12:41:41_07-10-25
233,223,7876,050762,"BV25412310303 , T253906388 ",FF00FFA50010600D1FD0761C0106389901508C85000100C800300001000DDBCD0301839A8245009C0A10,PASS,"PASS, {1: 1, 2: 1, 3: 1, 4: 1, 5: 1, 6: 1, 7: 1, 8: 1, 9: 1, 10: 1, 11: 1}","PASS, {1: 1, 2: 1, 3: 1, 4: 1, 5: 1, 6: 1, 7: 1, 8: 1, 9: 1, 10: 1}","PASS , {1: 1, 2: 1, 3: 1, 4: 1, 5: 1, 6: 1, 7: 1, 8: 1} ","PASS , {1: 1, 2: 1, 3: 1, 4: 1} ",12:42:52_07-10-25
234,223,7876,050762,"BV25412310283 , T253906292 ",FF00FFA50010600D1FD0761C0106389901508C85000100C800300001000DDBCD0301839A8245009C0A10,PASS,"PASS, {1: 1, 2: 1, 3: 1, 4: 1, 5: 1, 6: 1, 7: 1, 8: 1, 9: 1, 10: 1, 11: 1}","FAIL, {1: 0, 2: 0, 3: 0, 4: 0, 5: 0, 6: 0, 7: 0, 8: 0, 9: 0, 10: 0}","PASS , {1: 1, 2: 1, 3: 1, 4: 1, 5: 1, 6: 1, 7: 1, 8: 1} ","PASS , {1: 1, 2: 1, 3: 1, 4: 1} ",12:44:03_07-10-25
235,224,7876,050762,"BV25412310315 , T253906390 ",FF00FFA50010600D1FD0761C0106389901508C85000100C800300001000DDBCD0301839A8245009C0A10,PASS,"PASS, {1: 1, 2: 1, 3: 1, 4: 1, 5: 1, 6: 1, 7: 1, 8: 1, 9: 1, 10: 1, 11: 1}","PASS, {1: 1, 2: 1, 3: 1, 4: 1, 5: 1, 6: 1, 7: 1, 8: 1, 9: 1, 10: 1}","PASS , {1: 1, 2: 1, 3: 1, 4: 1, 5: 1, 6: 1, 7: 1, 8: 1} ","PASS , {1: 1, 2: 1, 3: 1, 4: 1} ",12:45:15_07-10-25
236,225,7876,050762,"BV25412310281 , T253906280 ",FF00FFA50010600D1FD0761C0106389901508C85000100C800300001000DDBCD0301839A8245009C0A10,PASS,"PASS, {1: 1, 2: 1, 3: 1, 4: 1, 5: 1, 6: 1, 7: 1, 8: 1, 9: 1, 10: 1, 11: 1}","PASS, {1: 1, 2: 1, 3: 1, 4: 1, 5: 1, 6: 1, 7: 1, 8: 1, 9: 1, 10: 1}","PASS , {1: 1, 2: 1, 3: 1, 4: 1, 5: 1, 6: 1, 7: 1, 8: 1} ","PASS , {1: 1, 2: 1, 3: 1, 4: 1} ",12:46:27_07-10-25
237,226,7876,050762,"BV25412310167 , T253907735 ",FF00FFA50010600D1FD0761C01072E4F01520D6D000200C800300001000DDBCD0301839A8245009C0929,PASS,"PASS, {1: 1, 2: 1, 3: 1, 4: 1, 5: 1, 6: 1, 7: 1, 8: 1, 9: 1, 10: 1, 11: 1}","PASS, {1: 1, 2: 1, 3: 1, 4: 1, 5: 1, 6: 1, 7: 1, 8: 1, 9: 1, 10: 1}","PASS , {1: 1, 2: 1, 3: 1, 4: 1, 5: 1, 6: 1, 7: 1, 8: 1} ","PASS , {1: 1, 2: 1, 3: 1, 4: 1} ",12:47:46_07-10-25
238,226,7876,050762,"BV25412310168 , T253907732 ",FF00FFA50010600D1FD0761C01072E4F01520D6D000200C800300001000DDBCD0301839A8245009C0929,PASS,"PASS, {1: 1, 2: 1, 3: 1, 4: 1, 5: 1, 6: 1, 7: 1, 8: 1, 9: 1, 10: 1, 11: 1}","PASS, {1: 1, 2: 1, 3: 1, 4: 1, 5: 1, 6: 1, 7: 1, 8: 1, 9: 1, 10: 1}","FAIL , {1: 1, 2: 1, 3: 1, 4: 1, 5: 0, 6: 1, 7: 1, 8: 1} ","PASS , {1: 1, 2: 1, 3: 1, 4: 1} ",12:49:01_07-10-25
239,227,7876,050762,"BV25412310278 , T253906257 ",FF00FFA50010600D1FD0761C0106389901508C85000100C800300001000DDBCD0301839A8245009C0A10,PASS,"PASS, {1: 1, 2: 1, 3: 1, 4: 1, 5: 1, 6: 1, 7: 1, 8: 1, 9: 1, 10: 1, 11: 1}","PASS, {1: 1, 2: 1, 3: 1, 4: 1, 5: 1, 6: 1, 7: 1, 8: 1, 9: 1, 10: 1}","PASS , {1: 1, 2: 1, 3: 1, 4: 1, 5: 1, 6: 1, 7: 1, 8: 1} ","PASS , {1: 1, 2: 1, 3: 1, 4: 1} ",12:50:15_07-10-25
240,228,7876,050762,"BV25412310280 , T253906277 ",FF00FFA50010600D1FD0761C0106389901508C85000100C800300001000DDBCD0301839A8245009C0A10,PASS,"PASS, {1: 1, 2: 1, 3: 1, 4: 1, 5: 1, 6: 1, 7: 1, 8: 1, 9: 1, 10: 1, 11: 1}","PASS, {1: 1, 2: 1, 3: 1, 4: 1, 5: 1, 6: 1, 7: 1, 8: 1, 9: 1, 10: 1}","PASS , {1: 1, 2: 1, 3: 1, 4: 1, 5: 1, 6: 1, 7: 1, 8: 1} ","PASS , {1: 1, 2: 1, 3: 1, 4: 1} ",12:51:28_07-10-25
241,229,7876,050762,"BV25412310279 , T253906282 ",FF00FFA50010600D1FD0761C0106389901508C85000100C800300001000DDBCD0301839A8245009C0A10,PASS,"PASS, {1: 1, 2: 1, 3: 1, 4: 1, 5: 1, 6: 1, 7: 1, 8: 1, 9: 1, 10: 1, 11: 1}","PASS, {1: 1, 2: 1, 3: 1, 4: 1, 5: 1, 6: 1, 7: 1, 8: 1, 9: 1, 10: 1}","PASS , {1: 1, 2: 1, 3: 1, 4: 1, 5: 1, 6: 1, 7: 1, 8: 1} ","PASS , {1: 1, 2: 1, 3: 1, 4: 1} ",12:52:40_07-10-25
242,230,7876,050762,"BV25412310168 , T253907732 ",FF00FFA50010600D1FD0761C01072E4F01520D6D000200C800300001000DDBCD0301839A8245009C0929,PASS,"PASS, {1: 1, 2: 1, 3: 1, 4: 1, 5: 1, 6: 1, 7: 1, 8: 1, 9: 1, 10: 1, 11: 1}","PASS, {1: 1, 2: 1, 3: 1, 4: 1, 5: 1, 6: 1, 7: 1, 8: 1, 9: 1, 10: 1}","PASS , {1: 1, 2: 1, 3: 1, 4: 1, 5: 1, 6: 1, 7: 1, 8: 1} ","PASS , {1: 1, 2: 1, 3: 1, 4: 1} ",12:53:51_07-10-25
243,231,7876,050762,"BV25412310294 , T253907611 ",FF00FFA50010600D1FD0761C0106389901508C85000100C800300001000DDBCD0301839A8245009C0A10,PASS,"PASS, {1: 1, 2: 1, 3: 1, 4: 1, 5: 1, 6: 1, 7: 1, 8: 1, 9: 1, 10: 1, 11: 1}","PASS, {1: 1, 2: 1, 3: 1, 4: 1, 5: 1, 6: 1, 7: 1, 8: 1, 9: 1, 10: 1}","PASS , {1: 1, 2: 1, 3: 1, 4: 1, 5: 1, 6: 1, 7: 1, 8: 1} ","PASS , {1: 1, 2: 1, 3: 1, 4: 1} ",12:55:02_07-10-25
244,232,7876,050762,"BV25412310289 , T253905967 ",FF00FFA50010600D1FD0761C0106389901508C85000100C800300001000DDBCD0301839A8245009C0A10,PASS,"PASS, {1: 1, 2: 1, 3: 1, 4: 1, 5: 1, 6: 1, 7: 1, 8: 1, 9: 1, 10: 1, 11: 1}","PASS, {1: 1, 2: 1, 3: 1, 4: 1, 5: 1, 6: 1, 7: 1, 8: 1, 9: 1, 10: 1}","PASS , {1: 1, 2: 1, 3: 1, 4: 1, 5: 1, 6: 1, 7: 1, 8: 1} ","PASS , {1: 1, 2: 1, 3: 1, 4: 1} ",12:56:13_07-10-25
245,233,7876,050762,"BV25412310288 , T253906291 ",FF00FFA50010600D1FD0761C0106389901508C85000100C800300001000DDBCD0301839A8245009C0A10,PASS,"PASS, {1: 1, 2: 1, 3: 1, 4: 1, 5: 1, 6: 1, 7: 1, 8: 1, 9: 1, 10: 1, 11: 1}","PASS, {1: 1, 2: 1, 3: 1, 4: 1, 5: 1, 6: 1, 7: 1, 8: 1, 9: 1, 10: 1}","PASS , {1: 1, 2: 1, 3: 1, 4: 1, 5: 1, 6: 1, 7: 1, 8: 1} ","PASS , {1: 1, 2: 1, 3: 1, 4: 1} ",12:57:24_07-10-25
246,234,7876,050762,"BV25412310291 , T253906369 ",FF00FFA50010600D1FD0761C0106389901508C85000100C800300001000DDBCD0301839A8245009C0A10,PASS,"PASS, {1: 1, 2: 1, 3: 1, 4: 1, 5: 1, 6: 1, 7: 1, 8: 1, 9: 1, 10: 1, 11: 1}","PASS, {1: 1, 2: 1, 3: 1, 4: 1, 5: 1, 6: 1, 7: 1, 8: 1, 9: 1, 10: 1}","PASS , {1: 1, 2: 1, 3: 1, 4: 1, 5: 1, 6: 1, 7: 1, 8: 1} ","PASS , {1: 1, 2: 1, 3: 1, 4: 1} ",12:58:37_07-10-25
247,235,7876,050762,"BV25412310290 , T253906294 ",FF00FFA50010600D1FD0761C0106389901508C85000100C800300001000DDBCD0301839A8245009C0A10,PASS,"PASS, {1: 1, 2: 1, 3: 1, 4: 1, 5: 1, 6: 1, 7: 1, 8: 1, 9: 1, 10: 1, 11: 1}","PASS, {1: 1, 2: 1, 3: 1, 4: 1, 5: 1, 6: 1, 7: 1, 8: 1, 9: 1, 10: 1}","PASS , {1: 1, 2: 1, 3: 1, 4: 1, 5: 1, 6: 1, 7: 1, 8: 1} ","PASS , {1: 1, 2: 1, 3: 1, 4: 1} ",12:59:53_07-10-25
248,236,7876,050762,"BV25412310298 , T253907608 ",FF00FFA50010600D1FD0761C0106389901508C85000100C800300001000DDBCD0301839A8245009C0A10,PASS,"PASS, {1: 1, 2: 1, 3: 1, 4: 1, 5: 1, 6: 1, 7: 1, 8: 1, 9: 1, 10: 1, 11: 1}","PASS, {1: 1, 2: 1, 3: 1, 4: 1, 5: 1, 6: 1, 7: 1, 8: 1, 9: 1, 10: 1}","PASS , {1: 1, 2: 1, 3: 1, 4: 1, 5: 1, 6: 1, 7: 1, 8: 1} ","PASS , {1: 1, 2: 1, 3: 1, 4: 1} ",13:01:09_07-10-25
249,237,7876,050762,"BV25412310157 , T253907713 ",FF00FFA50010600D1FD0761C01072E4F01520D6D000200C800300001000DDBCD0301839A8245009C0929,PASS,"PASS, {1: 1, 2: 1, 3: 1, 4: 1, 5: 1, 6: 1, 7: 1, 8: 1, 9: 1, 10: 1, 11: 1}","PASS, {1: 1, 2: 1, 3: 1, 4: 1, 5: 1, 6: 1, 7: 1, 8: 1, 9: 1, 10: 1}","PASS , {1: 1, 2: 1, 3: 1, 4: 1, 5: 1, 6: 1, 7: 1, 8: 1} ","PASS , {1: 1, 2: 1, 3: 1, 4: 1} ",13:02:26_07-10-25
250,238,7876,050762,"BV25412310299 , T253907606 ",FF00FFA50010600D1FD0761C0106389901508C85000100C800300001000DDBCD0301839A8245009C0A10,PASS,"PASS, {1: 1, 2: 1, 3: 1, 4: 1, 5: 1, 6: 1, 7: 1, 8: 1, 9: 1, 10: 1, 11: 1}","PASS, {1: 1, 2: 1, 3: 1, 4: 1, 5: 1, 6: 1, 7: 1, 8: 1, 9: 1, 10: 1}","PASS , {1: 1, 2: 1, 3: 1, 4: 1, 5: 1, 6: 1, 7: 1, 8: 1} ","PASS , {1: 1, 2: 1, 3: 1, 4: 1} ",13:03:41_07-10-25
251,239,7876,050762,"BV25412310292 , T253906374 ",FF00FFA50010600D1FD0761C0106389901508C85000100C800300001000DDBCD0301839A8245009C0A10,PASS,"PASS, {1: 1, 2: 1, 3: 1, 4: 1, 5: 1, 6: 1, 7: 1, 8: 1, 9: 1, 10: 1, 11: 1}","PASS, {1: 1, 2: 1, 3: 1, 4: 1, 5: 1, 6: 1, 7: 1, 8: 1, 9: 1, 10: 1}","PASS , {1: 1, 2: 1, 3: 1, 4: 1, 5: 1, 6: 1, 7: 1, 8: 1} ","PASS , {1: 1, 2: 1, 3: 1, 4: 1} ",13:04:57_07-10-25
252,240,7876,050762,"BV25412310352 , T253907612 ",FF00FFA50010600D1FD0761C0106389901508C85000100C800300001000DDBCD0301839A8245009C0A10,PASS,"PASS, {1: 1, 2: 1, 3: 1, 4: 1, 5: 1, 6: 1, 7: 1, 8: 1, 9: 1, 10: 1, 11: 1}","PASS, {1: 1, 2: 1, 3: 1, 4: 1, 5: 1, 6: 1, 7: 1, 8: 1, 9: 1, 10: 1}","PASS , {1: 1, 2: 1, 3: 1, 4: 1, 5: 1, 6: 1, 7: 1, 8: 1} ","PASS , {1: 1, 2: 1, 3: 1, 4: 1} ",13:06:15_07-10-25
253,241,7876,050762,"BV25412310351 , T253907616 ",FF00FFA50010600D1FD0761C0106389901508C85000100C800300001000DDBCD0301839A8245009C0A10,PASS,"PASS, {1: 1, 2: 1, 3: 1, 4: 1, 5: 1, 6: 1, 7: 1, 8: 1, 9: 1, 10: 1, 11: 1}","PASS, {1: 1, 2: 1, 3: 1, 4: 1, 5: 1, 6: 1, 7: 1, 8: 1, 9: 1, 10: 1}","PASS , {1: 1, 2: 1, 3: 1, 4: 1, 5: 1, 6: 1, 7: 1, 8: 1} ","PASS , {1: 1, 2: 1, 3: 1, 4: 1} ",13:07:26_07-10-25
254,242,7876,050762,"BV25412310277 , T253905972 ",FF00FFA50010600D1FD0761C0106389901508C85000100C800300001000DDBCD0301839A8245009C0A10,PASS,"PASS, {1: 1, 2: 1, 3: 1, 4: 1, 5: 1, 6: 1, 7: 1, 8: 1, 9: 1, 10: 1, 11: 1}","PASS, {1: 1, 2: 1, 3: 1, 4: 1, 5: 1, 6: 1, 7: 1, 8: 1, 9: 1, 10: 1}","PASS , {1: 1, 2: 1, 3: 1, 4: 1, 5: 1, 6: 1, 7: 1, 8: 1} ","PASS , {1: 1, 2: 1, 3: 1, 4: 1} ",13:08:38_07-10-25
255,243,7876,050762,"BV25412310348 , T253908501 ",FF00FFA50010600D1FD0761C0106389901508C85000100C800300001000DDBCD0301839A8245009C0A10,PASS,"PASS, {1: 1, 2: 1, 3: 1, 4: 1, 5: 1, 6: 1, 7: 1, 8: 1, 9: 1, 10: 1, 11: 1}","PASS, {1: 1, 2: 1, 3: 1, 4: 1, 5: 1, 6: 1, 7: 1, 8: 1, 9: 1, 10: 1}","PASS , {1: 1, 2: 1, 3: 1, 4: 1, 5: 1, 6: 1, 7: 1, 8: 1} ","PASS , {1: 1, 2: 1, 3: 1, 4: 1} ",13:09:51_07-10-25
256,244,7876,050762,"BV25412310354 , T253907607 ",FF00FFA50010600D1FD0761C0106389901508C85000100C800300001000DDBCD0301839A8245009C0A10,PASS,"PASS, {1: 1, 2: 1, 3: 1, 4: 1, 5: 1, 6: 1, 7: 1, 8: 1, 9: 1, 10: 1, 11: 1}","PASS, {1: 1, 2: 1, 3: 1, 4: 1, 5: 1, 6: 1, 7: 1, 8: 1, 9: 1, 10: 1}","PASS , {1: 1, 2: 1, 3: 1, 4: 1, 5: 1, 6: 1, 7: 1, 8: 1} ","PASS , {1: 1, 2: 1, 3: 1, 4: 1} ",13:11:03_07-10-25
257,245,7876,050762,"BV25412310300 , T253907610 ",FF00FFA50010600D1FD0761C0106389901508C85000100C800300001000DDBCD0301839A8245009C0A10,PASS,"PASS, {1: 1, 2: 1, 3: 1, 4: 1, 5: 1, 6: 1, 7: 1, 8: 1, 9: 1, 10: 1, 11: 1}","PASS, {1: 1, 2: 1, 3: 1, 4: 1, 5: 1, 6: 1, 7: 1, 8: 1, 9: 1, 10: 1}","PASS , {1: 1, 2: 1, 3: 1, 4: 1, 5: 1, 6: 1, 7: 1, 8: 1} ","PASS , {1: 1, 2: 1, 3: 1, 4: 1} ",13:12:16_07-10-25
258,246,7876,050762,"BV25412310345 , T253905124 ",FF00FFA50010600D1FD0761C0106389901508C85000100C800300001000DDBCD0301839A8245009C0A10,PASS,"PASS, {1: 1, 2: 1, 3: 1, 4: 1, 5: 1, 6: 1, 7: 1, 8: 1, 9: 1, 10: 1, 11: 1}","PASS, {1: 1, 2: 1, 3: 1, 4: 1, 5: 1, 6: 1, 7: 1, 8: 1, 9: 1, 10: 1}","PASS , {1: 1, 2: 1, 3: 1, 4: 1, 5: 1, 6: 1, 7: 1, 8: 1} ","PASS , {1: 1, 2: 1, 3: 1, 4: 1} ",13:13:32_07-10-25
259,247,7876,050762,"BV25412310341 , T253905108 ",FF00FFA50010600D1FD0761C0106389901508C85000100C800300001000DDBCD0301839A8245009C0A10,PASS,"PASS, {1: 1, 2: 1, 3: 1, 4: 1, 5: 1, 6: 1, 7: 1, 8: 1, 9: 1, 10: 1, 11: 1}","PASS, {1: 1, 2: 1, 3: 1, 4: 1, 5: 1, 6: 1, 7: 1, 8: 1, 9: 1, 10: 1}","PASS , {1: 1, 2: 1, 3: 1, 4: 1, 5: 1, 6: 1, 7: 1, 8: 1} ","PASS , {1: 1, 2: 1, 3: 1, 4: 1} ",13:14:48_07-10-25
260,248,7876,050762,"BV25412310342 , T253905125 ",FF00FFA50010600D1FD0761C0106389901508C85000100C800300001000DDBCD0301839A8245009C0A10,PASS,"PASS, {1: 1, 2: 1, 3: 1, 4: 1, 5: 1, 6: 1, 7: 1, 8: 1, 9: 1, 10: 1, 11: 1}","PASS, {1: 1, 2: 1, 3: 1, 4: 1, 5: 1, 6: 1, 7: 1, 8: 1, 9: 1, 10: 1}","PASS , {1: 1, 2: 1, 3: 1, 4: 1, 5: 1, 6: 1, 7: 1, 8: 1} ","PASS , {1: 1, 2: 1, 3: 1, 4: 1} ",13:15:59_07-10-25
261,249,7876,050762,"BV25412310343 , T253905120 ",FF00FFA50010600D1FD0761C0106389901508C85000100C800300001000DDBCD0301839A8245009C0A10,PASS,"PASS, {1: 1, 2: 1, 3: 1, 4: 1, 5: 1, 6: 1, 7: 1, 8: 1, 9: 1, 10: 1, 11: 1}","PASS, {1: 1, 2: 1, 3: 1, 4: 1, 5: 1, 6: 1, 7: 1, 8: 1, 9: 1, 10: 1}","PASS , {1: 1, 2: 1, 3: 1, 4: 1, 5: 1, 6: 1, 7: 1, 8: 1} ","PASS , {1: 1, 2: 1, 3: 1, 4: 1} ",13:17:26_07-10-25
262,250,7876,050762,"BV25412310296 , T253906368 ",FF00FFA50010600D1FD0761C0106389901508C85000100C800300001000DDBCD0301839A8245009C0A10,PASS,"PASS, {1: 1, 2: 1, 3: 1, 4: 1, 5: 1, 6: 1, 7: 1, 8: 1, 9: 1, 10: 1, 11: 1}","PASS, {1: 1, 2: 1, 3: 1, 4: 1, 5: 1, 6: 1, 7: 1, 8: 1, 9: 1, 10: 1}","PASS , {1: 1, 2: 1, 3: 1, 4: 1, 5: 1, 6: 1, 7: 1, 8: 1} ","PASS , {1: 1, 2: 1, 3: 1, 4: 1} ",13:18:37_07-10-25
263,251,7876,050762,"BV25412310130 , T253909012 ",FF00FFA50010600D1FD0761C01072E4F01520D6D000200C800300001000DDBCD0301839A8245009C0929,PASS,"PASS, {1: 1, 2: 1, 3: 1, 4: 1, 5: 1, 6: 1, 7: 1, 8: 1, 9: 1, 10: 1, 11: 1}","PASS, {1: 1, 2: 1, 3: 1, 4: 1, 5: 1, 6: 1, 7: 1, 8: 1, 9: 1, 10: 1}","PASS , {1: 1, 2: 1, 3: 1, 4: 1, 5: 1, 6: 1, 7: 1, 8: 1} ","PASS , {1: 1, 2: 1, 3: 1, 4: 1} ",13:19:48_07-10-25
264,252,7876,050762,"BV25412310346 , T253905115 ",FF00FFA50010600D1FD0761C0106389901508C85000100C800300001000DDBCD0301839A8245009C0A10,PASS,"PASS, {1: 1, 2: 1, 3: 1, 4: 1, 5: 1, 6: 1, 7: 1, 8: 1, 9: 1, 10: 1, 11: 1}","PASS, {1: 1, 2: 1, 3: 1, 4: 1, 5: 1, 6: 1, 7: 1, 8: 1, 9: 1, 10: 1}","PASS , {1: 1, 2: 1, 3: 1, 4: 1, 5: 1, 6: 1, 7: 1, 8: 1} ","PASS , {1: 1, 2: 1, 3: 1, 4: 1} ",13:21:00_07-10-25
265,253,7876,050762,"BV25412310337 , T253905102 ",FF00FFA50010600D1FD0761C0106389901508C85000100C800300001000DDBCD0301839A8245009C0A10,PASS,"PASS, {1: 1, 2: 1, 3: 1, 4: 1, 5: 1, 6: 1, 7: 1, 8: 1, 9: 1, 10: 1, 11: 1}","PASS, {1: 1, 2: 1, 3: 1, 4: 1, 5: 1, 6: 1, 7: 1, 8: 1, 9: 1, 10: 1}","PASS , {1: 1, 2: 1, 3: 1, 4: 1, 5: 1, 6: 1, 7: 1, 8: 1} ","PASS , {1: 1, 2: 1, 3: 1, 4: 1} ",13:22:12_07-10-25
266,254,7876,050762,"BV25412310333 , T253905113 ",FF00FFA50010600D1FD0761C0106389901508C85000100C800300001000DDBCD0301839A8245009C0A10,PASS,"PASS, {1: 1, 2: 1, 3: 1, 4: 1, 5: 1, 6: 1, 7: 1, 8: 1, 9: 1, 10: 1, 11: 1}","PASS, {1: 1, 2: 1, 3: 1, 4: 1, 5: 1, 6: 1, 7: 1, 8: 1, 9: 1, 10: 1}","PASS , {1: 1, 2: 1, 3: 1, 4: 1, 5: 1, 6: 1, 7: 1, 8: 1} ","PASS , {1: 1, 2: 1, 3: 1, 4: 1} ",13:23:29_07-10-25
267,255,7876,050762,"BV25412310344 , T253905123 ",FF00FFA50010600D1FD0761C0106389901508C85000100C800300001000DDBCD0301839A8245009C0A10,PASS,"PASS, {1: 1, 2: 1, 3: 1, 4: 1, 5: 1, 6: 1, 7: 1, 8: 1, 9: 1, 10: 1, 11: 1}","PASS, {1: 1, 2: 1, 3: 1, 4: 1, 5: 1, 6: 1, 7: 1, 8: 1, 9: 1, 10: 1}","PASS , {1: 1, 2: 1, 3: 1, 4: 1, 5: 1, 6: 1, 7: 1, 8: 1} ","PASS , {1: 1, 2: 1, 3: 1, 4: 1} ",13:24:44_07-10-25
268,256,7876,050762,"BV25412310332 , T253905112 ",FF00FFA50010600D1FD0761C0106389901508C85000100C800300001000DDBCD0301839A8245009C0A10,PASS,"PASS, {1: 1, 2: 1, 3: 1, 4: 1, 5: 1, 6: 1, 7: 1, 8: 1, 9: 1, 10: 1, 11: 1}","PASS, {1: 1, 2: 1, 3: 1, 4: 1, 5: 1, 6: 1, 7: 1, 8: 1, 9: 1, 10: 1}","PASS , {1: 1, 2: 1, 3: 1, 4: 1, 5: 1, 6: 1, 7: 1, 8: 1} ","PASS , {1: 1, 2: 1, 3: 1, 4: 1} ",13:25:54_07-10-25
269,257,7876,050762,"BV25412310336 , T253905106 ",FF00FFA50010600D1FD0761C0106389901508C85000100C800300001000DDBCD0301839A8245009C0A10,PASS,"PASS, {1: 1, 2: 1, 3: 1, 4: 1, 5: 1, 6: 1, 7: 1, 8: 1, 9: 1, 10: 1, 11: 1}","PASS, {1: 1, 2: 1, 3: 1, 4: 1, 5: 1, 6: 1, 7: 1, 8: 1, 9: 1, 10: 1}","PASS , {1: 1, 2: 1, 3: 1, 4: 1, 5: 1, 6: 1, 7: 1, 8: 1} ","PASS , {1: 1, 2: 1, 3: 1, 4: 1} ",13:27:06_07-10-25
270,258,7876,050762,"BV25412310329 , T253905101 ",FF00FFA50010600D1FD0761C0106389901508C85000100C800300001000DDBCD0301839A8245009C0A10,PASS,"PASS, {1: 1, 2: 1, 3: 1, 4: 1, 5: 1, 6: 1, 7: 1, 8: 1, 9: 1, 10: 1, 11: 1}","PASS, {1: 1, 2: 1, 3: 1, 4: 1, 5: 1, 6: 1, 7: 1, 8: 1, 9: 1, 10: 1}","PASS , {1: 1, 2: 1, 3: 1, 4: 1, 5: 1, 6: 1, 7: 1, 8: 1} ","PASS , {1: 1, 2: 1, 3: 1, 4: 1} ",13:28:38_07-10-25
271,259,7876,050762,"BV25412310330 , T253905090 ",FF00FFA50010600D1FD0761C0106389901508C85000100C800300001000DDBCD0301839A8245009C0A10,PASS,"PASS, {1: 1, 2: 1, 3: 1, 4: 1, 5: 1, 6: 1, 7: 1, 8: 1, 9: 1, 10: 1, 11: 1}","PASS, {1: 1, 2: 1, 3: 1, 4: 1, 5: 1, 6: 1, 7: 1, 8: 1, 9: 1, 10: 1}","PASS , {1: 1, 2: 1, 3: 1, 4: 1, 5: 1, 6: 1, 7: 1, 8: 1} ","PASS , {1: 1, 2: 1, 3: 1, 4: 1} ",13:29:53_07-10-25
272,260,7876,050762,"BV25412310328 , T253905099 ",FF00FFA50010600D1FD0761C0106389901508C85000100C800300001000DDBCD0301839A8245009C0A10,PASS,"PASS, {1: 1, 2: 1, 3: 1, 4: 1, 5: 1, 6: 1, 7: 1, 8: 1, 9: 1, 10: 1, 11: 1}","PASS, {1: 1, 2: 1, 3: 1, 4: 1, 5: 1, 6: 1, 7: 1, 8: 1, 9: 1, 10: 1}","PASS , {1: 1, 2: 1, 3: 1, 4: 1, 5: 1, 6: 1, 7: 1, 8: 1} ","PASS , {1: 1, 2: 1, 3: 1, 4: 1} ",13:31:12_07-10-25
273,261,7876,050762,"BV25412310327 , T253905096 ",FF00FFA50010600D1FD0761C0106389901508C85000100C800300001000DDBCD0301839A8245009C0A10,PASS,"PASS, {1: 1, 2: 1, 3: 1, 4: 1, 5: 1, 6: 1, 7: 1, 8: 1, 9: 1, 10: 1, 11: 1}","PASS, {1: 1, 2: 1, 3: 1, 4: 1, 5: 1, 6: 1, 7: 1, 8: 1, 9: 1, 10: 1}","PASS , {1: 1, 2: 1, 3: 1, 4: 1, 5: 1, 6: 1, 7: 1, 8: 1} ","PASS , {1: 1, 2: 1, 3: 1, 4: 1} ",13:32:28_07-10-25
274,262,7876,050762,"BV25412310326 , T253905100 ",FF00FFA50010600D1FD0761C0106389901508C85000100C800300001000DDBCD0301839A8245009C0A10,PASS,"PASS, {1: 1, 2: 1, 3: 1, 4: 1, 5: 1, 6: 1, 7: 1, 8: 1, 9: 1, 10: 1, 11: 1}","PASS, {1: 1, 2: 1, 3: 1, 4: 1, 5: 1, 6: 1, 7: 1, 8: 1, 9: 1, 10: 1}","PASS , {1: 1, 2: 1, 3: 1, 4: 1, 5: 1, 6: 1, 7: 1, 8: 1} ","PASS , {1: 1, 2: 1, 3: 1, 4: 1} ",13:33:39_07-10-25
275,263,7876,050762,"BV25412310334 , T253905103 ",FF00FFA50010600D1FD0761C0106389901508C85000100C800300001000DDBCD0301839A8245009C0A10,PASS,"PASS, {1: 1, 2: 1, 3: 1, 4: 1, 5: 1, 6: 1, 7: 1, 8: 1, 9: 1, 10: 1, 11: 1}","PASS, {1: 1, 2: 1, 3: 1, 4: 1, 5: 1, 6: 1, 7: 1, 8: 1, 9: 1, 10: 1}","PASS , {1: 1, 2: 1, 3: 1, 4: 1, 5: 1, 6: 1, 7: 1, 8: 1} ","PASS , {1: 1, 2: 1, 3: 1, 4: 1} ",13:34:50_07-10-25
276,264,7876,050762,"BV25412310331 , T253905092 ",FF00FFA50010600D1FD0761C0106389901508C85000100C800300001000DDBCD0301839A8245009C0A10,PASS,"PASS, {1: 1, 2: 1, 3: 1, 4: 1, 5: 1, 6: 1, 7: 1, 8: 1, 9: 1, 10: 1, 11: 1}","PASS, {1: 1, 2: 1, 3: 1, 4: 1, 5: 1, 6: 1, 7: 1, 8: 1, 9: 1, 10: 1}","PASS , {1: 1, 2: 1, 3: 1, 4: 1, 5: 1, 6: 1, 7: 1, 8: 1} ","PASS , {1: 1, 2: 1, 3: 1, 4: 1} ",13:36:01_07-10-25
277,265,7876,050762,"BV25412310350 , T253907615 ",FF00FFA50010600D1FD0761C0106389901508C85000100C800300001000DDBCD0301839A8245009C0A10,PASS,"PASS, {1: 1, 2: 1, 3: 1, 4: 1, 5: 1, 6: 1, 7: 1, 8: 1, 9: 1, 10: 1, 11: 1}","PASS, {1: 1, 2: 1, 3: 1, 4: 1, 5: 1, 6: 1, 7: 1, 8: 1, 9: 1, 10: 1}","PASS , {1: 1, 2: 1, 3: 1, 4: 1, 5: 1, 6: 1, 7: 1, 8: 1} ","PASS , {1: 1, 2: 1, 3: 1, 4: 1} ",13:37:19_07-10-25
278,266,7876,050762,"BV25412310335 , T253905105 ",FF00FFA50010600D1FD0761C0106389901508C85000100C800300001000DDBCD0301839A8245009C0A10,PASS,"PASS, {1: 1, 2: 1, 3: 1, 4: 1, 5: 1, 6: 1, 7: 1, 8: 1, 9: 1, 10: 1, 11: 1}","PASS, {1: 1, 2: 1, 3: 1, 4: 1, 5: 1, 6: 1, 7: 1, 8: 1, 9: 1, 10: 1}","PASS , {1: 1, 2: 1, 3: 1, 4: 1, 5: 1, 6: 1, 7: 1, 8: 1} ","PASS , {1: 1, 2: 1, 3: 1, 4: 1} ",13:38:30_07-10-25
279,267,7876,050762,"BV25412310347 , T253907622 ",FF00FFA50010600D1FD0761C0106389901508C85000100C800300001000DDBCD0301839A8245009C0A10,PASS,"PASS, {1: 1, 2: 1, 3: 1, 4: 1, 5: 1, 6: 1, 7: 1, 8: 1, 9: 1, 10: 1, 11: 1}","PASS, {1: 1, 2: 1, 3: 1, 4: 1, 5: 1, 6: 1, 7: 1, 8: 1, 9: 1, 10: 1}","PASS , {1: 1, 2: 1, 3: 1, 4: 1, 5: 1, 6: 1, 7: 1, 8: 1} ","PASS , {1: 1, 2: 1, 3: 1, 4: 1} ",13:39:48_07-10-25
280,268,7876,050762,"BV25412310340 , T253905111 ",FF00FFA50010600D1FD0761C0106389901508C85000100C800300001000DDBCD0301839A8245009C0A10,PASS,"PASS, {1: 1, 2: 1, 3: 1, 4: 1, 5: 1, 6: 1, 7: 1, 8: 1, 9: 1, 10: 1, 11: 1}","PASS, {1: 1, 2: 1, 3: 1, 4: 1, 5: 1, 6: 1, 7: 1, 8: 1, 9: 1, 10: 1}","PASS , {1: 1, 2: 1, 3: 1, 4: 1, 5: 1, 6: 1, 7: 1, 8: 1} ","PASS , {1: 1, 2: 1, 3: 1, 4: 1} ",13:41:01_07-10-25
281,269,7876,050762,"BV25412310339 , T253905109 ",FF00FFA50010600D1FD0761C0106389901508C85000100C800300001000DDBCD0301839A8245009C0A10,PASS,"PASS, {1: 1, 2: 1, 3: 1, 4: 1, 5: 1, 6: 1, 7: 1, 8: 1, 9: 1, 10: 1, 11: 1}","PASS, {1: 1, 2: 1, 3: 1, 4: 1, 5: 1, 6: 1, 7: 1, 8: 1, 9: 1, 10: 1}","PASS , {1: 1, 2: 1, 3: 1, 4: 1, 5: 1, 6: 1, 7: 1, 8: 1} ","PASS , {1: 1, 2: 1, 3: 1, 4: 1} ",13:42:29_07-10-25
282,270,7876,050762,"BV25412310297 , T253904894 ",FF00FFA50010600D1FD0761C0106389901508C85000100C800300001000DDBCD0301839A8245009C0A10,PASS,"PASS, {1: 1, 2: 1, 3: 1, 4: 1, 5: 1, 6: 1, 7: 1, 8: 1, 9: 1, 10: 1, 11: 1}","PASS, {1: 1, 2: 1, 3: 1, 4: 1, 5: 1, 6: 1, 7: 1, 8: 1, 9: 1, 10: 1}","PASS , {1: 1, 2: 1, 3: 1, 4: 1, 5: 1, 6: 1, 7: 1, 8: 1} ","PASS , {1: 1, 2: 1, 3: 1, 4: 1} ",13:43:43_07-10-25
283,271,7876,050762,"BV25412310295 , T253905970 ",FF00FFA50010600D1FD0761C0106389901508C85000100C800300001000DDBCD0301839A8245009C0A10,PASS,"PASS, {1: 1, 2: 1, 3: 1, 4: 1, 5: 1, 6: 1, 7: 1, 8: 1, 9: 1, 10: 1, 11: 1}","PASS, {1: 1, 2: 1, 3: 1, 4: 1, 5: 1, 6: 1, 7: 1, 8: 1, 9: 1, 10: 1}","PASS , {1: 1, 2: 1, 3: 1, 4: 1, 5: 1, 6: 1, 7: 1, 8: 1} ","PASS , {1: 1, 2: 1, 3: 1, 4: 1} ",13:45:00_07-10-25
284,272,7876,050762,"BV25412310293 , T253906367 ",FF00FFA50010600D1FD0761C0106389901508C85000100C800300001000DDBCD0301839A8245009C0A10,PASS,"PASS, {1: 1, 2: 1, 3: 1, 4: 1, 5: 1, 6: 1, 7: 1, 8: 1, 9: 1, 10: 1, 11: 1}","PASS, {1: 1, 2: 1, 3: 1, 4: 1, 5: 1, 6: 1, 7: 1, 8: 1, 9: 1, 10: 1}","PASS , {1: 1, 2: 1, 3: 1, 4: 1, 5: 1, 6: 1, 7: 1, 8: 1} ","PASS , {1: 1, 2: 1, 3: 1, 4: 1} ",13:46:18_07-10-25
285,273,7876,050762,"BV25412310169 , T253907744 ",FF00FFA50010600D1FD0761C01072E4F01520D6D000200C800300001000DDBCD0301839A8245009C0929,PASS,"PASS, {1: 1, 2: 1, 3: 1, 4: 1, 5: 1, 6: 1, 7: 1, 8: 1, 9: 1, 10: 1, 11: 1}","PASS, {1: 1, 2: 1, 3: 1, 4: 1, 5: 1, 6: 1, 7: 1, 8: 1, 9: 1, 10: 1}","PASS , {1: 1, 2: 1, 3: 1, 4: 1, 5: 1, 6: 1, 7: 1, 8: 1} ","PASS , {1: 1, 2: 1, 3: 1, 4: 1} ",13:47:30_07-10-25
286,274,7876,050762,"BV25412310170 , T253907743 ",FF00FFA50010600D1FD0761C01072E4F01520D6D000200C800300001000DDBCD0301839A8245009C0929,PASS,"PASS, {1: 1, 2: 1, 3: 1, 4: 1, 5: 1, 6: 1, 7: 1, 8: 1, 9: 1, 10: 1, 11: 1}","PASS, {1: 1, 2: 1, 3: 1, 4: 1, 5: 1, 6: 1, 7: 1, 8: 1, 9: 1, 10: 1}","PASS , {1: 1, 2: 1, 3: 1, 4: 1, 5: 1, 6: 1, 7: 1, 8: 1} ","PASS , {1: 1, 2: 1, 3: 1, 4: 1} ",13:48:42_07-10-25
287,275,7876,050762,"BV25412310129 , T253904910 ",FF00FFA50010600D1FD0761C01072E4F01520D6D000200C800300001000DDBCD0301839A8245009C0929,PASS,"PASS, {1: 1, 2: 1, 3: 1, 4: 1, 5: 1, 6: 1, 7: 1, 8: 1, 9: 1, 10: 1, 11: 1}","PASS, {1: 1, 2: 1, 3: 1, 4: 1, 5: 1, 6: 1, 7: 1, 8: 1, 9: 1, 10: 1}","PASS , {1: 1, 2: 1, 3: 1, 4: 1, 5: 1, 6: 1, 7: 1, 8: 1} ","PASS , {1: 1, 2: 1, 3: 1, 4: 1} ",13:49:58_07-10-25
288,276,7876,050762,"BV25412310171 , T253907745 ",FF00FFA50010600D1FD0761C01072E4F01520D6D000200C800300001000DDBCD0301839A8245009C0929,PASS,"PASS, {1: 1, 2: 1, 3: 1, 4: 1, 5: 1, 6: 1, 7: 1, 8: 1, 9: 1, 10: 1, 11: 1}","PASS, {1: 1, 2: 1, 3: 1, 4: 1, 5: 1, 6: 1, 7: 1, 8: 1, 9: 1, 10: 1}","PASS , {1: 1, 2: 1, 3: 1, 4: 1, 5: 1, 6: 1, 7: 1, 8: 1} ","PASS , {1: 1, 2: 1, 3: 1, 4: 1} ",13:51:15_07-10-25
289,277,7876,050762,"BV25412310133 , T253905087 ",FF00FFA50010600D1FD0761C01072E4F01520D6D000200C800300001000DDBCD0301839A8245009C0929,PASS,"PASS, {1: 1, 2: 1, 3: 1, 4: 1, 5: 1, 6: 1, 7: 1, 8: 1, 9: 1, 10: 1, 11: 1}","PASS, {1: 1, 2: 1, 3: 1, 4: 1, 5: 1, 6: 1, 7: 1, 8: 1, 9: 1, 10: 1}","PASS , {1: 1, 2: 1, 3: 1, 4: 1, 5: 1, 6: 1, 7: 1, 8: 1} ","PASS , {1: 1, 2: 1, 3: 1, 4: 1} ",13:52:26_07-10-25
290,277,7876,050762,"BV25412310132 , T253904984 ",FF00FFA50010600D1FD0761C01072E4F01520D6D000200C800300001000DDBCD0301839A8245009C0929,PASS,"PASS, {1: 1, 2: 1, 3: 1, 4: 1, 5: 1, 6: 1, 7: 1, 8: 1, 9: 1, 10: 1, 11: 1}","PASS, {1: 1, 2: 1, 3: 1, 4: 1, 5: 1, 6: 1, 7: 1, 8: 1, 9: 1, 10: 1}","FAIL , {1: 1, 2: 1, 3: 0, 4: 1, 5: 1, 6: 1, 7: 1, 8: 1} ","PASS , {1: 1, 2: 1, 3: 1, 4: 1} ",13:53:47_07-10-25
291,278,7876,050762,"BV25412310172 , T253907603 ",FF00FFA50010600D1FD0761C01072E4F01520D6D000200C800300001000DDBCD0301839A8245009C0929,PASS,"PASS, {1: 1, 2: 1, 3: 1, 4: 1, 5: 1, 6: 1, 7: 1, 8: 1, 9: 1, 10: 1, 11: 1}","PASS, {1: 1, 2: 1, 3: 1, 4: 1, 5: 1, 6: 1, 7: 1, 8: 1, 9: 1, 10: 1}","PASS , {1: 1, 2: 1, 3: 1, 4: 1, 5: 1, 6: 1, 7: 1, 8: 1} ","PASS , {1: 1, 2: 1, 3: 1, 4: 1} ",13:55:01_07-10-25
292,279,7876,050762,"BV25412310015 , T253907587 ",FF00FFA50010600D1FD0761C01072E4F01520D6D000200C800300001000DDBCD0301839A8245009C0929,PASS,"PASS, {1: 1, 2: 1, 3: 1, 4: 1, 5: 1, 6: 1, 7: 1, 8: 1, 9: 1, 10: 1, 11: 1}","PASS, {1: 1, 2: 1, 3: 1, 4: 1, 5: 1, 6: 1, 7: 1, 8: 1, 9: 1, 10: 1}","PASS , {1: 1, 2: 1, 3: 1, 4: 1, 5: 1, 6: 1, 7: 1, 8: 1} ","PASS , {1: 1, 2: 1, 3: 1, 4: 1} ",13:56:13_07-10-25
293,280,7876,050762,"BV25412310173 , T253907604 ",FF00FFA50010600D1FD0761C01072E4F01520D6D000200C800300001000DDBCD0301839A8245009C0929,PASS,"PASS, {1: 1, 2: 1, 3: 1, 4: 1, 5: 1, 6: 1, 7: 1, 8: 1, 9: 1, 10: 1, 11: 1}","PASS, {1: 1, 2: 1, 3: 1, 4: 1, 5: 1, 6: 1, 7: 1, 8: 1, 9: 1, 10: 1}","PASS , {1: 1, 2: 1, 3: 1, 4: 1, 5: 1, 6: 1, 7: 1, 8: 1} ","PASS , {1: 1, 2: 1, 3: 1, 4: 1} ",13:57:27_07-10-25
294,281,7876,050762,"BV25412310005 , T253907595 ",FF00FFA50010600D1FD0761C01072E4F01520D6D000200C800300001000DDBCD0301839A8245009C0929,PASS,"PASS, {1: 1, 2: 1, 3: 1, 4: 1, 5: 1, 6: 1, 7: 1, 8: 1, 9: 1, 10: 1, 11: 1}","PASS, {1: 1, 2: 1, 3: 1, 4: 1, 5: 1, 6: 1, 7: 1, 8: 1, 9: 1, 10: 1}","PASS , {1: 1, 2: 1, 3: 1, 4: 1, 5: 1, 6: 1, 7: 1, 8: 1} ","PASS , {1: 1, 2: 1, 3: 1, 4: 1} ",13:58:39_07-10-25
295,282,7876,050762,"BV25412310017 , T253907585 ",FF00FFA50010600D1FD0761C01072E4F01520D6D000200C800300001000DDBCD0301839A8245009C0929,PASS,"PASS, {1: 1, 2: 1, 3: 1, 4: 1, 5: 1, 6: 1, 7: 1, 8: 1, 9: 1, 10: 1, 11: 1}","PASS, {1: 1, 2: 1, 3: 1, 4: 1, 5: 1, 6: 1, 7: 1, 8: 1, 9: 1, 10: 1}","PASS , {1: 1, 2: 1, 3: 1, 4: 1, 5: 1, 6: 1, 7: 1, 8: 1} ","PASS , {1: 1, 2: 1, 3: 1, 4: 1} ",13:59:52_07-10-25
296,283,7876,050762,"BV25412310018 , T253907593 ",FF00FFA50010600D1FD0761C01072E4F01520D6D000200C800300001000DDBCD0301839A8245009C0929,PASS,"PASS, {1: 1, 2: 1, 3: 1, 4: 1, 5: 1, 6: 1, 7: 1, 8: 1, 9: 1, 10: 1, 11: 1}","PASS, {1: 1, 2: 1, 3: 1, 4: 1, 5: 1, 6: 1, 7: 1, 8: 1, 9: 1, 10: 1}","PASS , {1: 1, 2: 1, 3: 1, 4: 1, 5: 1, 6: 1, 7: 1, 8: 1} ","PASS , {1: 1, 2: 1, 3: 1, 4: 1} ",14:01:04_07-10-25
297,284,7876,050762,"BV25412310016 , T253907586 ",FF00FFA50010600D1FD0761C01072E4F01520D6D000200C800300001000DDBCD0301839A8245009C0929,PASS,"PASS, {1: 1, 2: 1, 3: 1, 4: 1, 5: 1, 6: 1, 7: 1, 8: 1, 9: 1, 10: 1, 11: 1}","PASS, {1: 1, 2: 1, 3: 1, 4: 1, 5: 1, 6: 1, 7: 1, 8: 1, 9: 1, 10: 1}","PASS , {1: 1, 2: 1, 3: 1, 4: 1, 5: 1, 6: 1, 7: 1, 8: 1} ","PASS , {1: 1, 2: 1, 3: 1, 4: 1} ",14:02:20_07-10-25
298,285,7876,050762,"BV25412310011 , T253907583 ",FF00FFA50010600D1FD0761C01072E4F01520D6D000200C800300001000DDBCD0301839A8245009C0929,PASS,"PASS, {1: 1, 2: 1, 3: 1, 4: 1, 5: 1, 6: 1, 7: 1, 8: 1, 9: 1, 10: 1, 11: 1}","PASS, {1: 1, 2: 1, 3: 1, 4: 1, 5: 1, 6: 1, 7: 1, 8: 1, 9: 1, 10: 1}","PASS , {1: 1, 2: 1, 3: 1, 4: 1, 5: 1, 6: 1, 7: 1, 8: 1} ","PASS , {1: 1, 2: 1, 3: 1, 4: 1} ",14:03:36_07-10-25
299,286,7876,050762,"BV25412310174 , T253907600 ",FF00FFA50010600D1FD0761C01072E4F01520D6D000200C800300001000DDBCD0301839A8245009C0929,PASS,"PASS, {1: 1, 2: 1, 3: 1, 4: 1, 5: 1, 6: 1, 7: 1, 8: 1, 9: 1, 10: 1, 11: 1}","PASS, {1: 1, 2: 1, 3: 1, 4: 1, 5: 1, 6: 1, 7: 1, 8: 1, 9: 1, 10: 1}","PASS , {1: 1, 2: 1, 3: 1, 4: 1, 5: 1, 6: 1, 7: 1, 8: 1} ","PASS , {1: 1, 2: 1, 3: 1, 4: 1} ",14:04:49_07-10-25
300,287,7876,050762,"BV25412310175 , T253907602 ",FF00FFA50010600D1FD0761C01072E4F01520D6D000200C800300001000DDBCD0301839A8245009C0929,PASS,"PASS, {1: 1, 2: 1, 3: 1, 4: 1, 5: 1, 6: 1, 7: 1, 8: 1, 9: 1, 10: 1, 11: 1}","PASS, {1: 1, 2: 1, 3: 1, 4: 1, 5: 1, 6: 1, 7: 1, 8: 1, 9: 1, 10: 1}","PASS , {1: 1, 2: 1, 3: 1, 4: 1, 5: 1, 6: 1, 7: 1, 8: 1} ","PASS , {1: 1, 2: 1, 3: 1, 4: 1} ",14:06:08_07-10-25
301,287,7876,050762,"BV25412310113 , T253907508 ",FF00FFA50010600D1FD0761C01072E4F01520D6D000200000000000000000000000000000000000003F7,FAIL,"PASS, {1: 1, 2: 1, 3: 1, 4: 1, 5: 1, 6: 1, 7: 1, 8: 1, 9: 1, 10: 1, 11: 1}","FAIL, {1: 0, 2: 1, 3: 1, 4: 1, 5: 1, 6: 1, 7: 1, 8: 0, 9: 1, 10: 1}","PASS , {1: 1, 2: 1, 3: 1, 4: 1, 5: 1, 6: 1, 7: 1, 8: 1} ","PASS , {1: 1, 2: 1, 3: 1, 4: 1} ",14:07:24_07-10-25
302,288,7876,050762,"BV25412310110 , T253908309 ",FF00FFA50010600D1FD0761C01072E4F01520D6D000200C800300001000DDBCD0301839A8245009C0929,PASS,"PASS, {1: 1, 2: 1, 3: 1, 4: 1, 5: 1, 6: 1, 7: 1, 8: 1, 9: 1, 10: 1, 11: 1}","PASS, {1: 1, 2: 1, 3: 1, 4: 1, 5: 1, 6: 1, 7: 1, 8: 1, 9: 1, 10: 1}","PASS , {1: 1, 2: 1, 3: 1, 4: 1, 5: 1, 6: 1, 7: 1, 8: 1} ","PASS , {1: 1, 2: 1, 3: 1, 4: 1} ",14:08:43_07-10-25
303,289,7876,050762,"BV25412310111 , T253907506 ",FF00FFA50010600D1FD0761C01072E4F01520D6D000200C800300001000DDBCD0301839A8245009C0929,PASS,"PASS, {1: 1, 2: 1, 3: 1, 4: 1, 5: 1, 6: 1, 7: 1, 8: 1, 9: 1, 10: 1, 11: 1}","PASS, {1: 1, 2: 1, 3: 1, 4: 1, 5: 1, 6: 1, 7: 1, 8: 1, 9: 1, 10: 1}","PASS , {1: 1, 2: 1, 3: 1, 4: 1, 5: 1, 6: 1, 7: 1, 8: 1} ","PASS , {1: 1, 2: 1, 3: 1, 4: 1} ",14:10:00_07-10-25
304,289,7876,050762,"BV25412310112 , T253907511 ",FF00FFA50010600D1FD0761C01072E4F01520D6D000200C800300001000DDBCD0301839A8245009C0929,PASS,"PASS, {1: 1, 2: 1, 3: 1, 4: 1, 5: 1, 6: 1, 7: 1, 8: 1, 9: 1, 10: 1, 11: 1}","PASS, {1: 1, 2: 1, 3: 1, 4: 1, 5: 1, 6: 1, 7: 1, 8: 1, 9: 1, 10: 1}","PASS , {1: 1, 2: 1, 3: 1, 4: 1, 5: 1, 6: 1, 7: 1, 8: 1} ","FAIL , {1: 1, 2: 1, 3: 0, 4: 0} ",14:11:23_07-10-25
305,289,7876,050762,"BV25412310102 , T253907494 ",FF00FFA50010600D1FD0761C01072E4F01520D6D000200C800300001000DDBCD0301839A8245009C0929,PASS,"PASS, {1: 1, 2: 1, 3: 1, 4: 1, 5: 1, 6: 1, 7: 1, 8: 1, 9: 1, 10: 1, 11: 1}","PASS, {1: 1, 2: 1, 3: 1, 4: 1, 5: 1, 6: 1, 7: 1, 8: 1, 9: 1, 10: 1}","PASS , {1: 1, 2: 1, 3: 1, 4: 1, 5: 1, 6: 1, 7: 1, 8: 1} ","FAIL , {1: 0, 2: 1, 3: 1, 4: 1} ",14:12:39_07-10-25
306,290,7876,050762,"BV25412310101 , T253907605 ",FF00FFA50010600D1FD0761C01072E4F01520D6D000200C800300001000DDBCD0301839A8245009C0929,PASS,"PASS, {1: 1, 2: 1, 3: 1, 4: 1, 5: 1, 6: 1, 7: 1, 8: 1, 9: 1, 10: 1, 11: 1}","PASS, {1: 1, 2: 1, 3: 1, 4: 1, 5: 1, 6: 1, 7: 1, 8: 1, 9: 1, 10: 1}","PASS , {1: 1, 2: 1, 3: 1, 4: 1, 5: 1, 6: 1, 7: 1, 8: 1} ","PASS , {1: 1, 2: 1, 3: 1, 4: 1} ",14:13:51_07-10-25
307,291,7876,050762,"BV25412310114 , BV25412310114 ",FF00FFA50010600D1FD0761C01072E4F01520D6D000200C800300001000DDBCD0301839A8245009C0929,PASS,"PASS, {1: 1, 2: 1, 3: 1, 4: 1, 5: 1, 6: 1, 7: 1, 8: 1, 9: 1, 10: 1, 11: 1}","PASS, {1: 1, 2: 1, 3: 1, 4: 1, 5: 1, 6: 1, 7: 1, 8: 1, 9: 1, 10: 1}","PASS , {1: 1, 2: 1, 3: 1, 4: 1, 5: 1, 6: 1, 7: 1, 8: 1} ","PASS , {1: 1, 2: 1, 3: 1, 4: 1} ",14:15:05_07-10-25
308,292,7876,050762,"BV25412310115 , T253907502 ",FF00FFA50010600D1FD0761C01072E4F01520D6D000200C800300001000DDBCD0301839A8245009C0929,PASS,"PASS, {1: 1, 2: 1, 3: 1, 4: 1, 5: 1, 6: 1, 7: 1, 8: 1, 9: 1, 10: 1, 11: 1}","PASS, {1: 1, 2: 1, 3: 1, 4: 1, 5: 1, 6: 1, 7: 1, 8: 1, 9: 1, 10: 1}","PASS , {1: 1, 2: 1, 3: 1, 4: 1, 5: 1, 6: 1, 7: 1, 8: 1} ","PASS , {1: 1, 2: 1, 3: 1, 4: 1} ",14:16:19_07-10-25
309,293,7876,050762,"BV25412310116 , T253907487 ",FF00FFA50010600D1FD0761C01072E4F01520D6D000200C800300001000DDBCD0301839A8245009C0929,PASS,"PASS, {1: 1, 2: 1, 3: 1, 4: 1, 5: 1, 6: 1, 7: 1, 8: 1, 9: 1, 10: 1, 11: 1}","PASS, {1: 1, 2: 1, 3: 1, 4: 1, 5: 1, 6: 1, 7: 1, 8: 1, 9: 1, 10: 1}","PASS , {1: 1, 2: 1, 3: 1, 4: 1, 5: 1, 6: 1, 7: 1, 8: 1} ","PASS , {1: 1, 2: 1, 3: 1, 4: 1} ",14:17:32_07-10-25
310,294,7876,050762,"BV25412310103 , T253907509 ",FF00FFA50010600D1FD0761C01072E4F01520D6D000200C800300001000DDBCD0301839A8245009C0929,PASS,"PASS, {1: 1, 2: 1, 3: 1, 4: 1, 5: 1, 6: 1, 7: 1, 8: 1, 9: 1, 10: 1, 11: 1}","PASS, {1: 1, 2: 1, 3: 1, 4: 1, 5: 1, 6: 1, 7: 1, 8: 1, 9: 1, 10: 1}","PASS , {1: 1, 2: 1, 3: 1, 4: 1, 5: 1, 6: 1, 7: 1, 8: 1} ","PASS , {1: 1, 2: 1, 3: 1, 4: 1} ",14:18:47_07-10-25
311,295,7876,050762,"BV25412310379 , T253906889 ",FF00FFA50010600D1FD0761C0106389901508C85000100C800300001000DDBCD0301839A8245009C0A10,PASS,"PASS, {1: 1, 2: 1, 3: 1, 4: 1, 5: 1, 6: 1, 7: 1, 8: 1, 9: 1, 10: 1, 11: 1}","PASS, {1: 1, 2: 1, 3: 1, 4: 1, 5: 1, 6: 1, 7: 1, 8: 1, 9: 1, 10: 1}","PASS , {1: 1, 2: 1, 3: 1, 4: 1, 5: 1, 6: 1, 7: 1, 8: 1} ","PASS , {1: 1, 2: 1, 3: 1, 4: 1} ",14:20:02_07-10-25
312,296,7876,050762,"BV25412310378 , T253906887 ",FF00FFA50010600D1FD0761C0106389901508C85000100C800300001000DDBCD0301839A8245009C0A10,PASS,"PASS, {1: 1, 2: 1, 3: 1, 4: 1, 5: 1, 6: 1, 7: 1, 8: 1, 9: 1, 10: 1, 11: 1}","PASS, {1: 1, 2: 1, 3: 1, 4: 1, 5: 1, 6: 1, 7: 1, 8: 1, 9: 1, 10: 1}","PASS , {1: 1, 2: 1, 3: 1, 4: 1, 5: 1, 6: 1, 7: 1, 8: 1} ","PASS , {1: 1, 2: 1, 3: 1, 4: 1} ",14:21:16_07-10-25
313,297,7876,050762,"BV25412310377 , T253906904 ",FF00FFA50010600D1FD0761C0106389901508C85000100C800300001000DDBCD0301839A8245009C0A10,PASS,"PASS, {1: 1, 2: 1, 3: 1, 4: 1, 5: 1, 6: 1, 7: 1, 8: 1, 9: 1, 10: 1, 11: 1}","PASS, {1: 1, 2: 1, 3: 1, 4: 1, 5: 1, 6: 1, 7: 1, 8: 1, 9: 1, 10: 1}","PASS , {1: 1, 2: 1, 3: 1, 4: 1, 5: 1, 6: 1, 7: 1, 8: 1} ","PASS , {1: 1, 2: 1, 3: 1, 4: 1} ",14:22:35_07-10-25
314,298,7876,050762,"BV25412310382 , T253906920 ",FF00FFA50010600D1FD0761C0106389901508C85000100C800300001000DDBCD0301839A8245009C0A10,PASS,"PASS, {1: 1, 2: 1, 3: 1, 4: 1, 5: 1, 6: 1, 7: 1, 8: 1, 9: 1, 10: 1, 11: 1}","PASS, {1: 1, 2: 1, 3: 1, 4: 1, 5: 1, 6: 1, 7: 1, 8: 1, 9: 1, 10: 1}","PASS , {1: 1, 2: 1, 3: 1, 4: 1, 5: 1, 6: 1, 7: 1, 8: 1} ","PASS , {1: 1, 2: 1, 3: 1, 4: 1} ",14:23:53_07-10-25
315,299,7876,050762,"BV25412310387 , T253906912 ",FF00FFA50010600D1FD0761C0106389901508C85000100C800300001000DDBCD0301839A8245009C0A10,PASS,"PASS, {1: 1, 2: 1, 3: 1, 4: 1, 5: 1, 6: 1, 7: 1, 8: 1, 9: 1, 10: 1, 11: 1}","PASS, {1: 1, 2: 1, 3: 1, 4: 1, 5: 1, 6: 1, 7: 1, 8: 1, 9: 1, 10: 1}","PASS , {1: 1, 2: 1, 3: 1, 4: 1, 5: 1, 6: 1, 7: 1, 8: 1} ","PASS , {1: 1, 2: 1, 3: 1, 4: 1} ",14:25:07_07-10-25
316,300,7876,050762,"BV25412310386 , T253907005 ",FF00FFA50010600D1FD0761C0106389901508C85000100C800300001000DDBCD0301839A8245009C0A10,PASS,"PASS, {1: 1, 2: 1, 3: 1, 4: 1, 5: 1, 6: 1, 7: 1, 8: 1, 9: 1, 10: 1, 11: 1}","PASS, {1: 1, 2: 1, 3: 1, 4: 1, 5: 1, 6: 1, 7: 1, 8: 1, 9: 1, 10: 1}","PASS , {1: 1, 2: 1, 3: 1, 4: 1, 5: 1, 6: 1, 7: 1, 8: 1} ","PASS , {1: 1, 2: 1, 3: 1, 4: 1} ",14:26:21_07-10-25
317,301,7876,050762,"BV25412310385 , T253906994 ",FF00FFA50010600D1FD0761C0106389901508C85000100C800300001000DDBCD0301839A8245009C0A10,PASS,"PASS, {1: 1, 2: 1, 3: 1, 4: 1, 5: 1, 6: 1, 7: 1, 8: 1, 9: 1, 10: 1, 11: 1}","PASS, {1: 1, 2: 1, 3: 1, 4: 1, 5: 1, 6: 1, 7: 1, 8: 1, 9: 1, 10: 1}","PASS , {1: 1, 2: 1, 3: 1, 4: 1, 5: 1, 6: 1, 7: 1, 8: 1} ","PASS , {1: 1, 2: 1, 3: 1, 4: 1} ",14:27:35_07-10-25
318,302,7876,050762,"BV25412310388 , T253906996 ",FF00FFA50010600D1FD0761C0106389901508C85000100C800300001000DDBCD0301839A8245009C0A10,PASS,"PASS, {1: 1, 2: 1, 3: 1, 4: 1, 5: 1, 6: 1, 7: 1, 8: 1, 9: 1, 10: 1, 11: 1}","PASS, {1: 1, 2: 1, 3: 1, 4: 1, 5: 1, 6: 1, 7: 1, 8: 1, 9: 1, 10: 1}","PASS , {1: 1, 2: 1, 3: 1, 4: 1, 5: 1, 6: 1, 7: 1, 8: 1} ","PASS , {1: 1, 2: 1, 3: 1, 4: 1} ",14:29:04_07-10-25
319,303,7876,050762,"BV25412310389 , T253906891 ",FF00FFA50010600D1FD0761C0106389901508C85000100C800300001000DDBCD0301839A8245009C0A10,PASS,"PASS, {1: 1, 2: 1, 3: 1, 4: 1, 5: 1, 6: 1, 7: 1, 8: 1, 9: 1, 10: 1, 11: 1}","PASS, {1: 1, 2: 1, 3: 1, 4: 1, 5: 1, 6: 1, 7: 1, 8: 1, 9: 1, 10: 1}","PASS , {1: 1, 2: 1, 3: 1, 4: 1, 5: 1, 6: 1, 7: 1, 8: 1} ","PASS , {1: 1, 2: 1, 3: 1, 4: 1} ",14:30:25_07-10-25
320,304,7876,050762,"BV25412310390 , T253906925 ",FF00FFA50010600D1FD0761C0106389901508C85000100C800300001000DDBCD0301839A8245009C0A10,PASS,"PASS, {1: 1, 2: 1, 3: 1, 4: 1, 5: 1, 6: 1, 7: 1, 8: 1, 9: 1, 10: 1, 11: 1}","PASS, {1: 1, 2: 1, 3: 1, 4: 1, 5: 1, 6: 1, 7: 1, 8: 1, 9: 1, 10: 1}","PASS , {1: 1, 2: 1, 3: 1, 4: 1, 5: 1, 6: 1, 7: 1, 8: 1} ","PASS , {1: 1, 2: 1, 3: 1, 4: 1} ",14:31:37_07-10-25
321,305,7876,050762,"BV25412310393 , T253907004 ",FF00FFA50010600D1FD0761C0106389901508C85000100C800300001000DDBCD0301839A8245009C0A10,PASS,"PASS, {1: 1, 2: 1, 3: 1, 4: 1, 5: 1, 6: 1, 7: 1, 8: 1, 9: 1, 10: 1, 11: 1}","PASS, {1: 1, 2: 1, 3: 1, 4: 1, 5: 1, 6: 1, 7: 1, 8: 1, 9: 1, 10: 1}","PASS , {1: 1, 2: 1, 3: 1, 4: 1, 5: 1, 6: 1, 7: 1, 8: 1} ","PASS , {1: 1, 2: 1, 3: 1, 4: 1} ",14:32:48_07-10-25
322,306,7876,050762,"BV25412310394 , T253906915 ",FF00FFA50010600D1FD0761C0106389901508C85000100C800300001000DDBCD0301839A8245009C0A10,PASS,"PASS, {1: 1, 2: 1, 3: 1, 4: 1, 5: 1, 6: 1, 7: 1, 8: 1, 9: 1, 10: 1, 11: 1}","PASS, {1: 1, 2: 1, 3: 1, 4: 1, 5: 1, 6: 1, 7: 1, 8: 1, 9: 1, 10: 1}","PASS , {1: 1, 2: 1, 3: 1, 4: 1, 5: 1, 6: 1, 7: 1, 8: 1} ","PASS , {1: 1, 2: 1, 3: 1, 4: 1} ",14:33:59_07-10-25
323,307,7876,050762,"BV25412310396 , T253906899 ",FF00FFA50010600D1FD0761C0106389901508C85000100C800300001000DDBCD0301839A8245009C0A10,PASS,"PASS, {1: 1, 2: 1, 3: 1, 4: 1, 5: 1, 6: 1, 7: 1, 8: 1, 9: 1, 10: 1, 11: 1}","PASS, {1: 1, 2: 1, 3: 1, 4: 1, 5: 1, 6: 1, 7: 1, 8: 1, 9: 1, 10: 1}","PASS , {1: 1, 2: 1, 3: 1, 4: 1, 5: 1, 6: 1, 7: 1, 8: 1} ","PASS , {1: 1, 2: 1, 3: 1, 4: 1} ",14:35:12_07-10-25
324,308,7876,050762,"BV25412310395 , T253906901 ",FF00FFA50010600D1FD0761C0106389901508C85000100C800300001000DDBCD0301839A8245009C0A10,PASS,"PASS, {1: 1, 2: 1, 3: 1, 4: 1, 5: 1, 6: 1, 7: 1, 8: 1, 9: 1, 10: 1, 11: 1}","PASS, {1: 1, 2: 1, 3: 1, 4: 1, 5: 1, 6: 1, 7: 1, 8: 1, 9: 1, 10: 1}","PASS , {1: 1, 2: 1, 3: 1, 4: 1, 5: 1, 6: 1, 7: 1, 8: 1} ","PASS , {1: 1, 2: 1, 3: 1, 4: 1} ",14:36:24_07-10-25
325,309,7876,050762,"BV25412310399 , T253908088 ",FF00FFA50010600D1FD0761C0106389901508C85000100C800300001000DDBCD0301839A8245009C0A10,PASS,"PASS, {1: 1, 2: 1, 3: 1, 4: 1, 5: 1, 6: 1, 7: 1, 8: 1, 9: 1, 10: 1, 11: 1}","PASS, {1: 1, 2: 1, 3: 1, 4: 1, 5: 1, 6: 1, 7: 1, 8: 1, 9: 1, 10: 1}","PASS , {1: 1, 2: 1, 3: 1, 4: 1, 5: 1, 6: 1, 7: 1, 8: 1} ","PASS , {1: 1, 2: 1, 3: 1, 4: 1} ",14:37:35_07-10-25
326,310,7876,050762,"BV25412310397 , T253908245 ",FF00FFA50010600D1FD0761C0106389901508C85000100C800300001000DDBCD0301839A8245009C0A10,PASS,"PASS, {1: 1, 2: 1, 3: 1, 4: 1, 5: 1, 6: 1, 7: 1, 8: 1, 9: 1, 10: 1, 11: 1}","PASS, {1: 1, 2: 1, 3: 1, 4: 1, 5: 1, 6: 1, 7: 1, 8: 1, 9: 1, 10: 1}","PASS , {1: 1, 2: 1, 3: 1, 4: 1, 5: 1, 6: 1, 7: 1, 8: 1} ","PASS , {1: 1, 2: 1, 3: 1, 4: 1} ",14:38:47_07-10-25
327,311,7876,050762,"BV25412310392 , T253906909 ",FF00FFA50010600D1FD0761C0106389901508C85000100C800300001000DDBCD0301839A8245009C0A10,PASS,"PASS, {1: 1, 2: 1, 3: 1, 4: 1, 5: 1, 6: 1, 7: 1, 8: 1, 9: 1, 10: 1, 11: 1}","PASS, {1: 1, 2: 1, 3: 1, 4: 1, 5: 1, 6: 1, 7: 1, 8: 1, 9: 1, 10: 1}","PASS , {1: 1, 2: 1, 3: 1, 4: 1, 5: 1, 6: 1, 7: 1, 8: 1} ","PASS , {1: 1, 2: 1, 3: 1, 4: 1} ",14:39:59_07-10-25
328,312,7876,050762,"BV25412310398 , T253908100 ",FF00FFA50010600D1FD0761C0106389901508C85000100C800300001000DDBCD0301839A8245009C0A10,PASS,"PASS, {1: 1, 2: 1, 3: 1, 4: 1, 5: 1, 6: 1, 7: 1, 8: 1, 9: 1, 10: 1, 11: 1}","PASS, {1: 1, 2: 1, 3: 1, 4: 1, 5: 1, 6: 1, 7: 1, 8: 1, 9: 1, 10: 1}","PASS , {1: 1, 2: 1, 3: 1, 4: 1, 5: 1, 6: 1, 7: 1, 8: 1} ","PASS , {1: 1, 2: 1, 3: 1, 4: 1} ",14:41:10_07-10-25
329,313,7876,050762,"BV25412310353 , T253907609 ",FF00FFA50010600D1FD0761C0106389901508C85000100C800300001000DDBCD0301839A8245009C0A10,PASS,"PASS, {1: 1, 2: 1, 3: 1, 4: 1, 5: 1, 6: 1, 7: 1, 8: 1, 9: 1, 10: 1, 11: 1}","PASS, {1: 1, 2: 1, 3: 1, 4: 1, 5: 1, 6: 1, 7: 1, 8: 1, 9: 1, 10: 1}","PASS , {1: 1, 2: 1, 3: 1, 4: 1, 5: 1, 6: 1, 7: 1, 8: 1} ","PASS , {1: 1, 2: 1, 3: 1, 4: 1} ",14:42:23_07-10-25
330,314,7876,050762,"BV25412310338 , T253905110 ",FF00FFA50010600D1FD0761C0106389901508C85000100C800300001000DDBCD0301839A8245009C0A10,PASS,"PASS, {1: 1, 2: 1, 3: 1, 4: 1, 5: 1, 6: 1, 7: 1, 8: 1, 9: 1, 10: 1, 11: 1}","PASS, {1: 1, 2: 1, 3: 1, 4: 1, 5: 1, 6: 1, 7: 1, 8: 1, 9: 1, 10: 1}","PASS , {1: 1, 2: 1, 3: 1, 4: 1, 5: 1, 6: 1, 7: 1, 8: 1} ","PASS , {1: 1, 2: 1, 3: 1, 4: 1} ",14:43:35_07-10-25
331,315,7876,050762,"BV25412310356 , T253907614 ",FF00FFA50010600D1FD0761C0106389901508C85000100C800300001000DDBCD0301839A8245009C0A10,PASS,"PASS, {1: 1, 2: 1, 3: 1, 4: 1, 5: 1, 6: 1, 7: 1, 8: 1, 9: 1, 10: 1, 11: 1}","PASS, {1: 1, 2: 1, 3: 1, 4: 1, 5: 1, 6: 1, 7: 1, 8: 1, 9: 1, 10: 1}","PASS , {1: 1, 2: 1, 3: 1, 4: 1, 5: 1, 6: 1, 7: 1, 8: 1} ","PASS , {1: 1, 2: 1, 3: 1, 4: 1} ",14:44:47_07-10-25
332,316,7876,050762,"BV25412310357 , T253907196 ",FF00FFA50010600D1FD0761C0106389901508C85000100C800300001000DDBCD0301839A8245009C0A10,PASS,"PASS, {1: 1, 2: 1, 3: 1, 4: 1, 5: 1, 6: 1, 7: 1, 8: 1, 9: 1, 10: 1, 11: 1}","PASS, {1: 1, 2: 1, 3: 1, 4: 1, 5: 1, 6: 1, 7: 1, 8: 1, 9: 1, 10: 1}","PASS , {1: 1, 2: 1, 3: 1, 4: 1, 5: 1, 6: 1, 7: 1, 8: 1} ","PASS , {1: 1, 2: 1, 3: 1, 4: 1} ",14:45:59_07-10-25
333,317,7876,050762,"BV25412310360 , T253907197 ",FF00FFA50010600D1FD0761C0106389901508C85000100C800300001000DDBCD0301839A8245009C0A10,PASS,"PASS, {1: 1, 2: 1, 3: 1, 4: 1, 5: 1, 6: 1, 7: 1, 8: 1, 9: 1, 10: 1, 11: 1}","PASS, {1: 1, 2: 1, 3: 1, 4: 1, 5: 1, 6: 1, 7: 1, 8: 1, 9: 1, 10: 1}","PASS , {1: 1, 2: 1, 3: 1, 4: 1, 5: 1, 6: 1, 7: 1, 8: 1} ","PASS , {1: 1, 2: 1, 3: 1, 4: 1} ",14:47:12_07-10-25
334,318,7876,050762,"BV25412310359 , T253907201 ",FF00FFA50010600D1FD0761C0106389901508C85000100C800300001000DDBCD0301839A8245009C0A10,PASS,"PASS, {1: 1, 2: 1, 3: 1, 4: 1, 5: 1, 6: 1, 7: 1, 8: 1, 9: 1, 10: 1, 11: 1}","PASS, {1: 1, 2: 1, 3: 1, 4: 1, 5: 1, 6: 1, 7: 1, 8: 1, 9: 1, 10: 1}","PASS , {1: 1, 2: 1, 3: 1, 4: 1, 5: 1, 6: 1, 7: 1, 8: 1} ","PASS , {1: 1, 2: 1, 3: 1, 4: 1} ",14:48:24_07-10-25
335,319,7876,050762,"BV25412310358 , T253907198 ",FF00FFA50010600D1FD0761C0106389901508C85000100C800300001000DDBCD0301839A8245009C0A10,PASS,"PASS, {1: 1, 2: 1, 3: 1, 4: 1, 5: 1, 6: 1, 7: 1, 8: 1, 9: 1, 10: 1, 11: 1}","PASS, {1: 1, 2: 1, 3: 1, 4: 1, 5: 1, 6: 1, 7: 1, 8: 1, 9: 1, 10: 1}","PASS , {1: 1, 2: 1, 3: 1, 4: 1, 5: 1, 6: 1, 7: 1, 8: 1} ","PASS , {1: 1, 2: 1, 3: 1, 4: 1} ",14:49:39_07-10-25
336,320,7876,050762,"BV25412310363 , T253907623 ",FF00FFA50010600D1FD0761C0106389901508C85000100C800300001000DDBCD0301839A8245009C0A10,PASS,"PASS, {1: 1, 2: 1, 3: 1, 4: 1, 5: 1, 6: 1, 7: 1, 8: 1, 9: 1, 10: 1, 11: 1}","PASS, {1: 1, 2: 1, 3: 1, 4: 1, 5: 1, 6: 1, 7: 1, 8: 1, 9: 1, 10: 1}","PASS , {1: 1, 2: 1, 3: 1, 4: 1, 5: 1, 6: 1, 7: 1, 8: 1} ","PASS , {1: 1, 2: 1, 3: 1, 4: 1} ",14:50:51_07-10-25
337,321,7876,050762,"BV25412310364 , T253907618 ",FF00FFA50010600D1FD0761C0106389901508C85000100C800300001000DDBCD0301839A8245009C0A10,PASS,"PASS, {1: 1, 2: 1, 3: 1, 4: 1, 5: 1, 6: 1, 7: 1, 8: 1, 9: 1, 10: 1, 11: 1}","PASS, {1: 1, 2: 1, 3: 1, 4: 1, 5: 1, 6: 1, 7: 1, 8: 1, 9: 1, 10: 1}","PASS , {1: 1, 2: 1, 3: 1, 4: 1, 5: 1, 6: 1, 7: 1, 8: 1} ","PASS , {1: 1, 2: 1, 3: 1, 4: 1} ",14:52:03_07-10-25
338,322,7876,050762,"BV25412310367 , T253904964 ",FF00FFA50010600D1FD0761C0106389901508C85000100C800300001000DDBCD0301839A8245009C0A10,PASS,"PASS, {1: 1, 2: 1, 3: 1, 4: 1, 5: 1, 6: 1, 7: 1, 8: 1, 9: 1, 10: 1, 11: 1}","PASS, {1: 1, 2: 1, 3: 1, 4: 1, 5: 1, 6: 1, 7: 1, 8: 1, 9: 1, 10: 1}","PASS , {1: 1, 2: 1, 3: 1, 4: 1, 5: 1, 6: 1, 7: 1, 8: 1} ","PASS , {1: 1, 2: 1, 3: 1, 4: 1} ",14:53:15_07-10-25
339,323,7876,050762,"BV25412310361 , T253907199 ",FF00FFA50010600D1FD0761C0106389901508C85000100C800300001000DDBCD0301839A8245009C0A10,PASS,"PASS, {1: 1, 2: 1, 3: 1, 4: 1, 5: 1, 6: 1, 7: 1, 8: 1, 9: 1, 10: 1, 11: 1}","PASS, {1: 1, 2: 1, 3: 1, 4: 1, 5: 1, 6: 1, 7: 1, 8: 1, 9: 1, 10: 1}","PASS , {1: 1, 2: 1, 3: 1, 4: 1, 5: 1, 6: 1, 7: 1, 8: 1} ","PASS , {1: 1, 2: 1, 3: 1, 4: 1} ",14:54:28_07-10-25
340,324,7876,050762,"BV25412310365 , T253907621 ",FF00FFA50010600D1FD0761C0106389901508C85000100C800300001000DDBCD0301839A8245009C0A10,PASS,"PASS, {1: 1, 2: 1, 3: 1, 4: 1, 5: 1, 6: 1, 7: 1, 8: 1, 9: 1, 10: 1, 11: 1}","PASS, {1: 1, 2: 1, 3: 1, 4: 1, 5: 1, 6: 1, 7: 1, 8: 1, 9: 1, 10: 1}","PASS , {1: 1, 2: 1, 3: 1, 4: 1, 5: 1, 6: 1, 7: 1, 8: 1} ","PASS , {1: 1, 2: 1, 3: 1, 4: 1} ",14:55:48_07-10-25
341,325,7876,050762,"BV25412310368 , T253904960 ",FF00FFA50010600D1FD0761C0106389901508C85000100C800300001000DDBCD0301839A8245009C0A10,PASS,"PASS, {1: 1, 2: 1, 3: 1, 4: 1, 5: 1, 6: 1, 7: 1, 8: 1, 9: 1, 10: 1, 11: 1}","PASS, {1: 1, 2: 1, 3: 1, 4: 1, 5: 1, 6: 1, 7: 1, 8: 1, 9: 1, 10: 1}","PASS , {1: 1, 2: 1, 3: 1, 4: 1, 5: 1, 6: 1, 7: 1, 8: 1} ","PASS , {1: 1, 2: 1, 3: 1, 4: 1} ",14:57:01_07-10-25
342,326,7876,050762,"BV25412310370 , T253904965 ",FF00FFA50010600D1FD0761C0106389901508C85000100C800300001000DDBCD0301839A8245009C0A10,PASS,"PASS, {1: 1, 2: 1, 3: 1, 4: 1, 5: 1, 6: 1, 7: 1, 8: 1, 9: 1, 10: 1, 11: 1}","PASS, {1: 1, 2: 1, 3: 1, 4: 1, 5: 1, 6: 1, 7: 1, 8: 1, 9: 1, 10: 1}","PASS , {1: 1, 2: 1, 3: 1, 4: 1, 5: 1, 6: 1, 7: 1, 8: 1} ","PASS , {1: 1, 2: 1, 3: 1, 4: 1} ",14:58:14_07-10-25
343,327,7876,050762,"BV25412310372 , T253906916 ",FF00FFA50010600D1FD0761C0106389901508C85000100C800300001000DDBCD0301839A8245009C0A10,PASS,"PASS, {1: 1, 2: 1, 3: 1, 4: 1, 5: 1, 6: 1, 7: 1, 8: 1, 9: 1, 10: 1, 11: 1}","PASS, {1: 1, 2: 1, 3: 1, 4: 1, 5: 1, 6: 1, 7: 1, 8: 1, 9: 1, 10: 1}","PASS , {1: 1, 2: 1, 3: 1, 4: 1, 5: 1, 6: 1, 7: 1, 8: 1} ","PASS , {1: 1, 2: 1, 3: 1, 4: 1} ",14:59:28_07-10-25
344,328,7876,050762,"BV25412310373 , T253906911 ",FF00FFA50010600D1FD0761C0106389901508C85000100C800300001000DDBCD0301839A8245009C0A10,PASS,"PASS, {1: 1, 2: 1, 3: 1, 4: 1, 5: 1, 6: 1, 7: 1, 8: 1, 9: 1, 10: 1, 11: 1}","PASS, {1: 1, 2: 1, 3: 1, 4: 1, 5: 1, 6: 1, 7: 1, 8: 1, 9: 1, 10: 1}","PASS , {1: 1, 2: 1, 3: 1, 4: 1, 5: 1, 6: 1, 7: 1, 8: 1} ","PASS , {1: 1, 2: 1, 3: 1, 4: 1} ",15:00:40_07-10-25
345,329,7876,050762,"BV25412310375 , T253906923 ",FF00FFA50010600D1FD0761C0106389901508C85000100C800300001000DDBCD0301839A8245009C0A10,PASS,"PASS, {1: 1, 2: 1, 3: 1, 4: 1, 5: 1, 6: 1, 7: 1, 8: 1, 9: 1, 10: 1, 11: 1}","PASS, {1: 1, 2: 1, 3: 1, 4: 1, 5: 1, 6: 1, 7: 1, 8: 1, 9: 1, 10: 1}","PASS , {1: 1, 2: 1, 3: 1, 4: 1, 5: 1, 6: 1, 7: 1, 8: 1} ","PASS , {1: 1, 2: 1, 3: 1, 4: 1} ",15:01:52_07-10-25
346,330,7876,050762,"BV25412310371 , T253906650 ",FF00FFA50010600D1FD0761C0106389901508C85000100C800300001000DDBCD0301839A8245009C0A10,PASS,"PASS, {1: 1, 2: 1, 3: 1, 4: 1, 5: 1, 6: 1, 7: 1, 8: 1, 9: 1, 10: 1, 11: 1}","PASS, {1: 1, 2: 1, 3: 1, 4: 1, 5: 1, 6: 1, 7: 1, 8: 1, 9: 1, 10: 1}","PASS , {1: 1, 2: 1, 3: 1, 4: 1, 5: 1, 6: 1, 7: 1, 8: 1} ","PASS , {1: 1, 2: 1, 3: 1, 4: 1} ",15:03:03_07-10-25
347,331,7876,050762,"BV25412310402 , T253908248 ",FF00FFA50010600D1FD0761C0106389901508C85000100C800300001000DDBCD0301839A8245009C0A10,PASS,"PASS, {1: 1, 2: 1, 3: 1, 4: 1, 5: 1, 6: 1, 7: 1, 8: 1, 9: 1, 10: 1, 11: 1}","PASS, {1: 1, 2: 1, 3: 1, 4: 1, 5: 1, 6: 1, 7: 1, 8: 1, 9: 1, 10: 1}","PASS , {1: 1, 2: 1, 3: 1, 4: 1, 5: 1, 6: 1, 7: 1, 8: 1} ","PASS , {1: 1, 2: 1, 3: 1, 4: 1} ",15:04:14_07-10-25
348,332,7876,050762,"BV25412310403 , T253908246 ",FF00FFA50010600D1FD0761C0106389901508C85000100C800300001000DDBCD0301839A8245009C0A10,PASS,"PASS, {1: 1, 2: 1, 3: 1, 4: 1, 5: 1, 6: 1, 7: 1, 8: 1, 9: 1, 10: 1, 11: 1}","PASS, {1: 1, 2: 1, 3: 1, 4: 1, 5: 1, 6: 1, 7: 1, 8: 1, 9: 1, 10: 1}","PASS , {1: 1, 2: 1, 3: 1, 4: 1, 5: 1, 6: 1, 7: 1, 8: 1} ","PASS , {1: 1, 2: 1, 3: 1, 4: 1} ",15:05:30_07-10-25
349,333,7876,050762,"BV25412310409 , T253907786 ",FF00FFA50010600D1FD0761C0106389901508C85000100C800300001000DDBCD0301839A8245009C0A10,PASS,"PASS, {1: 1, 2: 1, 3: 1, 4: 1, 5: 1, 6: 1, 7: 1, 8: 1, 9: 1, 10: 1, 11: 1}","PASS, {1: 1, 2: 1, 3: 1, 4: 1, 5: 1, 6: 1, 7: 1, 8: 1, 9: 1, 10: 1}","PASS , {1: 1, 2: 1, 3: 1, 4: 1, 5: 1, 6: 1, 7: 1, 8: 1} ","PASS , {1: 1, 2: 1, 3: 1, 4: 1} ",15:06:42_07-10-25
350,334,7876,050762,"BV25412310407 , T253908247 ",FF00FFA50010600D1FD0761C0106389901508C85000100C800300001000DDBCD0301839A8245009C0A10,PASS,"PASS, {1: 1, 2: 1, 3: 1, 4: 1, 5: 1, 6: 1, 7: 1, 8: 1, 9: 1, 10: 1, 11: 1}","PASS, {1: 1, 2: 1, 3: 1, 4: 1, 5: 1, 6: 1, 7: 1, 8: 1, 9: 1, 10: 1}","PASS , {1: 1, 2: 1, 3: 1, 4: 1, 5: 1, 6: 1, 7: 1, 8: 1} ","PASS , {1: 1, 2: 1, 3: 1, 4: 1} ",15:07:57_07-10-25
351,335,7876,050762,"BV25412310405 , T253908249 ",FF00FFA50010600D1FD0761C0106389901508C85000100C800300001000DDBCD0301839A8245009C0A10,PASS,"PASS, {1: 1, 2: 1, 3: 1, 4: 1, 5: 1, 6: 1, 7: 1, 8: 1, 9: 1, 10: 1, 11: 1}","PASS, {1: 1, 2: 1, 3: 1, 4: 1, 5: 1, 6: 1, 7: 1, 8: 1, 9: 1, 10: 1}","PASS , {1: 1, 2: 1, 3: 1, 4: 1, 5: 1, 6: 1, 7: 1, 8: 1} ","PASS , {1: 1, 2: 1, 3: 1, 4: 1} ",15:09:08_07-10-25
352,336,7876,050762,"BV25412310404 , T253908250 ",FF00FFA50010600D1FD0761C0106389901508C85000100C800300001000DDBCD0301839A8245009C0A10,PASS,"PASS, {1: 1, 2: 1, 3: 1, 4: 1, 5: 1, 6: 1, 7: 1, 8: 1, 9: 1, 10: 1, 11: 1}","PASS, {1: 1, 2: 1, 3: 1, 4: 1, 5: 1, 6: 1, 7: 1, 8: 1, 9: 1, 10: 1}","PASS , {1: 1, 2: 1, 3: 1, 4: 1, 5: 1, 6: 1, 7: 1, 8: 1} ","PASS , {1: 1, 2: 1, 3: 1, 4: 1} ",15:10:23_07-10-25
353,337,7876,050762,"BV25412310400 , T253908087 ",FF00FFA50010600D1FD0761C0106389901508C85000100C800300001000DDBCD0301839A8245009C0A10,PASS,"PASS, {1: 1, 2: 1, 3: 1, 4: 1, 5: 1, 6: 1, 7: 1, 8: 1, 9: 1, 10: 1, 11: 1}","PASS, {1: 1, 2: 1, 3: 1, 4: 1, 5: 1, 6: 1, 7: 1, 8: 1, 9: 1, 10: 1}","PASS , {1: 1, 2: 1, 3: 1, 4: 1, 5: 1, 6: 1, 7: 1, 8: 1} ","PASS , {1: 1, 2: 1, 3: 1, 4: 1} ",15:11:34_07-10-25
354,338,7876,050762,"BV25412310374 , T253906905 ",FF00FFA50010600D1FD0761C0106389901508C85000100C800300001000DDBCD0301839A8245009C0A10,PASS,"PASS, {1: 1, 2: 1, 3: 1, 4: 1, 5: 1, 6: 1, 7: 1, 8: 1, 9: 1, 10: 1, 11: 1}","PASS, {1: 1, 2: 1, 3: 1, 4: 1, 5: 1, 6: 1, 7: 1, 8: 1, 9: 1, 10: 1}","PASS , {1: 1, 2: 1, 3: 1, 4: 1, 5: 1, 6: 1, 7: 1, 8: 1} ","PASS , {1: 1, 2: 1, 3: 1, 4: 1} ",15:12:46_07-10-25
355,339,7876,050762,"BV25412310362 , T253907200 ",FF00FFA50010600D1FD0761C0106389901508C85000100C800300001000DDBCD0301839A8245009C0A10,PASS,"PASS, {1: 1, 2: 1, 3: 1, 4: 1, 5: 1, 6: 1, 7: 1, 8: 1, 9: 1, 10: 1, 11: 1}","PASS, {1: 1, 2: 1, 3: 1, 4: 1, 5: 1, 6: 1, 7: 1, 8: 1, 9: 1, 10: 1}","PASS , {1: 1, 2: 1, 3: 1, 4: 1, 5: 1, 6: 1, 7: 1, 8: 1} ","PASS , {1: 1, 2: 1, 3: 1, 4: 1} ",15:13:57_07-10-25
356,340,7876,050762,"BV25412310416 , T253907366 ",FF00FFA50010600D1FD0761C0106389901508C85000100C800300001000DDBCD0301839A8245009C0A10,PASS,"PASS, {1: 1, 2: 1, 3: 1, 4: 1, 5: 1, 6: 1, 7: 1, 8: 1, 9: 1, 10: 1, 11: 1}","PASS, {1: 1, 2: 1, 3: 1, 4: 1, 5: 1, 6: 1, 7: 1, 8: 1, 9: 1, 10: 1}","PASS , {1: 1, 2: 1, 3: 1, 4: 1, 5: 1, 6: 1, 7: 1, 8: 1} ","PASS , {1: 1, 2: 1, 3: 1, 4: 1} ",15:15:09_07-10-25
357,341,7876,050762,"BV25412310415 , T253907364 ",FF00FFA50010600D1FD0761C0106389901508C85000100C800300001000DDBCD0301839A8245009C0A10,PASS,"PASS, {1: 1, 2: 1, 3: 1, 4: 1, 5: 1, 6: 1, 7: 1, 8: 1, 9: 1, 10: 1, 11: 1}","PASS, {1: 1, 2: 1, 3: 1, 4: 1, 5: 1, 6: 1, 7: 1, 8: 1, 9: 1, 10: 1}","PASS , {1: 1, 2: 1, 3: 1, 4: 1, 5: 1, 6: 1, 7: 1, 8: 1} ","PASS , {1: 1, 2: 1, 3: 1, 4: 1} ",15:16:28_07-10-25
358,342,7876,050762,"BV25412310422 , T253906967 ",FF00FFA50010600D1FD0761C0106389901508C85000100C800300001000DDBCD0301839A8245009C0A10,PASS,"PASS, {1: 1, 2: 1, 3: 1, 4: 1, 5: 1, 6: 1, 7: 1, 8: 1, 9: 1, 10: 1, 11: 1}","PASS, {1: 1, 2: 1, 3: 1, 4: 1, 5: 1, 6: 1, 7: 1, 8: 1, 9: 1, 10: 1}","PASS , {1: 1, 2: 1, 3: 1, 4: 1, 5: 1, 6: 1, 7: 1, 8: 1} ","PASS , {1: 1, 2: 1, 3: 1, 4: 1} ",15:17:40_07-10-25
359,343,7876,050762,"BV25412310421 , T253907783 ",FF00FFA50010600D1FD0761C0106389901508C85000100C800300001000DDBCD0301839A8245009C0A10,PASS,"PASS, {1: 1, 2: 1, 3: 1, 4: 1, 5: 1, 6: 1, 7: 1, 8: 1, 9: 1, 10: 1, 11: 1}","PASS, {1: 1, 2: 1, 3: 1, 4: 1, 5: 1, 6: 1, 7: 1, 8: 1, 9: 1, 10: 1}","PASS , {1: 1, 2: 1, 3: 1, 4: 1, 5: 1, 6: 1, 7: 1, 8: 1} ","PASS , {1: 1, 2: 1, 3: 1, 4: 1} ",15:18:52_07-10-25
360,344,7876,050762,"BV25412310419 , T253907785 ",FF00FFA50010600D1FD0761C0106389901508C85000100C800300001000DDBCD0301839A8245009C0A10,PASS,"PASS, {1: 1, 2: 1, 3: 1, 4: 1, 5: 1, 6: 1, 7: 1, 8: 1, 9: 1, 10: 1, 11: 1}","PASS, {1: 1, 2: 1, 3: 1, 4: 1, 5: 1, 6: 1, 7: 1, 8: 1, 9: 1, 10: 1}","PASS , {1: 1, 2: 1, 3: 1, 4: 1, 5: 1, 6: 1, 7: 1, 8: 1} ","PASS , {1: 1, 2: 1, 3: 1, 4: 1} ",15:20:04_07-10-25
361,345,7876,050762,"BV25412310424 , T253904940 ",FF00FFA50010600D1FD0761C0106389901508C85000100C800300001000DDBCD0301839A8245009C0A10,PASS,"PASS, {1: 1, 2: 1, 3: 1, 4: 1, 5: 1, 6: 1, 7: 1, 8: 1, 9: 1, 10: 1, 11: 1}","PASS, {1: 1, 2: 1, 3: 1, 4: 1, 5: 1, 6: 1, 7: 1, 8: 1, 9: 1, 10: 1}","PASS , {1: 1, 2: 1, 3: 1, 4: 1, 5: 1, 6: 1, 7: 1, 8: 1} ","PASS , {1: 1, 2: 1, 3: 1, 4: 1} ",15:21:15_07-10-25
362,346,7876,050762,"BV25412310423 , T253904939 ",FF00FFA50010600D1FD0761C0106389901508C85000100C800300001000DDBCD0301839A8245009C0A10,PASS,"PASS, {1: 1, 2: 1, 3: 1, 4: 1, 5: 1, 6: 1, 7: 1, 8: 1, 9: 1, 10: 1, 11: 1}","PASS, {1: 1, 2: 1, 3: 1, 4: 1, 5: 1, 6: 1, 7: 1, 8: 1, 9: 1, 10: 1}","PASS , {1: 1, 2: 1, 3: 1, 4: 1, 5: 1, 6: 1, 7: 1, 8: 1} ","PASS , {1: 1, 2: 1, 3: 1, 4: 1} ",15:22:28_07-10-25
363,347,7876,050762,"BV25412310426 , T253909259 ",FF00FFA50010600D1FD0761C0106389901508C85000100C800300001000DDBCD0301839A8245009C0A10,PASS,"PASS, {1: 1, 2: 1, 3: 1, 4: 1, 5: 1, 6: 1, 7: 1, 8: 1, 9: 1, 10: 1, 11: 1}","PASS, {1: 1, 2: 1, 3: 1, 4: 1, 5: 1, 6: 1, 7: 1, 8: 1, 9: 1, 10: 1}","PASS , {1: 1, 2: 1, 3: 1, 4: 1, 5: 1, 6: 1, 7: 1, 8: 1} ","PASS , {1: 1, 2: 1, 3: 1, 4: 1} ",15:23:40_07-10-25
364,348,7876,050762,"BV25412310444 , T253906979 ",FF00FFA50010600D1FD0761C0106389901508C85000100C800300001000DDBCD0301839A8245009C0A10,PASS,"PASS, {1: 1, 2: 1, 3: 1, 4: 1, 5: 1, 6: 1, 7: 1, 8: 1, 9: 1, 10: 1, 11: 1}","PASS, {1: 1, 2: 1, 3: 1, 4: 1, 5: 1, 6: 1, 7: 1, 8: 1, 9: 1, 10: 1}","PASS , {1: 1, 2: 1, 3: 1, 4: 1, 5: 1, 6: 1, 7: 1, 8: 1} ","PASS , {1: 1, 2: 1, 3: 1, 4: 1} ",15:25:15_07-10-25
365,349,7876,050762,"BV25412310450 , T253909430 ",FF00FFA50010600D1FD0761C0106389901508C85000100C800300001000DDBCD0301839A8245009C0A10,PASS,"PASS, {1: 1, 2: 1, 3: 1, 4: 1, 5: 1, 6: 1, 7: 1, 8: 1, 9: 1, 10: 1, 11: 1}","PASS, {1: 1, 2: 1, 3: 1, 4: 1, 5: 1, 6: 1, 7: 1, 8: 1, 9: 1, 10: 1}","PASS , {1: 1, 2: 1, 3: 1, 4: 1, 5: 1, 6: 1, 7: 1, 8: 1} ","PASS , {1: 1, 2: 1, 3: 1, 4: 1} ",15:26:27_07-10-25
366,350,7876,050762,"BV25412310449 , T253909194 ",FF00FFA50010600D1FD0761C0106389901508C85000100C800300001000DDBCD0301839A8245009C0A10,PASS,"PASS, {1: 1, 2: 1, 3: 1, 4: 1, 5: 1, 6: 1, 7: 1, 8: 1, 9: 1, 10: 1, 11: 1}","PASS, {1: 1, 2: 1, 3: 1, 4: 1, 5: 1, 6: 1, 7: 1, 8: 1, 9: 1, 10: 1}","PASS , {1: 1, 2: 1, 3: 1, 4: 1, 5: 1, 6: 1, 7: 1, 8: 1} ","PASS , {1: 1, 2: 1, 3: 1, 4: 1} ",15:27:39_07-10-25
367,351,7876,050762,"BV25412310425 , T253904937 ",FF00FFA50010600D1FD0761C0106389901508C85000100C800300001000DDBCD0301839A8245009C0A10,PASS,"PASS, {1: 1, 2: 1, 3: 1, 4: 1, 5: 1, 6: 1, 7: 1, 8: 1, 9: 1, 10: 1, 11: 1}","PASS, {1: 1, 2: 1, 3: 1, 4: 1, 5: 1, 6: 1, 7: 1, 8: 1, 9: 1, 10: 1}","PASS , {1: 1, 2: 1, 3: 1, 4: 1, 5: 1, 6: 1, 7: 1, 8: 1} ","PASS , {1: 1, 2: 1, 3: 1, 4: 1} ",15:28:53_07-10-25
368,352,7876,050762,"BV25412310446 , T253906985 ",FF00FFA50010600D1FD0761C0106389901508C85000100C800300001000DDBCD0301839A8245009C0A10,PASS,"PASS, {1: 1, 2: 1, 3: 1, 4: 1, 5: 1, 6: 1, 7: 1, 8: 1, 9: 1, 10: 1, 11: 1}","PASS, {1: 1, 2: 1, 3: 1, 4: 1, 5: 1, 6: 1, 7: 1, 8: 1, 9: 1, 10: 1}","PASS , {1: 1, 2: 1, 3: 1, 4: 1, 5: 1, 6: 1, 7: 1, 8: 1} ","PASS , {1: 1, 2: 1, 3: 1, 4: 1} ",15:30:04_07-10-25
369,353,7876,050762,"BV25412310445 , T253906969 ",FF00FFA50010600D1FD0761C0106389901508C85000100C800300001000DDBCD0301839A8245009C0A10,PASS,"PASS, {1: 1, 2: 1, 3: 1, 4: 1, 5: 1, 6: 1, 7: 1, 8: 1, 9: 1, 10: 1, 11: 1}","PASS, {1: 1, 2: 1, 3: 1, 4: 1, 5: 1, 6: 1, 7: 1, 8: 1, 9: 1, 10: 1}","PASS , {1: 1, 2: 1, 3: 1, 4: 1, 5: 1, 6: 1, 7: 1, 8: 1} ","PASS , {1: 1, 2: 1, 3: 1, 4: 1} ",15:31:15_07-10-25
370,354,7876,050762,"BV25412310448 , T253909431 ",FF00FFA50010600D1FD0761C0106389901508C85000100C800300001000DDBCD0301839A8245009C0A10,PASS,"PASS, {1: 1, 2: 1, 3: 1, 4: 1, 5: 1, 6: 1, 7: 1, 8: 1, 9: 1, 10: 1, 11: 1}","PASS, {1: 1, 2: 1, 3: 1, 4: 1, 5: 1, 6: 1, 7: 1, 8: 1, 9: 1, 10: 1}","PASS , {1: 1, 2: 1, 3: 1, 4: 1, 5: 1, 6: 1, 7: 1, 8: 1} ","PASS , {1: 1, 2: 1, 3: 1, 4: 1} ",15:32:28_07-10-25
371,355,7876,050762,"BV25412310443 , T253906968 ",FF00FFA50010600D1FD0761C0106389901508C85000100C800300001000DDBCD0301839A8245009C0A10,PASS,"PASS, {1: 1, 2: 1, 3: 1, 4: 1, 5: 1, 6: 1, 7: 1, 8: 1, 9: 1, 10: 1, 11: 1}","PASS, {1: 1, 2: 1, 3: 1, 4: 1, 5: 1, 6: 1, 7: 1, 8: 1, 9: 1, 10: 1}","PASS , {1: 1, 2: 1, 3: 1, 4: 1, 5: 1, 6: 1, 7: 1, 8: 1} ","PASS , {1: 1, 2: 1, 3: 1, 4: 1} ",15:33:40_07-10-25
372,356,7876,050762,"BV25412310440 , T253906992 ",FF00FFA50010600D1FD0761C0106389901508C85000100C800300001000DDBCD0301839A8245009C0A10,PASS,"PASS, {1: 1, 2: 1, 3: 1, 4: 1, 5: 1, 6: 1, 7: 1, 8: 1, 9: 1, 10: 1, 11: 1}","PASS, {1: 1, 2: 1, 3: 1, 4: 1, 5: 1, 6: 1, 7: 1, 8: 1, 9: 1, 10: 1}","PASS , {1: 1, 2: 1, 3: 1, 4: 1, 5: 1, 6: 1, 7: 1, 8: 1} ","PASS , {1: 1, 2: 1, 3: 1, 4: 1} ",15:34:55_07-10-25
373,357,7876,050762,"BV25412310437 , T253904930 ",FF00FFA50010600D1FD0761C0106389901508C85000100C800300001000DDBCD0301839A8245009C0A10,PASS,"PASS, {1: 1, 2: 1, 3: 1, 4: 1, 5: 1, 6: 1, 7: 1, 8: 1, 9: 1, 10: 1, 11: 1}","PASS, {1: 1, 2: 1, 3: 1, 4: 1, 5: 1, 6: 1, 7: 1, 8: 1, 9: 1, 10: 1}","PASS , {1: 1, 2: 1, 3: 1, 4: 1, 5: 1, 6: 1, 7: 1, 8: 1} ","PASS , {1: 1, 2: 1, 3: 1, 4: 1} ",15:36:07_07-10-25
374,358,7876,050762,"BV25412310435 , T253904925 ",FF00FFA50010600D1FD0761C0106389901508C85000100C800300001000DDBCD0301839A8245009C0A10,PASS,"PASS, {1: 1, 2: 1, 3: 1, 4: 1, 5: 1, 6: 1, 7: 1, 8: 1, 9: 1, 10: 1, 11: 1}","PASS, {1: 1, 2: 1, 3: 1, 4: 1, 5: 1, 6: 1, 7: 1, 8: 1, 9: 1, 10: 1}","PASS , {1: 1, 2: 1, 3: 1, 4: 1, 5: 1, 6: 1, 7: 1, 8: 1} ","PASS , {1: 1, 2: 1, 3: 1, 4: 1} ",15:37:40_07-10-25
375,359,7876,050762,"BV25412310439 , T253906991 ",FF00FFA50010600D1FD0761C0106389901508C85000100C800300001000DDBCD0301839A8245009C0A10,PASS,"PASS, {1: 1, 2: 1, 3: 1, 4: 1, 5: 1, 6: 1, 7: 1, 8: 1, 9: 1, 10: 1, 11: 1}","PASS, {1: 1, 2: 1, 3: 1, 4: 1, 5: 1, 6: 1, 7: 1, 8: 1, 9: 1, 10: 1}","PASS , {1: 1, 2: 1, 3: 1, 4: 1, 5: 1, 6: 1, 7: 1, 8: 1} ","PASS , {1: 1, 2: 1, 3: 1, 4: 1} ",15:38:53_07-10-25
376,360,7876,050762,"BV25412310442 , T253906973 ",FF00FFA50010600D1FD0761C0106389901508C85000100C800300001000DDBCD0301839A8245009C0A10,PASS,"PASS, {1: 1, 2: 1, 3: 1, 4: 1, 5: 1, 6: 1, 7: 1, 8: 1, 9: 1, 10: 1, 11: 1}","PASS, {1: 1, 2: 1, 3: 1, 4: 1, 5: 1, 6: 1, 7: 1, 8: 1, 9: 1, 10: 1}","PASS , {1: 1, 2: 1, 3: 1, 4: 1, 5: 1, 6: 1, 7: 1, 8: 1} ","PASS , {1: 1, 2: 1, 3: 1, 4: 1} ",15:40:07_07-10-25
377,361,7876,050762,"BV25412310441 , T253906970 ",FF00FFA50010600D1FD0761C0106389901508C85000100C800300001000DDBCD0301839A8245009C0A10,PASS,"PASS, {1: 1, 2: 1, 3: 1, 4: 1, 5: 1, 6: 1, 7: 1, 8: 1, 9: 1, 10: 1, 11: 1}","PASS, {1: 1, 2: 1, 3: 1, 4: 1, 5: 1, 6: 1, 7: 1, 8: 1, 9: 1, 10: 1}","PASS , {1: 1, 2: 1, 3: 1, 4: 1, 5: 1, 6: 1, 7: 1, 8: 1} ","PASS , {1: 1, 2: 1, 3: 1, 4: 1} ",15:41:21_07-10-25
378,362,7876,050762,"BV25412310447 , T253909201 ",FF00FFA50010600D1FD0761C0106389901508C85000100C800300001000DDBCD0301839A8245009C0A10,PASS,"PASS, {1: 1, 2: 1, 3: 1, 4: 1, 5: 1, 6: 1, 7: 1, 8: 1, 9: 1, 10: 1, 11: 1}","PASS, {1: 1, 2: 1, 3: 1, 4: 1, 5: 1, 6: 1, 7: 1, 8: 1, 9: 1, 10: 1}","PASS , {1: 1, 2: 1, 3: 1, 4: 1, 5: 1, 6: 1, 7: 1, 8: 1} ","PASS , {1: 1, 2: 1, 3: 1, 4: 1} ",15:42:35_07-10-25
379,363,7876,050762,"BV25412310420 , T253907790 ",FF00FFA50010600D1FD0761C0106389901508C85000100C800300001000DDBCD0301839A8245009C0A10,PASS,"PASS, {1: 1, 2: 1, 3: 1, 4: 1, 5: 1, 6: 1, 7: 1, 8: 1, 9: 1, 10: 1, 11: 1}","PASS, {1: 1, 2: 1, 3: 1, 4: 1, 5: 1, 6: 1, 7: 1, 8: 1, 9: 1, 10: 1}","PASS , {1: 1, 2: 1, 3: 1, 4: 1, 5: 1, 6: 1, 7: 1, 8: 1} ","PASS , {1: 1, 2: 1, 3: 1, 4: 1} ",15:43:47_07-10-25
380,364,7876,050762,"BV25412310417 , T253907782 ",FF00FFA50010600D1FD0761C0106389901508C85000100C800300001000DDBCD0301839A8245009C0A10,PASS,"PASS, {1: 1, 2: 1, 3: 1, 4: 1, 5: 1, 6: 1, 7: 1, 8: 1, 9: 1, 10: 1, 11: 1}","PASS, {1: 1, 2: 1, 3: 1, 4: 1, 5: 1, 6: 1, 7: 1, 8: 1, 9: 1, 10: 1}","PASS , {1: 1, 2: 1, 3: 1, 4: 1, 5: 1, 6: 1, 7: 1, 8: 1} ","PASS , {1: 1, 2: 1, 3: 1, 4: 1} ",15:44:58_07-10-25
381,365,7876,050762,"BV25412310355 , T253907617 ",FF00FFA50010600D1FD0761C0106389901508C85000100C800300001000DDBCD0301839A8245009C0A10,PASS,"PASS, {1: 1, 2: 1, 3: 1, 4: 1, 5: 1, 6: 1, 7: 1, 8: 1, 9: 1, 10: 1, 11: 1}","PASS, {1: 1, 2: 1, 3: 1, 4: 1, 5: 1, 6: 1, 7: 1, 8: 1, 9: 1, 10: 1}","PASS , {1: 1, 2: 1, 3: 1, 4: 1, 5: 1, 6: 1, 7: 1, 8: 1} ","PASS , {1: 1, 2: 1, 3: 1, 4: 1} ",15:46:10_07-10-25
382,366,7876,050762,"BV25412310401 , T253908089 ",FF00FFA50010600D1FD0761C0106389901508C85000100C800300001000DDBCD0301839A8245009C0A10,PASS,"PASS, {1: 1, 2: 1, 3: 1, 4: 1, 5: 1, 6: 1, 7: 1, 8: 1, 9: 1, 10: 1, 11: 1}","PASS, {1: 1, 2: 1, 3: 1, 4: 1, 5: 1, 6: 1, 7: 1, 8: 1, 9: 1, 10: 1}","PASS , {1: 1, 2: 1, 3: 1, 4: 1, 5: 1, 6: 1, 7: 1, 8: 1} ","PASS , {1: 1, 2: 1, 3: 1, 4: 1} ",15:47:30_07-10-25
383,367,7876,050762,"BV25412310391 , T253906918 ",FF00FFA50010600D1FD0761C0106389901508C85000100C800300001000DDBCD0301839A8245009C0A10,PASS,"PASS, {1: 1, 2: 1, 3: 1, 4: 1, 5: 1, 6: 1, 7: 1, 8: 1, 9: 1, 10: 1, 11: 1}","PASS, {1: 1, 2: 1, 3: 1, 4: 1, 5: 1, 6: 1, 7: 1, 8: 1, 9: 1, 10: 1}","PASS , {1: 1, 2: 1, 3: 1, 4: 1, 5: 1, 6: 1, 7: 1, 8: 1} ","PASS , {1: 1, 2: 1, 3: 1, 4: 1} ",15:48:48_07-10-25
384,367,7876,050762,"BV25412310430 , T253904932 ",FF00FFA50010600D1FD0761C0106389901508C85000100C800300001000DDBCD0301839A8245009C0A10,PASS,"PASS, {1: 1, 2: 1, 3: 1, 4: 1, 5: 1, 6: 1, 7: 1, 8: 1, 9: 1, 10: 1, 11: 1}","PASS, {1: 1, 2: 1, 3: 1, 4: 1, 5: 1, 6: 1, 7: 1, 8: 1, 9: 1, 10: 1}","FAIL , {1: 1, 2: 1, 3: 1, 4: 1, 5: 1, 6: 0, 7: 1, 8: 1} ","PASS , {1: 1, 2: 1, 3: 1, 4: 1} ",15:50:14_07-10-25
385,368,7876,050762,"BV25412310438 , T253906987 ",FF00FFA50010600D1FD0761C0106389901508C85000100C800300001000DDBCD0301839A8245009C0A10,PASS,"PASS, {1: 1, 2: 1, 3: 1, 4: 1, 5: 1, 6: 1, 7: 1, 8: 1, 9: 1, 10: 1, 11: 1}","PASS, {1: 1, 2: 1, 3: 1, 4: 1, 5: 1, 6: 1, 7: 1, 8: 1, 9: 1, 10: 1}","PASS , {1: 1, 2: 1, 3: 1, 4: 1, 5: 1, 6: 1, 7: 1, 8: 1} ","PASS , {1: 1, 2: 1, 3: 1, 4: 1} ",15:51:36_07-10-25
386,369,7876,050762,"BV25412310434 , T253904929 ",FF00FFA50010600D1FD0761C0106389901508C85000100C800300001000DDBCD0301839A8245009C0A10,PASS,"PASS, {1: 1, 2: 1, 3: 1, 4: 1, 5: 1, 6: 1, 7: 1, 8: 1, 9: 1, 10: 1, 11: 1}","PASS, {1: 1, 2: 1, 3: 1, 4: 1, 5: 1, 6: 1, 7: 1, 8: 1, 9: 1, 10: 1}","PASS , {1: 1, 2: 1, 3: 1, 4: 1, 5: 1, 6: 1, 7: 1, 8: 1} ","PASS , {1: 1, 2: 1, 3: 1, 4: 1} ",15:52:52_07-10-25
387,370,7876,050762,"BV25412310428 , T253904935 ",FF00FFA50010600D1FD0761C0106389901508C85000100C800300001000DDBCD0301839A8245009C0A10,PASS,"PASS, {1: 1, 2: 1, 3: 1, 4: 1, 5: 1, 6: 1, 7: 1, 8: 1, 9: 1, 10: 1, 11: 1}","PASS, {1: 1, 2: 1, 3: 1, 4: 1, 5: 1, 6: 1, 7: 1, 8: 1, 9: 1, 10: 1}","PASS , {1: 1, 2: 1, 3: 1, 4: 1, 5: 1, 6: 1, 7: 1, 8: 1} ","PASS , {1: 1, 2: 1, 3: 1, 4: 1} ",15:54:06_07-10-25
388,371,7876,050762,"BV25412310431 , T253904936 ",FF00FFA50010600D1FD0761C0106389901508C85000100C800300001000DDBCD0301839A8245009C0A10,PASS,"PASS, {1: 1, 2: 1, 3: 1, 4: 1, 5: 1, 6: 1, 7: 1, 8: 1, 9: 1, 10: 1, 11: 1}","PASS, {1: 1, 2: 1, 3: 1, 4: 1, 5: 1, 6: 1, 7: 1, 8: 1, 9: 1, 10: 1}","PASS , {1: 1, 2: 1, 3: 1, 4: 1, 5: 1, 6: 1, 7: 1, 8: 1} ","PASS , {1: 1, 2: 1, 3: 1, 4: 1} ",15:55:24_07-10-25
389,372,7876,050762,"BV25412310436 , T253904928 ",FF00FFA50010600D1FD0761C0106389901508C85000100C800300001000DDBCD0301839A8245009C0A10,PASS,"PASS, {1: 1, 2: 1, 3: 1, 4: 1, 5: 1, 6: 1, 7: 1, 8: 1, 9: 1, 10: 1, 11: 1}","PASS, {1: 1, 2: 1, 3: 1, 4: 1, 5: 1, 6: 1, 7: 1, 8: 1, 9: 1, 10: 1}","PASS , {1: 1, 2: 1, 3: 1, 4: 1, 5: 1, 6: 1, 7: 1, 8: 1} ","PASS , {1: 1, 2: 1, 3: 1, 4: 1} ",15:56:44_07-10-25
390,373,7876,050762,"BV25412310453 , T253908537 ",FF00FFA50010600D1FD0761C0106389901508C85000100C800300001000DDBCD0301839A8245009C0A10,PASS,"PASS, {1: 1, 2: 1, 3: 1, 4: 1, 5: 1, 6: 1, 7: 1, 8: 1, 9: 1, 10: 1, 11: 1}","PASS, {1: 1, 2: 1, 3: 1, 4: 1, 5: 1, 6: 1, 7: 1, 8: 1, 9: 1, 10: 1}","PASS , {1: 1, 2: 1, 3: 1, 4: 1, 5: 1, 6: 1, 7: 1, 8: 1} ","PASS , {1: 1, 2: 1, 3: 1, 4: 1} ",15:58:02_07-10-25
391,374,7876,050762,"BV25412310456 , T253909433 ",FF00FFA50010600D1FD0761C0106389901508C85000100C800300001000DDBCD0301839A8245009C0A10,PASS,"PASS, {1: 1, 2: 1, 3: 1, 4: 1, 5: 1, 6: 1, 7: 1, 8: 1, 9: 1, 10: 1, 11: 1}","PASS, {1: 1, 2: 1, 3: 1, 4: 1, 5: 1, 6: 1, 7: 1, 8: 1, 9: 1, 10: 1}","PASS , {1: 1, 2: 1, 3: 1, 4: 1, 5: 1, 6: 1, 7: 1, 8: 1} ","PASS , {1: 1, 2: 1, 3: 1, 4: 1} ",15:59:14_07-10-25
392,375,7876,050762,"BV25412310452 , T253906971 ",FF00FFA50010600D1FD0761C0106389901508C85000100C800300001000DDBCD0301839A8245009C0A10,PASS,"PASS, {1: 1, 2: 1, 3: 1, 4: 1, 5: 1, 6: 1, 7: 1, 8: 1, 9: 1, 10: 1, 11: 1}","PASS, {1: 1, 2: 1, 3: 1, 4: 1, 5: 1, 6: 1, 7: 1, 8: 1, 9: 1, 10: 1}","PASS , {1: 1, 2: 1, 3: 1, 4: 1, 5: 1, 6: 1, 7: 1, 8: 1} ","PASS , {1: 1, 2: 1, 3: 1, 4: 1} ",16:00:27_07-10-25
393,376,7876,050762,"BV25412310455 , T253909203 ",FF00FFA50010600D1FD0761C0106389901508C85000100C800300001000DDBCD0301839A8245009C0A10,PASS,"PASS, {1: 1, 2: 1, 3: 1, 4: 1, 5: 1, 6: 1, 7: 1, 8: 1, 9: 1, 10: 1, 11: 1}","PASS, {1: 1, 2: 1, 3: 1, 4: 1, 5: 1, 6: 1, 7: 1, 8: 1, 9: 1, 10: 1}","PASS , {1: 1, 2: 1, 3: 1, 4: 1, 5: 1, 6: 1, 7: 1, 8: 1} ","PASS , {1: 1, 2: 1, 3: 1, 4: 1} ",16:02:07_07-10-25
394,377,7876,050762,"BV25412310465 , T253909429 ",FF00FFA50010600D1FD0761C0106389901508C85000100C800300001000DDBCD0301839A8245009C0A10,PASS,"PASS, {1: 1, 2: 1, 3: 1, 4: 1, 5: 1, 6: 1, 7: 1, 8: 1, 9: 1, 10: 1, 11: 1}","PASS, {1: 1, 2: 1, 3: 1, 4: 1, 5: 1, 6: 1, 7: 1, 8: 1, 9: 1, 10: 1}","PASS , {1: 1, 2: 1, 3: 1, 4: 1, 5: 1, 6: 1, 7: 1, 8: 1} ","PASS , {1: 1, 2: 1, 3: 1, 4: 1} ",16:03:18_07-10-25
395,378,7876,050762,"BV25412310459 , T253909434 ",FF00FFA50010600D1FD0761C0106389901508C85000100C800300001000DDBCD0301839A8245009C0A10,PASS,"PASS, {1: 1, 2: 1, 3: 1, 4: 1, 5: 1, 6: 1, 7: 1, 8: 1, 9: 1, 10: 1, 11: 1}","PASS, {1: 1, 2: 1, 3: 1, 4: 1, 5: 1, 6: 1, 7: 1, 8: 1, 9: 1, 10: 1}","PASS , {1: 1, 2: 1, 3: 1, 4: 1, 5: 1, 6: 1, 7: 1, 8: 1} ","PASS , {1: 1, 2: 1, 3: 1, 4: 1} ",16:04:31_07-10-25
396,379,7876,050762,"BV25412310451 , T253909205 ",FF00FFA50010600D1FD0761C0106389901508C85000100C800300001000DDBCD0301839A8245009C0A10,PASS,"PASS, {1: 1, 2: 1, 3: 1, 4: 1, 5: 1, 6: 1, 7: 1, 8: 1, 9: 1, 10: 1, 11: 1}","PASS, {1: 1, 2: 1, 3: 1, 4: 1, 5: 1, 6: 1, 7: 1, 8: 1, 9: 1, 10: 1}","PASS , {1: 1, 2: 1, 3: 1, 4: 1, 5: 1, 6: 1, 7: 1, 8: 1} ","PASS , {1: 1, 2: 1, 3: 1, 4: 1} ",16:05:42_07-10-25
397,380,7876,050762,"BV25412310651 , T253909424 ",FF00FFA50010600D1FD0761C0106389901508C85000100C800300001000DDBCD0301839A8245009C0A10,PASS,"PASS, {1: 1, 2: 1, 3: 1, 4: 1, 5: 1, 6: 1, 7: 1, 8: 1, 9: 1, 10: 1, 11: 1}","PASS, {1: 1, 2: 1, 3: 1, 4: 1, 5: 1, 6: 1, 7: 1, 8: 1, 9: 1, 10: 1}","PASS , {1: 1, 2: 1, 3: 1, 4: 1, 5: 1, 6: 1, 7: 1, 8: 1} ","PASS , {1: 1, 2: 1, 3: 1, 4: 1} ",16:07:00_07-10-25
398,381,7876,050762,"BV25412310457 , T253909435 ",FF00FFA50010600D1FD0761C0106389901508C85000100C800300001000DDBCD0301839A8245009C0A10,PASS,"PASS, {1: 1, 2: 1, 3: 1, 4: 1, 5: 1, 6: 1, 7: 1, 8: 1, 9: 1, 10: 1, 11: 1}","PASS, {1: 1, 2: 1, 3: 1, 4: 1, 5: 1, 6: 1, 7: 1, 8: 1, 9: 1, 10: 1}","PASS , {1: 1, 2: 1, 3: 1, 4: 1, 5: 1, 6: 1, 7: 1, 8: 1} ","PASS , {1: 1, 2: 1, 3: 1, 4: 1} ",16:08:13_07-10-25
399,382,7876,050762,"BV25412310468 , T253908538 ",FF00FFA50010600D1FD0761C0106389901508C85000100C800300001000DDBCD0301839A8245009C0A10,PASS,"PASS, {1: 1, 2: 1, 3: 1, 4: 1, 5: 1, 6: 1, 7: 1, 8: 1, 9: 1, 10: 1, 11: 1}","PASS, {1: 1, 2: 1, 3: 1, 4: 1, 5: 1, 6: 1, 7: 1, 8: 1, 9: 1, 10: 1}","PASS , {1: 1, 2: 1, 3: 1, 4: 1, 5: 1, 6: 1, 7: 1, 8: 1} ","PASS , {1: 1, 2: 1, 3: 1, 4: 1} ",16:09:25_07-10-25
400,383,7876,050762,"BV25412310460 , T253909196 ",FF00FFA50010600D1FD0761C0106389901508C85000100C800300001000DDBCD0301839A8245009C0A10,PASS,"PASS, {1: 1, 2: 1, 3: 1, 4: 1, 5: 1, 6: 1, 7: 1, 8: 1, 9: 1, 10: 1, 11: 1}","PASS, {1: 1, 2: 1, 3: 1, 4: 1, 5: 1, 6: 1, 7: 1, 8: 1, 9: 1, 10: 1}","PASS , {1: 1, 2: 1, 3: 1, 4: 1, 5: 1, 6: 1, 7: 1, 8: 1} ","PASS , {1: 1, 2: 1, 3: 1, 4: 1} ",16:10:36_07-10-25
401,384,7876,050762,"BV25412310466 , T253909197 ",FF00FFA50010600D1FD0761C0106389901508C85000100C800300001000DDBCD0301839A8245009C0A10,PASS,"PASS, {1: 1, 2: 1, 3: 1, 4: 1, 5: 1, 6: 1, 7: 1, 8: 1, 9: 1, 10: 1, 11: 1}","PASS, {1: 1, 2: 1, 3: 1, 4: 1, 5: 1, 6: 1, 7: 1, 8: 1, 9: 1, 10: 1}","PASS , {1: 1, 2: 1, 3: 1, 4: 1, 5: 1, 6: 1, 7: 1, 8: 1} ","PASS , {1: 1, 2: 1, 3: 1, 4: 1} ",16:11:48_07-10-25
402,384,7876,050762,"BV25412310467 , T253909427 ",FF00FFA50010600D1FD0761C0106389901508C85000100C800300001000DDBCD0301839A8245009C0A10,PASS,"PASS, {1: 1, 2: 1, 3: 1, 4: 1, 5: 1, 6: 1, 7: 1, 8: 1, 9: 1, 10: 1, 11: 1}","PASS, {1: 1, 2: 1, 3: 1, 4: 1, 5: 1, 6: 1, 7: 1, 8: 1, 9: 1, 10: 1}","FAIL , {1: 1, 2: 1, 3: 1, 4: 1, 5: 1, 6: 1, 7: 0, 8: 1} ","PASS , {1: 1, 2: 1, 3: 1, 4: 1} ",16:13:04_07-10-25
403,385,7876,050762,"BV25412310458 , T253909200 ",FF00FFA50010600D1FD0761C0106389901508C85000100C800300001000DDBCD0301839A8245009C0A10,PASS,"PASS, {1: 1, 2: 1, 3: 1, 4: 1, 5: 1, 6: 1, 7: 1, 8: 1, 9: 1, 10: 1, 11: 1}","PASS, {1: 1, 2: 1, 3: 1, 4: 1, 5: 1, 6: 1, 7: 1, 8: 1, 9: 1, 10: 1}","PASS , {1: 1, 2: 1, 3: 1, 4: 1, 5: 1, 6: 1, 7: 1, 8: 1} ","PASS , {1: 1, 2: 1, 3: 1, 4: 1} ",16:14:18_07-10-25
404,386,7876,050762,"BV25412310464 , T253908464 ",FF00FFA50010600D1FD0761C0106389901508C85000100C800300001000DDBCD0301839A8245009C0A10,PASS,"PASS, {1: 1, 2: 1, 3: 1, 4: 1, 5: 1, 6: 1, 7: 1, 8: 1, 9: 1, 10: 1, 11: 1}","PASS, {1: 1, 2: 1, 3: 1, 4: 1, 5: 1, 6: 1, 7: 1, 8: 1, 9: 1, 10: 1}","PASS , {1: 1, 2: 1, 3: 1, 4: 1, 5: 1, 6: 1, 7: 1, 8: 1} ","PASS , {1: 1, 2: 1, 3: 1, 4: 1} ",16:15:29_07-10-25
405,387,7876,050762,"BV25412310462 , T253908539 ",FF00FFA50010600D1FD0761C0106389901508C85000100C800300001000DDBCD0301839A8245009C0A10,PASS,"PASS, {1: 1, 2: 1, 3: 1, 4: 1, 5: 1, 6: 1, 7: 1, 8: 1, 9: 1, 10: 1, 11: 1}","PASS, {1: 1, 2: 1, 3: 1, 4: 1, 5: 1, 6: 1, 7: 1, 8: 1, 9: 1, 10: 1}","PASS , {1: 1, 2: 1, 3: 1, 4: 1, 5: 1, 6: 1, 7: 1, 8: 1} ","PASS , {1: 1, 2: 1, 3: 1, 4: 1} ",16:16:41_07-10-25
406,388,7876,050762,"BV25412310471 , T253907239 ",FF00FFA50010600D1FD0761C0106389901508C85000100C800300001000DDBCD0301839A8245009C0A10,PASS,"PASS, {1: 1, 2: 1, 3: 1, 4: 1, 5: 1, 6: 1, 7: 1, 8: 1, 9: 1, 10: 1, 11: 1}","PASS, {1: 1, 2: 1, 3: 1, 4: 1, 5: 1, 6: 1, 7: 1, 8: 1, 9: 1, 10: 1}","PASS , {1: 1, 2: 1, 3: 1, 4: 1, 5: 1, 6: 1, 7: 1, 8: 1} ","PASS , {1: 1, 2: 1, 3: 1, 4: 1} ",16:17:53_07-10-25
407,389,7876,050762,"BV25412310461 , T253908563 ",FF00FFA50010600D1FD0761C0106389901508C85000100C800300001000DDBCD0301839A8245009C0A10,PASS,"PASS, {1: 1, 2: 1, 3: 1, 4: 1, 5: 1, 6: 1, 7: 1, 8: 1, 9: 1, 10: 1, 11: 1}","PASS, {1: 1, 2: 1, 3: 1, 4: 1, 5: 1, 6: 1, 7: 1, 8: 1, 9: 1, 10: 1}","PASS , {1: 1, 2: 1, 3: 1, 4: 1, 5: 1, 6: 1, 7: 1, 8: 1} ","PASS , {1: 1, 2: 1, 3: 1, 4: 1} ",16:19:05_07-10-25
408,390,7876,050762,"BV25412310497 , T253909309 ",FF00FFA50010600D1FD0761C0106389901508C85000100C800300001000DDBCD0301839A8245009C0A10,PASS,"PASS, {1: 1, 2: 1, 3: 1, 4: 1, 5: 1, 6: 1, 7: 1, 8: 1, 9: 1, 10: 1, 11: 1}","PASS, {1: 1, 2: 1, 3: 1, 4: 1, 5: 1, 6: 1, 7: 1, 8: 1, 9: 1, 10: 1}","PASS , {1: 1, 2: 1, 3: 1, 4: 1, 5: 1, 6: 1, 7: 1, 8: 1} ","PASS , {1: 1, 2: 1, 3: 1, 4: 1} ",16:20:16_07-10-25
409,391,7876,050762,"BV25412310470 , T253906964 ",FF00FFA50010600D1FD0761C0106389901508C85000100C800300001000DDBCD0301839A8245009C0A10,PASS,"PASS, {1: 1, 2: 1, 3: 1, 4: 1, 5: 1, 6: 1, 7: 1, 8: 1, 9: 1, 10: 1, 11: 1}","PASS, {1: 1, 2: 1, 3: 1, 4: 1, 5: 1, 6: 1, 7: 1, 8: 1, 9: 1, 10: 1}","PASS , {1: 1, 2: 1, 3: 1, 4: 1, 5: 1, 6: 1, 7: 1, 8: 1} ","PASS , {1: 1, 2: 1, 3: 1, 4: 1} ",16:21:27_07-10-25
410,392,7876,050762,"BV25412310472 , T253907246 ",FF00FFA50010600D1FD0761C0106389901508C85000100C800300001000DDBCD0301839A8245009C0A10,PASS,"PASS, {1: 1, 2: 1, 3: 1, 4: 1, 5: 1, 6: 1, 7: 1, 8: 1, 9: 1, 10: 1, 11: 1}","PASS, {1: 1, 2: 1, 3: 1, 4: 1, 5: 1, 6: 1, 7: 1, 8: 1, 9: 1, 10: 1}","PASS , {1: 1, 2: 1, 3: 1, 4: 1, 5: 1, 6: 1, 7: 1, 8: 1} ","PASS , {1: 1, 2: 1, 3: 1, 4: 1} ",16:22:38_07-10-25
411,393,7876,050762,"BV25412310427 , T253904941 ",FF00FFA50010600D1FD0761C0106389901508C85000100C800300001000DDBCD0301839A8245009C0A10,PASS,"PASS, {1: 1, 2: 1, 3: 1, 4: 1, 5: 1, 6: 1, 7: 1, 8: 1, 9: 1, 10: 1, 11: 1}","PASS, {1: 1, 2: 1, 3: 1, 4: 1, 5: 1, 6: 1, 7: 1, 8: 1, 9: 1, 10: 1}","PASS , {1: 1, 2: 1, 3: 1, 4: 1, 5: 1, 6: 1, 7: 1, 8: 1} ","PASS , {1: 1, 2: 1, 3: 1, 4: 1} ",16:23:53_07-10-25
412,394,7876,050762,"BV25412310463 , T253908540 ",FF00FFA50010600D1FD0761C0106389901508C85000100C800300001000DDBCD0301839A8245009C0A10,PASS,"PASS, {1: 1, 2: 1, 3: 1, 4: 1, 5: 1, 6: 1, 7: 1, 8: 1, 9: 1, 10: 1, 11: 1}","PASS, {1: 1, 2: 1, 3: 1, 4: 1, 5: 1, 6: 1, 7: 1, 8: 1, 9: 1, 10: 1}","PASS , {1: 1, 2: 1, 3: 1, 4: 1, 5: 1, 6: 1, 7: 1, 8: 1} ","PASS , {1: 1, 2: 1, 3: 1, 4: 1} ",16:25:12_07-10-25
413,395,7876,050762,"BV25412310454 , T253909428 ",FF00FFA50010600D1FD0761C0106389901508C85000100C800300001000DDBCD0301839A8245009C0A10,PASS,"PASS, {1: 1, 2: 1, 3: 1, 4: 1, 5: 1, 6: 1, 7: 1, 8: 1, 9: 1, 10: 1, 11: 1}","PASS, {1: 1, 2: 1, 3: 1, 4: 1, 5: 1, 6: 1, 7: 1, 8: 1, 9: 1, 10: 1}","PASS , {1: 1, 2: 1, 3: 1, 4: 1, 5: 1, 6: 1, 7: 1, 8: 1} ","PASS , {1: 1, 2: 1, 3: 1, 4: 1} ",16:26:25_07-10-25
414,396,7876,050762,"BV25412310474 , T253907244 ",FF00FFA50010600D1FD0761C0106389901508C85000100C800300001000DDBCD0301839A8245009C0A10,PASS,"PASS, {1: 1, 2: 1, 3: 1, 4: 1, 5: 1, 6: 1, 7: 1, 8: 1, 9: 1, 10: 1, 11: 1}","PASS, {1: 1, 2: 1, 3: 1, 4: 1, 5: 1, 6: 1, 7: 1, 8: 1, 9: 1, 10: 1}","PASS , {1: 1, 2: 1, 3: 1, 4: 1, 5: 1, 6: 1, 7: 1, 8: 1} ","PASS , {1: 1, 2: 1, 3: 1, 4: 1} ",16:27:39_07-10-25
415,397,7876,050762,"BV25412310433 , T253904927 ",FF00FFA50010600D1FD0761C0106389901508C85000100C800300001000DDBCD0301839A8245009C0A10,PASS,"PASS, {1: 1, 2: 1, 3: 1, 4: 1, 5: 1, 6: 1, 7: 1, 8: 1, 9: 1, 10: 1, 11: 1}","PASS, {1: 1, 2: 1, 3: 1, 4: 1, 5: 1, 6: 1, 7: 1, 8: 1, 9: 1, 10: 1}","PASS , {1: 1, 2: 1, 3: 1, 4: 1, 5: 1, 6: 1, 7: 1, 8: 1} ","PASS , {1: 1, 2: 1, 3: 1, 4: 1} ",16:28:49_07-10-25
416,398,7876,050762,"BV25412310432 , T253904926 ",FF00FFA50010600D1FD0761C0106389901508C85000100C800300001000DDBCD0301839A8245009C0A10,PASS,"PASS, {1: 1, 2: 1, 3: 1, 4: 1, 5: 1, 6: 1, 7: 1, 8: 1, 9: 1, 10: 1, 11: 1}","PASS, {1: 1, 2: 1, 3: 1, 4: 1, 5: 1, 6: 1, 7: 1, 8: 1, 9: 1, 10: 1}","PASS , {1: 1, 2: 1, 3: 1, 4: 1, 5: 1, 6: 1, 7: 1, 8: 1} ","PASS , {1: 1, 2: 1, 3: 1, 4: 1} ",16:30:03_07-10-25
417,399,7876,050762,"BV25412310430 , T253904932 ",FF00FFA50010600D1FD0761C0106389901508C85000100C800300001000DDBCD0301839A8245009C0A10,PASS,"PASS, {1: 1, 2: 1, 3: 1, 4: 1, 5: 1, 6: 1, 7: 1, 8: 1, 9: 1, 10: 1, 11: 1}","PASS, {1: 1, 2: 1, 3: 1, 4: 1, 5: 1, 6: 1, 7: 1, 8: 1, 9: 1, 10: 1}","PASS , {1: 1, 2: 1, 3: 1, 4: 1, 5: 1, 6: 1, 7: 1, 8: 1} ","PASS , {1: 1, 2: 1, 3: 1, 4: 1} ",16:31:17_07-10-25
418,400,7876,050762,"BV25412310429 , T253904933 ",FF00FFA50010600D1FD0761C0106389901508C85000100C800300001000DDBCD0301839A8245009C0A10,PASS,"PASS, {1: 1, 2: 1, 3: 1, 4: 1, 5: 1, 6: 1, 7: 1, 8: 1, 9: 1, 10: 1, 11: 1}","PASS, {1: 1, 2: 1, 3: 1, 4: 1, 5: 1, 6: 1, 7: 1, 8: 1, 9: 1, 10: 1}","PASS , {1: 1, 2: 1, 3: 1, 4: 1, 5: 1, 6: 1, 7: 1, 8: 1} ","PASS , {1: 1, 2: 1, 3: 1, 4: 1} ",16:32:28_07-10-25
419,401,7876,050762,"BV25412310384 , T253906926 ",FF00FFA50010600D1FD0761C0106389901508C85000100C800300001000DDBCD0301839A8245009C0A10,PASS,"PASS, {1: 1, 2: 1, 3: 1, 4: 1, 5: 1, 6: 1, 7: 1, 8: 1, 9: 1, 10: 1, 11: 1}","PASS, {1: 1, 2: 1, 3: 1, 4: 1, 5: 1, 6: 1, 7: 1, 8: 1, 9: 1, 10: 1}","PASS , {1: 1, 2: 1, 3: 1, 4: 1, 5: 1, 6: 1, 7: 1, 8: 1} ","PASS , {1: 1, 2: 1, 3: 1, 4: 1} ",16:33:39_07-10-25
420,402,7876,050762,"BV25412310381 , T253906914 ",FF00FFA50010600D1FD0761C0106389901508C85000100C800300001000DDBCD0301839A8245009C0A10,PASS,"PASS, {1: 1, 2: 1, 3: 1, 4: 1, 5: 1, 6: 1, 7: 1, 8: 1, 9: 1, 10: 1, 11: 1}","PASS, {1: 1, 2: 1, 3: 1, 4: 1, 5: 1, 6: 1, 7: 1, 8: 1, 9: 1, 10: 1}","PASS , {1: 1, 2: 1, 3: 1, 4: 1, 5: 1, 6: 1, 7: 1, 8: 1} ","PASS , {1: 1, 2: 1, 3: 1, 4: 1} ",16:34:50_07-10-25
421,403,7876,050762,"BV25412310467 , T253909427 ",FF00FFA50010600D1FD0761C0106389901508C85000100C800300001000DDBCD0301839A8245009C0A10,PASS,"PASS, {1: 1, 2: 1, 3: 1, 4: 1, 5: 1, 6: 1, 7: 1, 8: 1, 9: 1, 10: 1, 11: 1}","PASS, {1: 1, 2: 1, 3: 1, 4: 1, 5: 1, 6: 1, 7: 1, 8: 1, 9: 1, 10: 1}","PASS , {1: 1, 2: 1, 3: 1, 4: 1, 5: 1, 6: 1, 7: 1, 8: 1} ","PASS , {1: 1, 2: 1, 3: 1, 4: 1} ",16:36:01_07-10-25
422,404,7876,050762,"BV25412310469 , T253909195 ",FF00FFA50010600D1FD0761C0106389901508C85000100C800300001000DDBCD0301839A8245009C0A10,PASS,"PASS, {1: 1, 2: 1, 3: 1, 4: 1, 5: 1, 6: 1, 7: 1, 8: 1, 9: 1, 10: 1, 11: 1}","PASS, {1: 1, 2: 1, 3: 1, 4: 1, 5: 1, 6: 1, 7: 1, 8: 1, 9: 1, 10: 1}","PASS , {1: 1, 2: 1, 3: 1, 4: 1, 5: 1, 6: 1, 7: 1, 8: 1} ","PASS , {1: 1, 2: 1, 3: 1, 4: 1} ",16:37:16_07-10-25
423,405,7876,050762,"BV25412310473 , T253907248 ",FF00FFA50010600D1FD0761C0106389901508C85000100C800300001000DDBCD0301839A8245009C0A10,PASS,"PASS, {1: 1, 2: 1, 3: 1, 4: 1, 5: 1, 6: 1, 7: 1, 8: 1, 9: 1, 10: 1, 11: 1}","PASS, {1: 1, 2: 1, 3: 1, 4: 1, 5: 1, 6: 1, 7: 1, 8: 1, 9: 1, 10: 1}","PASS , {1: 1, 2: 1, 3: 1, 4: 1, 5: 1, 6: 1, 7: 1, 8: 1} ","PASS , {1: 1, 2: 1, 3: 1, 4: 1} ",16:38:26_07-10-25
424,406,7876,050762,"BV25412310493 , T253907223 ",FF00FFA50010600D1FD0761C0106389901508C85000100C800300001000DDBCD0301839A8245009C0A10,PASS,"PASS, {1: 1, 2: 1, 3: 1, 4: 1, 5: 1, 6: 1, 7: 1, 8: 1, 9: 1, 10: 1, 11: 1}","PASS, {1: 1, 2: 1, 3: 1, 4: 1, 5: 1, 6: 1, 7: 1, 8: 1, 9: 1, 10: 1}","PASS , {1: 1, 2: 1, 3: 1, 4: 1, 5: 1, 6: 1, 7: 1, 8: 1} ","PASS , {1: 1, 2: 1, 3: 1, 4: 1} ",16:39:40_07-10-25
425,407,7876,050762,"BV25412310494 , T253907221 ",FF00FFA50010600D1FD0761C0106389901508C85000100C800300001000DDBCD0301839A8245009C0A10,PASS,"PASS, {1: 1, 2: 1, 3: 1, 4: 1, 5: 1, 6: 1, 7: 1, 8: 1, 9: 1, 10: 1, 11: 1}","PASS, {1: 1, 2: 1, 3: 1, 4: 1, 5: 1, 6: 1, 7: 1, 8: 1, 9: 1, 10: 1}","PASS , {1: 1, 2: 1, 3: 1, 4: 1, 5: 1, 6: 1, 7: 1, 8: 1} ","PASS , {1: 1, 2: 1, 3: 1, 4: 1} ",16:40:51_07-10-25
426,408,7876,050762,"BV25412310487 , T253907233 ",FF00FFA50010600D1FD0761C0106389901508C85000100C800300001000DDBCD0301839A8245009C0A10,PASS,"PASS, {1: 1, 2: 1, 3: 1, 4: 1, 5: 1, 6: 1, 7: 1, 8: 1, 9: 1, 10: 1, 11: 1}","PASS, {1: 1, 2: 1, 3: 1, 4: 1, 5: 1, 6: 1, 7: 1, 8: 1, 9: 1, 10: 1}","PASS , {1: 1, 2: 1, 3: 1, 4: 1, 5: 1, 6: 1, 7: 1, 8: 1} ","PASS , {1: 1, 2: 1, 3: 1, 4: 1} ",16:42:07_07-10-25
427,409,7876,050762,"BV25412310489 , T253907235 ",FF00FFA50010600D1FD0761C0106389901508C85000100C800300001000DDBCD0301839A8245009C0A10,PASS,"PASS, {1: 1, 2: 1, 3: 1, 4: 1, 5: 1, 6: 1, 7: 1, 8: 1, 9: 1, 10: 1, 11: 1}","PASS, {1: 1, 2: 1, 3: 1, 4: 1, 5: 1, 6: 1, 7: 1, 8: 1, 9: 1, 10: 1}","PASS , {1: 1, 2: 1, 3: 1, 4: 1, 5: 1, 6: 1, 7: 1, 8: 1} ","PASS , {1: 1, 2: 1, 3: 1, 4: 1} ",16:43:18_07-10-25
428,410,7876,050762,"BV25412310490 , T253907237 ",FF00FFA50010600D1FD0761C0106389901508C85000100C800300001000DDBCD0301839A8245009C0A10,PASS,"PASS, {1: 1, 2: 1, 3: 1, 4: 1, 5: 1, 6: 1, 7: 1, 8: 1, 9: 1, 10: 1, 11: 1}","PASS, {1: 1, 2: 1, 3: 1, 4: 1, 5: 1, 6: 1, 7: 1, 8: 1, 9: 1, 10: 1}","PASS , {1: 1, 2: 1, 3: 1, 4: 1, 5: 1, 6: 1, 7: 1, 8: 1} ","PASS , {1: 1, 2: 1, 3: 1, 4: 1} ",16:44:32_07-10-25
429,411,7876,050762,"BV25412310481 , T253907216 ",FF00FFA50010600D1FD0761C0106389901508C85000100C800300001000DDBCD0301839A8245009C0A10,PASS,"PASS, {1: 1, 2: 1, 3: 1, 4: 1, 5: 1, 6: 1, 7: 1, 8: 1, 9: 1, 10: 1, 11: 1}","PASS, {1: 1, 2: 1, 3: 1, 4: 1, 5: 1, 6: 1, 7: 1, 8: 1, 9: 1, 10: 1}","PASS , {1: 1, 2: 1, 3: 1, 4: 1, 5: 1, 6: 1, 7: 1, 8: 1} ","PASS , {1: 1, 2: 1, 3: 1, 4: 1} ",16:45:44_07-10-25
430,412,7876,050762,"BV25412310488 , T253907232 ",FF00FFA50010600D1FD0761C0106389901508C85000100C800300001000DDBCD0301839A8245009C0A10,PASS,"PASS, {1: 1, 2: 1, 3: 1, 4: 1, 5: 1, 6: 1, 7: 1, 8: 1, 9: 1, 10: 1, 11: 1}","PASS, {1: 1, 2: 1, 3: 1, 4: 1, 5: 1, 6: 1, 7: 1, 8: 1, 9: 1, 10: 1}","PASS , {1: 1, 2: 1, 3: 1, 4: 1, 5: 1, 6: 1, 7: 1, 8: 1} ","PASS , {1: 1, 2: 1, 3: 1, 4: 1} ",16:46:56_07-10-25
431,413,7876,050762,"BV25412310482 , T253907214 ",FF00FFA50010600D1FD0761C0106389901508C85000100C800300001000DDBCD0301839A8245009C0A10,PASS,"PASS, {1: 1, 2: 1, 3: 1, 4: 1, 5: 1, 6: 1, 7: 1, 8: 1, 9: 1, 10: 1, 11: 1}","PASS, {1: 1, 2: 1, 3: 1, 4: 1, 5: 1, 6: 1, 7: 1, 8: 1, 9: 1, 10: 1}","PASS , {1: 1, 2: 1, 3: 1, 4: 1, 5: 1, 6: 1, 7: 1, 8: 1} ","PASS , {1: 1, 2: 1, 3: 1, 4: 1} ",16:48:08_07-10-25
432,414,7876,050762,"BV25412310483 , T253907215 ",FF00FFA50010600D1FD0761C0106389901508C85000100C800300001000DDBCD0301839A8245009C0A10,PASS,"PASS, {1: 1, 2: 1, 3: 1, 4: 1, 5: 1, 6: 1, 7: 1, 8: 1, 9: 1, 10: 1, 11: 1}","PASS, {1: 1, 2: 1, 3: 1, 4: 1, 5: 1, 6: 1, 7: 1, 8: 1, 9: 1, 10: 1}","PASS , {1: 1, 2: 1, 3: 1, 4: 1, 5: 1, 6: 1, 7: 1, 8: 1} ","PASS , {1: 1, 2: 1, 3: 1, 4: 1} ",16:49:19_07-10-25
433,415,7876,050762,"BV25412310484 , T253907217 ",FF00FFA50010600D1FD0761C0106389901508C85000100C800300001000DDBCD0301839A8245009C0A10,PASS,"PASS, {1: 1, 2: 1, 3: 1, 4: 1, 5: 1, 6: 1, 7: 1, 8: 1, 9: 1, 10: 1, 11: 1}","PASS, {1: 1, 2: 1, 3: 1, 4: 1, 5: 1, 6: 1, 7: 1, 8: 1, 9: 1, 10: 1}","PASS , {1: 1, 2: 1, 3: 1, 4: 1, 5: 1, 6: 1, 7: 1, 8: 1} ","PASS , {1: 1, 2: 1, 3: 1, 4: 1} ",16:50:31_07-10-25
434,416,7876,050762,"BV25412310485 , T253907219 ",FF00FFA50010600D1FD0761C0106389901508C85000100C800300001000DDBCD0301839A8245009C0A10,PASS,"PASS, {1: 1, 2: 1, 3: 1, 4: 1, 5: 1, 6: 1, 7: 1, 8: 1, 9: 1, 10: 1, 11: 1}","PASS, {1: 1, 2: 1, 3: 1, 4: 1, 5: 1, 6: 1, 7: 1, 8: 1, 9: 1, 10: 1}","PASS , {1: 1, 2: 1, 3: 1, 4: 1, 5: 1, 6: 1, 7: 1, 8: 1} ","PASS , {1: 1, 2: 1, 3: 1, 4: 1} ",16:51:41_07-10-25
435,417,7876,050762,"BV25412310486 , T253907225 ",FF00FFA50010600D1FD0761C0106389901508C85000100C800300001000DDBCD0301839A8245009C0A10,PASS,"PASS, {1: 1, 2: 1, 3: 1, 4: 1, 5: 1, 6: 1, 7: 1, 8: 1, 9: 1, 10: 1, 11: 1}","PASS, {1: 1, 2: 1, 3: 1, 4: 1, 5: 1, 6: 1, 7: 1, 8: 1, 9: 1, 10: 1}","PASS , {1: 1, 2: 1, 3: 1, 4: 1, 5: 1, 6: 1, 7: 1, 8: 1} ","PASS , {1: 1, 2: 1, 3: 1, 4: 1} ",16:52:55_07-10-25
436,418,7876,050762,"BV25412310491 , T253907220 ",FF00FFA50010600D1FD0761C0106389901508C85000100C800300001000DDBCD0301839A8245009C0A10,PASS,"PASS, {1: 1, 2: 1, 3: 1, 4: 1, 5: 1, 6: 1, 7: 1, 8: 1, 9: 1, 10: 1, 11: 1}","PASS, {1: 1, 2: 1, 3: 1, 4: 1, 5: 1, 6: 1, 7: 1, 8: 1, 9: 1, 10: 1}","PASS , {1: 1, 2: 1, 3: 1, 4: 1, 5: 1, 6: 1, 7: 1, 8: 1} ","PASS , {1: 1, 2: 1, 3: 1, 4: 1} ",16:54:08_07-10-25
437,419,7876,050762,"BV25412310492 , T253907236 ",FF00FFA50010600D1FD0761C0106389901508C85000100C800300001000DDBCD0301839A8245009C0A10,PASS,"PASS, {1: 1, 2: 1, 3: 1, 4: 1, 5: 1, 6: 1, 7: 1, 8: 1, 9: 1, 10: 1, 11: 1}","PASS, {1: 1, 2: 1, 3: 1, 4: 1, 5: 1, 6: 1, 7: 1, 8: 1, 9: 1, 10: 1}","PASS , {1: 1, 2: 1, 3: 1, 4: 1, 5: 1, 6: 1, 7: 1, 8: 1} ","PASS , {1: 1, 2: 1, 3: 1, 4: 1} ",16:55:19_07-10-25
438,420,7876,050762,"BV25412310501 , T253909290 ",FF00FFA50010600D1FD0761C0106389901508C85000100C800300001000DDBCD0301839A8245009C0A10,PASS,"PASS, {1: 1, 2: 1, 3: 1, 4: 1, 5: 1, 6: 1, 7: 1, 8: 1, 9: 1, 10: 1, 11: 1}","PASS, {1: 1, 2: 1, 3: 1, 4: 1, 5: 1, 6: 1, 7: 1, 8: 1, 9: 1, 10: 1}","PASS , {1: 1, 2: 1, 3: 1, 4: 1, 5: 1, 6: 1, 7: 1, 8: 1} ","PASS , {1: 1, 2: 1, 3: 1, 4: 1} ",16:56:30_07-10-25
439,421,7876,050762,"BV25412310496 , T253909325 ",FF00FFA50010600D1FD0761C0106389901508C85000100C800300001000DDBCD0301839A8245009C0A10,PASS,"PASS, {1: 1, 2: 1, 3: 1, 4: 1, 5: 1, 6: 1, 7: 1, 8: 1, 9: 1, 10: 1, 11: 1}","PASS, {1: 1, 2: 1, 3: 1, 4: 1, 5: 1, 6: 1, 7: 1, 8: 1, 9: 1, 10: 1}","PASS , {1: 1, 2: 1, 3: 1, 4: 1, 5: 1, 6: 1, 7: 1, 8: 1} ","PASS , {1: 1, 2: 1, 3: 1, 4: 1} ",16:57:42_07-10-25
440,422,7876,050762,"BV25412310495 , T253907234 ",FF00FFA50010600D1FD0761C0106389901508C85000100C800300001000DDBCD0301839A8245009C0A10,PASS,"PASS, {1: 1, 2: 1, 3: 1, 4: 1, 5: 1, 6: 1, 7: 1, 8: 1, 9: 1, 10: 1, 11: 1}","PASS, {1: 1, 2: 1, 3: 1, 4: 1, 5: 1, 6: 1, 7: 1, 8: 1, 9: 1, 10: 1}","PASS , {1: 1, 2: 1, 3: 1, 4: 1, 5: 1, 6: 1, 7: 1, 8: 1} ","PASS , {1: 1, 2: 1, 3: 1, 4: 1} ",16:58:55_07-10-25
441,423,7876,050762,"BV25412310546 , T253909474 ",FF00FFA50010600D1FD0761C0106389901508C85000100C800300001000DDBCD0301839A8245009C0A10,PASS,"PASS, {1: 1, 2: 1, 3: 1, 4: 1, 5: 1, 6: 1, 7: 1, 8: 1, 9: 1, 10: 1, 11: 1}","PASS, {1: 1, 2: 1, 3: 1, 4: 1, 5: 1, 6: 1, 7: 1, 8: 1, 9: 1, 10: 1}","PASS , {1: 1, 2: 1, 3: 1, 4: 1, 5: 1, 6: 1, 7: 1, 8: 1} ","PASS , {1: 1, 2: 1, 3: 1, 4: 1} ",17:00:06_07-10-25
442,424,7876,050762,"BV25412310530 , T253909781 ",FF00FFA50010600D1FD0761C0106389901508C85000100C800300001000DDBCD0301839A8245009C0A10,PASS,"PASS, {1: 1, 2: 1, 3: 1, 4: 1, 5: 1, 6: 1, 7: 1, 8: 1, 9: 1, 10: 1, 11: 1}","PASS, {1: 1, 2: 1, 3: 1, 4: 1, 5: 1, 6: 1, 7: 1, 8: 1, 9: 1, 10: 1}","PASS , {1: 1, 2: 1, 3: 1, 4: 1, 5: 1, 6: 1, 7: 1, 8: 1} ","PASS , {1: 1, 2: 1, 3: 1, 4: 1} ",17:01:18_07-10-25
443,425,7876,050762,"BV25412310480 , T253907218 ",FF00FFA50010600D1FD0761C0106389901508C85000100C800300001000DDBCD0301839A8245009C0A10,PASS,"PASS, {1: 1, 2: 1, 3: 1, 4: 1, 5: 1, 6: 1, 7: 1, 8: 1, 9: 1, 10: 1, 11: 1}","PASS, {1: 1, 2: 1, 3: 1, 4: 1, 5: 1, 6: 1, 7: 1, 8: 1, 9: 1, 10: 1}","PASS , {1: 1, 2: 1, 3: 1, 4: 1, 5: 1, 6: 1, 7: 1, 8: 1} ","PASS , {1: 1, 2: 1, 3: 1, 4: 1} ",17:02:30_07-10-25
444,426,7876,050762,"BV25412310547 , T253909171 ",FF00FFA50010600D1FD0761C0106389901508C85000100C800300001000DDBCD0301839A8245009C0A10,PASS,"PASS, {1: 1, 2: 1, 3: 1, 4: 1, 5: 1, 6: 1, 7: 1, 8: 1, 9: 1, 10: 1, 11: 1}","PASS, {1: 1, 2: 1, 3: 1, 4: 1, 5: 1, 6: 1, 7: 1, 8: 1, 9: 1, 10: 1}","PASS , {1: 1, 2: 1, 3: 1, 4: 1, 5: 1, 6: 1, 7: 1, 8: 1} ","PASS , {1: 1, 2: 1, 3: 1, 4: 1} ",17:03:41_07-10-25
445,427,7876,050762,"BV25412310545 , T253906892 ",FF00FFA50010600D1FD0761C0106389901508C85000100C800300001000DDBCD0301839A8245009C0A10,PASS,"PASS, {1: 1, 2: 1, 3: 1, 4: 1, 5: 1, 6: 1, 7: 1, 8: 1, 9: 1, 10: 1, 11: 1}","PASS, {1: 1, 2: 1, 3: 1, 4: 1, 5: 1, 6: 1, 7: 1, 8: 1, 9: 1, 10: 1}","PASS , {1: 1, 2: 1, 3: 1, 4: 1, 5: 1, 6: 1, 7: 1, 8: 1} ","PASS , {1: 1, 2: 1, 3: 1, 4: 1} ",17:04:55_07-10-25
446,428,7876,050762,"BV25412310477 , T253907211 ",FF00FFA50010600D1FD0761C0106389901508C85000100C800300001000DDBCD0301839A8245009C0A10,PASS,"PASS, {1: 1, 2: 1, 3: 1, 4: 1, 5: 1, 6: 1, 7: 1, 8: 1, 9: 1, 10: 1, 11: 1}","PASS, {1: 1, 2: 1, 3: 1, 4: 1, 5: 1, 6: 1, 7: 1, 8: 1, 9: 1, 10: 1}","PASS , {1: 1, 2: 1, 3: 1, 4: 1, 5: 1, 6: 1, 7: 1, 8: 1} ","PASS , {1: 1, 2: 1, 3: 1, 4: 1} ",17:06:09_07-10-25
447,429,7876,050762,"BV25412310478 , T253907212 ",FF00FFA50010600D1FD0761C0106389901508C85000100C800300001000DDBCD0301839A8245009C0A10,PASS,"PASS, {1: 1, 2: 1, 3: 1, 4: 1, 5: 1, 6: 1, 7: 1, 8: 1, 9: 1, 10: 1, 11: 1}","PASS, {1: 1, 2: 1, 3: 1, 4: 1, 5: 1, 6: 1, 7: 1, 8: 1, 9: 1, 10: 1}","PASS , {1: 1, 2: 1, 3: 1, 4: 1, 5: 1, 6: 1, 7: 1, 8: 1} ","PASS , {1: 1, 2: 1, 3: 1, 4: 1} ",17:07:26_07-10-25
448,430,7876,050762,"BV25412310548 , T253909345 ",FF00FFA50010600D1FD0761C0106389901508C85000100C800300001000DDBCD0301839A8245009C0A10,PASS,"PASS, {1: 1, 2: 1, 3: 1, 4: 1, 5: 1, 6: 1, 7: 1, 8: 1, 9: 1, 10: 1, 11: 1}","PASS, {1: 1, 2: 1, 3: 1, 4: 1, 5: 1, 6: 1, 7: 1, 8: 1, 9: 1, 10: 1}","PASS , {1: 1, 2: 1, 3: 1, 4: 1, 5: 1, 6: 1, 7: 1, 8: 1} ","PASS , {1: 1, 2: 1, 3: 1, 4: 1} ",17:08:37_07-10-25
449,431,7876,050762,"BV25412310539 , T253909775 ",FF00FFA50010600D1FD0761C0106389901508C85000100C800300001000DDBCD0301839A8245009C0A10,PASS,"PASS, {1: 1, 2: 1, 3: 1, 4: 1, 5: 1, 6: 1, 7: 1, 8: 1, 9: 1, 10: 1, 11: 1}","PASS, {1: 1, 2: 1, 3: 1, 4: 1, 5: 1, 6: 1, 7: 1, 8: 1, 9: 1, 10: 1}","PASS , {1: 1, 2: 1, 3: 1, 4: 1, 5: 1, 6: 1, 7: 1, 8: 1} ","PASS , {1: 1, 2: 1, 3: 1, 4: 1} ",17:09:59_07-10-25
450,432,7876,050762,"BV25412310538 , T253909769 ",FF00FFA50010600D1FD0761C0106389901508C85000100C800300001000DDBCD0301839A8245009C0A10,PASS,"PASS, {1: 1, 2: 1, 3: 1, 4: 1, 5: 1, 6: 1, 7: 1, 8: 1, 9: 1, 10: 1, 11: 1}","PASS, {1: 1, 2: 1, 3: 1, 4: 1, 5: 1, 6: 1, 7: 1, 8: 1, 9: 1, 10: 1}","PASS , {1: 1, 2: 1, 3: 1, 4: 1, 5: 1, 6: 1, 7: 1, 8: 1} ","PASS , {1: 1, 2: 1, 3: 1, 4: 1} ",17:11:14_07-10-25
451,432,7876,050762,"BV25412310283 , T253906292 ",FF00FFA50010600D1FD0761C0106389901508C85000100C800300001000DDBCD0301839A8245009C0A10,PASS,"PASS, {1: 1, 2: 1, 3: 1, 4: 1, 5: 1, 6: 1, 7: 1, 8: 1, 9: 1, 10: 1, 11: 1}","FAIL, {1: 0, 2: 0, 3: 0, 4: 0, 5: 0, 6: 0, 7: 0, 8: 0, 9: 0, 10: 0}","PASS , {1: 1, 2: 1, 3: 1, 4: 1, 5: 1, 6: 1, 7: 1, 8: 1} ","FAIL , {1: 1, 2: 1, 3: 0, 4: 0} ",17:12:33_07-10-25
452,433,7876,050762,"BV25412310112 , T253907511 ",FF00FFA50010600D1FD0761C01072E4F01520D6D000200C800300001000DDBCD0301839A8245009C0929,PASS,"PASS, {1: 1, 2: 1, 3: 1, 4: 1, 5: 1, 6: 1, 7: 1, 8: 1, 9: 1, 10: 1, 11: 1}","PASS, {1: 1, 2: 1, 3: 1, 4: 1, 5: 1, 6: 1, 7: 1, 8: 1, 9: 1, 10: 1}","PASS , {1: 1, 2: 1, 3: 1, 4: 1, 5: 1, 6: 1, 7: 1, 8: 1} ","PASS , {1: 1, 2: 1, 3: 1, 4: 1} ",17:13:45_07-10-25
453,434,7876,050762,"BV25412310102 , T253907494 ",FF00FFA50010600D1FD0761C01072E4F01520D6D000200C800300001000DDBCD0301839A8245009C0929,PASS,"PASS, {1: 1, 2: 1, 3: 1, 4: 1, 5: 1, 6: 1, 7: 1, 8: 1, 9: 1, 10: 1, 11: 1}","PASS, {1: 1, 2: 1, 3: 1, 4: 1, 5: 1, 6: 1, 7: 1, 8: 1, 9: 1, 10: 1}","PASS , {1: 1, 2: 1, 3: 1, 4: 1, 5: 1, 6: 1, 7: 1, 8: 1} ","PASS , {1: 1, 2: 1, 3: 1, 4: 1} ",17:14:56_07-10-25
454,435,7876,050762,"BV25412310113 , T253907508 ",FF00FFA50010600D1FD0761C01072E4F01520D6D000200C800300001000DDBCD0301839A8245009C0929,PASS,"PASS, {1: 1, 2: 1, 3: 1, 4: 1, 5: 1, 6: 1, 7: 1, 8: 1, 9: 1, 10: 1, 11: 1}","PASS, {1: 1, 2: 1, 3: 1, 4: 1, 5: 1, 6: 1, 7: 1, 8: 1, 9: 1, 10: 1}","PASS , {1: 1, 2: 1, 3: 1, 4: 1, 5: 1, 6: 1, 7: 1, 8: 1} ","PASS , {1: 1, 2: 1, 3: 1, 4: 1} ",17:16:10_07-10-25
455,436,7876,050762,"BV25412310229 , T253905117 ",FF00FFA50010600D1FD0761C0106389901508C85000100C800300001000DDBCD0301839A8245009C0A10,PASS,"PASS, {1: 1, 2: 1, 3: 1, 4: 1, 5: 1, 6: 1, 7: 1, 8: 1, 9: 1, 10: 1, 11: 1}","PASS, {1: 1, 2: 1, 3: 1, 4: 1, 5: 1, 6: 1, 7: 1, 8: 1, 9: 1, 10: 1}","PASS , {1: 1, 2: 1, 3: 1, 4: 1, 5: 1, 6: 1, 7: 1, 8: 1} ","PASS , {1: 1, 2: 1, 3: 1, 4: 1} ",17:17:23_07-10-25
456,437,7876,050762,"BV25412310541 , T253909773 ",FF00FFA50010600D1FD0761C0106389901508C85000100C800300001000DDBCD0301839A8245009C0A10,PASS,"PASS, {1: 1, 2: 1, 3: 1, 4: 1, 5: 1, 6: 1, 7: 1, 8: 1, 9: 1, 10: 1, 11: 1}","PASS, {1: 1, 2: 1, 3: 1, 4: 1, 5: 1, 6: 1, 7: 1, 8: 1, 9: 1, 10: 1}","PASS , {1: 1, 2: 1, 3: 1, 4: 1, 5: 1, 6: 1, 7: 1, 8: 1} ","PASS , {1: 1, 2: 1, 3: 1, 4: 1} ",17:18:37_07-10-25
457,438,7876,050762,"BV25412310537 , T253907466 ",FF00FFA50010600D1FD0761C0106389901508C85000100C800300001000DDBCD0301839A8245009C0A10,PASS,"PASS, {1: 1, 2: 1, 3: 1, 4: 1, 5: 1, 6: 1, 7: 1, 8: 1, 9: 1, 10: 1, 11: 1}","PASS, {1: 1, 2: 1, 3: 1, 4: 1, 5: 1, 6: 1, 7: 1, 8: 1, 9: 1, 10: 1}","PASS , {1: 1, 2: 1, 3: 1, 4: 1, 5: 1, 6: 1, 7: 1, 8: 1} ","PASS , {1: 1, 2: 1, 3: 1, 4: 1} ",17:19:52_07-10-25
458,439,7876,050762,"BV25412310540 , T253909774 ",FF00FFA50010600D1FD0761C0106389901508C85000100C800300001000DDBCD0301839A8245009C0A10,PASS,"PASS, {1: 1, 2: 1, 3: 1, 4: 1, 5: 1, 6: 1, 7: 1, 8: 1, 9: 1, 10: 1, 11: 1}","PASS, {1: 1, 2: 1, 3: 1, 4: 1, 5: 1, 6: 1, 7: 1, 8: 1, 9: 1, 10: 1}","PASS , {1: 1, 2: 1, 3: 1, 4: 1, 5: 1, 6: 1, 7: 1, 8: 1} ","PASS , {1: 1, 2: 1, 3: 1, 4: 1} ",17:21:07_07-10-25
459,440,7876,050762,"BV25412310533 , T253909764 ",FF00FFA50010600D1FD0761C0106389901508C85000100C800300001000DDBCD0301839A8245009C0A10,PASS,"PASS, {1: 1, 2: 1, 3: 1, 4: 1, 5: 1, 6: 1, 7: 1, 8: 1, 9: 1, 10: 1, 11: 1}","PASS, {1: 1, 2: 1, 3: 1, 4: 1, 5: 1, 6: 1, 7: 1, 8: 1, 9: 1, 10: 1}","PASS , {1: 1, 2: 1, 3: 1, 4: 1, 5: 1, 6: 1, 7: 1, 8: 1} ","PASS , {1: 1, 2: 1, 3: 1, 4: 1} ",17:22:21_07-10-25
460,441,7876,050762,"BV25412310535 , T253909765 ",FF00FFA50010600D1FD0761C0106389901508C85000100C800300001000DDBCD0301839A8245009C0A10,PASS,"PASS, {1: 1, 2: 1, 3: 1, 4: 1, 5: 1, 6: 1, 7: 1, 8: 1, 9: 1, 10: 1, 11: 1}","PASS, {1: 1, 2: 1, 3: 1, 4: 1, 5: 1, 6: 1, 7: 1, 8: 1, 9: 1, 10: 1}","PASS , {1: 1, 2: 1, 3: 1, 4: 1, 5: 1, 6: 1, 7: 1, 8: 1} ","PASS , {1: 1, 2: 1, 3: 1, 4: 1} ",17:23:32_07-10-25
461,442,7876,050762,"BV25412310534 , T253909767 ",FF00FFA50010600D1FD0761C0106389901508C85000100C800300001000DDBCD0301839A8245009C0A10,PASS,"PASS, {1: 1, 2: 1, 3: 1, 4: 1, 5: 1, 6: 1, 7: 1, 8: 1, 9: 1, 10: 1, 11: 1}","PASS, {1: 1, 2: 1, 3: 1, 4: 1, 5: 1, 6: 1, 7: 1, 8: 1, 9: 1, 10: 1}","PASS , {1: 1, 2: 1, 3: 1, 4: 1, 5: 1, 6: 1, 7: 1, 8: 1} ","PASS , {1: 1, 2: 1, 3: 1, 4: 1} ",17:24:46_07-10-25
462,443,7876,050762,"BV25412310508 , T253906655 ",FF00FFA50010600D1FD0761C0106389901508C85000100C800300001000DDBCD0301839A8245009C0A10,PASS,"PASS, {1: 1, 2: 1, 3: 1, 4: 1, 5: 1, 6: 1, 7: 1, 8: 1, 9: 1, 10: 1, 11: 1}","PASS, {1: 1, 2: 1, 3: 1, 4: 1, 5: 1, 6: 1, 7: 1, 8: 1, 9: 1, 10: 1}","PASS , {1: 1, 2: 1, 3: 1, 4: 1, 5: 1, 6: 1, 7: 1, 8: 1} ","PASS , {1: 1, 2: 1, 3: 1, 4: 1} ",17:25:57_07-10-25
463,444,7876,050762,"BV25412310517 , T253909329 ",FF00FFA50010600D1FD0761C0106389901508C85000100C800300001000DDBCD0301839A8245009C0A10,PASS,"PASS, {1: 1, 2: 1, 3: 1, 4: 1, 5: 1, 6: 1, 7: 1, 8: 1, 9: 1, 10: 1, 11: 1}","PASS, {1: 1, 2: 1, 3: 1, 4: 1, 5: 1, 6: 1, 7: 1, 8: 1, 9: 1, 10: 1}","PASS , {1: 1, 2: 1, 3: 1, 4: 1, 5: 1, 6: 1, 7: 1, 8: 1} ","PASS , {1: 1, 2: 1, 3: 1, 4: 1} ",17:27:08_07-10-25
464,444,7876,050762,"BV25412310506 , T253909294 ",FF00FFA50010600D1FD0761C0106389901508C85000100C800300001000DDBCD0301839A8245009C0A10,PASS,"PASS, {1: 1, 2: 1, 3: 1, 4: 1, 5: 1, 6: 1, 7: 1, 8: 1, 9: 1, 10: 1, 11: 1}","PASS, {1: 1, 2: 1, 3: 1, 4: 1, 5: 1, 6: 1, 7: 1, 8: 1, 9: 1, 10: 1}","FAIL , {1: 1, 2: 1, 3: 1, 4: 0, 5: 0, 6: 1, 7: 1, 8: 1} ","PASS , {1: 1, 2: 1, 3: 1, 4: 1} ",17:28:28_07-10-25
465,445,7876,050762,"BV25412310518 , T253909334 ",FF00FFA50010600D1FD0761C0106389901508C85000100C800300001000DDBCD0301839A8245009C0A10,PASS,"PASS, {1: 1, 2: 1, 3: 1, 4: 1, 5: 1, 6: 1, 7: 1, 8: 1, 9: 1, 10: 1, 11: 1}","PASS, {1: 1, 2: 1, 3: 1, 4: 1, 5: 1, 6: 1, 7: 1, 8: 1, 9: 1, 10: 1}","PASS , {1: 1, 2: 1, 3: 1, 4: 1, 5: 1, 6: 1, 7: 1, 8: 1} ","PASS , {1: 1, 2: 1, 3: 1, 4: 1} ",17:29:43_07-10-25
466,445,7876,050762,"BV25412310506 , T253909294 ",FF00FFA50010600D1FD0761C0106389901508C85000100C800300001000DDBCD0301839A8245009C0A10,PASS,"PASS, {1: 1, 2: 1, 3: 1, 4: 1, 5: 1, 6: 1, 7: 1, 8: 1, 9: 1, 10: 1, 11: 1}","PASS, {1: 1, 2: 1, 3: 1, 4: 1, 5: 1, 6: 1, 7: 1, 8: 1, 9: 1, 10: 1}","FAIL , {1: 1, 2: 1, 3: 1, 4: 0, 5: 0, 6: 1, 7: 1, 8: 1} ","PASS , {1: 1, 2: 1, 3: 1, 4: 1} ",17:31:04_07-10-25
467,446,7876,050762,"BV25412310514 , T253909311 ",FF00FFA50010600D1FD0761C0106389901508C85000100C800300001000DDBCD0301839A8245009C0A10,PASS,"PASS, {1: 1, 2: 1, 3: 1, 4: 1, 5: 1, 6: 1, 7: 1, 8: 1, 9: 1, 10: 1, 11: 1}","PASS, {1: 1, 2: 1, 3: 1, 4: 1, 5: 1, 6: 1, 7: 1, 8: 1, 9: 1, 10: 1}","PASS , {1: 1, 2: 1, 3: 1, 4: 1, 5: 1, 6: 1, 7: 1, 8: 1} ","PASS , {1: 1, 2: 1, 3: 1, 4: 1} ",17:32:15_07-10-25
468,446,7876,050762,"BV25412310506 , T253909294 ",FF00FFA50010600D1FD0761C0106389901508C85000100C800300001000DDBCD0301839A8245009C0A10,PASS,"PASS, {1: 1, 2: 1, 3: 1, 4: 1, 5: 1, 6: 1, 7: 1, 8: 1, 9: 1, 10: 1, 11: 1}","PASS, {1: 1, 2: 1, 3: 1, 4: 1, 5: 1, 6: 1, 7: 1, 8: 1, 9: 1, 10: 1}","FAIL , {1: 1, 2: 1, 3: 1, 4: 0, 5: 0, 6: 1, 7: 1, 8: 1} ","PASS , {1: 1, 2: 1, 3: 1, 4: 1} ",17:33:35_07-10-25
469,447,7876,050762,"BV25412310513 , T253906644 ",FF00FFA50010600D1FD0761C0106389901508C85000100C800300001000DDBCD0301839A8245009C0A10,PASS,"PASS, {1: 1, 2: 1, 3: 1, 4: 1, 5: 1, 6: 1, 7: 1, 8: 1, 9: 1, 10: 1, 11: 1}","PASS, {1: 1, 2: 1, 3: 1, 4: 1, 5: 1, 6: 1, 7: 1, 8: 1, 9: 1, 10: 1}","PASS , {1: 1, 2: 1, 3: 1, 4: 1, 5: 1, 6: 1, 7: 1, 8: 1} ","PASS , {1: 1, 2: 1, 3: 1, 4: 1} ",17:34:46_07-10-25
470,448,7876,050762,"BV25412310515 , T253909305 ",FF00FFA50010600D1FD0761C0106389901508C85000100C800300001000DDBCD0301839A8245009C0A10,PASS,"PASS, {1: 1, 2: 1, 3: 1, 4: 1, 5: 1, 6: 1, 7: 1, 8: 1, 9: 1, 10: 1, 11: 1}","PASS, {1: 1, 2: 1, 3: 1, 4: 1, 5: 1, 6: 1, 7: 1, 8: 1, 9: 1, 10: 1}","PASS , {1: 1, 2: 1, 3: 1, 4: 1, 5: 1, 6: 1, 7: 1, 8: 1} ","PASS , {1: 1, 2: 1, 3: 1, 4: 1} ",17:35:58_07-10-25
471,449,7876,050762,"BV25412310625 , T253909285 ",FF00FFA50010600D1FD0761C0106389901508C85000100C800300001000DDBCD0301839A8245009C0A10,PASS,"PASS, {1: 1, 2: 1, 3: 1, 4: 1, 5: 1, 6: 1, 7: 1, 8: 1, 9: 1, 10: 1, 11: 1}","PASS, {1: 1, 2: 1, 3: 1, 4: 1, 5: 1, 6: 1, 7: 1, 8: 1, 9: 1, 10: 1}","PASS , {1: 1, 2: 1, 3: 1, 4: 1, 5: 1, 6: 1, 7: 1, 8: 1} ","PASS , {1: 1, 2: 1, 3: 1, 4: 1} ",17:37:12_07-10-25
472,450,7876,050762,"BV25412310519 , T253909303 ",FF00FFA50010600D1FD0761C0106389901508C85000100C800300001000DDBCD0301839A8245009C0A10,PASS,"PASS, {1: 1, 2: 1, 3: 1, 4: 1, 5: 1, 6: 1, 7: 1, 8: 1, 9: 1, 10: 1, 11: 1}","PASS, {1: 1, 2: 1, 3: 1, 4: 1, 5: 1, 6: 1, 7: 1, 8: 1, 9: 1, 10: 1}","PASS , {1: 1, 2: 1, 3: 1, 4: 1, 5: 1, 6: 1, 7: 1, 8: 1} ","PASS , {1: 1, 2: 1, 3: 1, 4: 1} ",17:38:24_07-10-25
473,451,7876,050762,"BV25412310512 , T253906648 ",FF00FFA50010600D1FD0761C0106389901508C85000100C800300001000DDBCD0301839A8245009C0A10,PASS,"PASS, {1: 1, 2: 1, 3: 1, 4: 1, 5: 1, 6: 1, 7: 1, 8: 1, 9: 1, 10: 1, 11: 1}","PASS, {1: 1, 2: 1, 3: 1, 4: 1, 5: 1, 6: 1, 7: 1, 8: 1, 9: 1, 10: 1}","PASS , {1: 1, 2: 1, 3: 1, 4: 1, 5: 1, 6: 1, 7: 1, 8: 1} ","PASS , {1: 1, 2: 1, 3: 1, 4: 1} ",17:39:36_07-10-25
474,452,7876,050762,"BV25412310554 , T253909476 ",FF00FFA50010600D1FD0761C0106389901508C85000100C800300001000DDBCD0301839A8245009C0A10,PASS,"PASS, {1: 1, 2: 1, 3: 1, 4: 1, 5: 1, 6: 1, 7: 1, 8: 1, 9: 1, 10: 1, 11: 1}","PASS, {1: 1, 2: 1, 3: 1, 4: 1, 5: 1, 6: 1, 7: 1, 8: 1, 9: 1, 10: 1}","PASS , {1: 1, 2: 1, 3: 1, 4: 1, 5: 1, 6: 1, 7: 1, 8: 1} ","PASS , {1: 1, 2: 1, 3: 1, 4: 1} ",17:40:51_07-10-25
475,453,7876,050762,"BV25412310563 , T253909349 ",FF00FFA50010600D1FD0761C0106389901508C85000100C800300001000DDBCD0301839A8245009C0A10,PASS,"PASS, {1: 1, 2: 1, 3: 1, 4: 1, 5: 1, 6: 1, 7: 1, 8: 1, 9: 1, 10: 1, 11: 1}","PASS, {1: 1, 2: 1, 3: 1, 4: 1, 5: 1, 6: 1, 7: 1, 8: 1, 9: 1, 10: 1}","PASS , {1: 1, 2: 1, 3: 1, 4: 1, 5: 1, 6: 1, 7: 1, 8: 1} ","PASS , {1: 1, 2: 1, 3: 1, 4: 1} ",17:42:02_07-10-25
476,454,7876,050762,"BV25412310560 , T253908482 ",FF00FFA50010600D1FD0761C0106389901508C85000100C800300001000DDBCD0301839A8245009C0A10,PASS,"PASS, {1: 1, 2: 1, 3: 1, 4: 1, 5: 1, 6: 1, 7: 1, 8: 1, 9: 1, 10: 1, 11: 1}","PASS, {1: 1, 2: 1, 3: 1, 4: 1, 5: 1, 6: 1, 7: 1, 8: 1, 9: 1, 10: 1}","PASS , {1: 1, 2: 1, 3: 1, 4: 1, 5: 1, 6: 1, 7: 1, 8: 1} ","PASS , {1: 1, 2: 1, 3: 1, 4: 1} ",17:43:14_07-10-25
477,455,7876,050762,"BV25412310550 , T253909477 ",FF00FFA50010600D1FD0761C0106389901508C85000100C800300001000DDBCD0301839A8245009C0A10,PASS,"PASS, {1: 1, 2: 1, 3: 1, 4: 1, 5: 1, 6: 1, 7: 1, 8: 1, 9: 1, 10: 1, 11: 1}","PASS, {1: 1, 2: 1, 3: 1, 4: 1, 5: 1, 6: 1, 7: 1, 8: 1, 9: 1, 10: 1}","PASS , {1: 1, 2: 1, 3: 1, 4: 1, 5: 1, 6: 1, 7: 1, 8: 1} ","PASS , {1: 1, 2: 1, 3: 1, 4: 1} ",17:44:28_07-10-25
