ID_Prueba,ID,Numero Empleado,Numero Orden,"Codigos serial ,QR",Version Firmware,Comunicación232,Prueba LEDS,Prueba LCDS,Prueba pulsacion Botones,Prueba entradas digitales,Hora y Fecha
445,429,8617,005076,"BV25362312928 , T253614257 ",FF00FFA50010600D1FD0761C0106389901508C85000100C800300001000DDBCD0301839A8245009C0A10,PASS,"PASS, {1: 1, 2: 1, 3: 1, 4: 1, 5: 1, 6: 1, 7: 1, 8: 1, 9: 1, 10: 1, 11: 1}","PASS, {1: 1, 2: 1, 3: 1, 4: 1, 5: 1, 6: 1, 7: 1, 8: 1, 9: 1, 10: 1}","PASS , {1: 1, 2: 1, 3: 1, 4: 1, 5: 1, 6: 1, 7: 1, 8: 1} ","PASS , {1: 1, 2: 1, 3: 1, 4: 1} ",08:05:08_17-09-25
446,430,8617,005076,"BV25362312894 , T253613364 ",FF00FFA50010600D1FD0761C0106389901508C85000100C800300001000DDBCD0301839A8245009C0A10,PASS,"PASS, {1: 1, 2: 1, 3: 1, 4: 1, 5: 1, 6: 1, 7: 1, 8: 1, 9: 1, 10: 1, 11: 1}","PASS, {1: 1, 2: 1, 3: 1, 4: 1, 5: 1, 6: 1, 7: 1, 8: 1, 9: 1, 10: 1}","PASS , {1: 1, 2: 1, 3: 1, 4: 1, 5: 1, 6: 1, 7: 1, 8: 1} ","PASS , {1: 1, 2: 1, 3: 1, 4: 1} ",08:07:53_17-09-25
447,431,8617,005076,"BV25362312892 , T253613365 ",FF00FFA50010600D1FD0761C0106389901508C85000100C800300001000DDBCD0301839A8245009C0A10,PASS,"PASS, {1: 1, 2: 1, 3: 1, 4: 1, 5: 1, 6: 1, 7: 1, 8: 1, 9: 1, 10: 1, 11: 1}","PASS, {1: 1, 2: 1, 3: 1, 4: 1, 5: 1, 6: 1, 7: 1, 8: 1, 9: 1, 10: 1}","PASS , {1: 1, 2: 1, 3: 1, 4: 1, 5: 1, 6: 1, 7: 1, 8: 1} ","PASS , {1: 1, 2: 1, 3: 1, 4: 1} ",08:09:30_17-09-25
448,432,8617,005076,"BV25362312922 , T253614400 ",FF00FFA50010600D1FD0761C0106389901508C85000100C800300001000DDBCD0301839A8245009C0A10,PASS,"PASS, {1: 1, 2: 1, 3: 1, 4: 1, 5: 1, 6: 1, 7: 1, 8: 1, 9: 1, 10: 1, 11: 1}","PASS, {1: 1, 2: 1, 3: 1, 4: 1, 5: 1, 6: 1, 7: 1, 8: 1, 9: 1, 10: 1}","PASS , {1: 1, 2: 1, 3: 1, 4: 1, 5: 1, 6: 1, 7: 1, 8: 1} ","PASS , {1: 1, 2: 1, 3: 1, 4: 1} ",08:10:44_17-09-25
449,433,8617,005076,"BV25362312924 , T253614401 ",FF00FFA50010600D1FD0761C0106389901508C85000100C800300001000DDBCD0301839A8245009C0A10,PASS,"PASS, {1: 1, 2: 1, 3: 1, 4: 1, 5: 1, 6: 1, 7: 1, 8: 1, 9: 1, 10: 1, 11: 1}","PASS, {1: 1, 2: 1, 3: 1, 4: 1, 5: 1, 6: 1, 7: 1, 8: 1, 9: 1, 10: 1}","PASS , {1: 1, 2: 1, 3: 1, 4: 1, 5: 1, 6: 1, 7: 1, 8: 1} ","PASS , {1: 1, 2: 1, 3: 1, 4: 1} ",08:12:03_17-09-25
450,434,8617,005076,"BV25362312922 , T253614400 ",FF00FFA50010600D1FD0761C0106389901508C85000100C800300001000DDBCD0301839A8245009C0A10,PASS,"PASS, {1: 1, 2: 1, 3: 1, 4: 1, 5: 1, 6: 1, 7: 1, 8: 1, 9: 1, 10: 1, 11: 1}","PASS, {1: 1, 2: 1, 3: 1, 4: 1, 5: 1, 6: 1, 7: 1, 8: 1, 9: 1, 10: 1}","PASS , {1: 1, 2: 1, 3: 1, 4: 1, 5: 1, 6: 1, 7: 1, 8: 1} ","PASS , {1: 1, 2: 1, 3: 1, 4: 1} ",08:13:16_17-09-25
451,435,8617,005076,"BV25362312923 , T253619080 ",FF00FFA50010600D1FD0761C0106389901508C85000100C800300001000DDBCD0301839A8245009C0A10,PASS,"PASS, {1: 1, 2: 1, 3: 1, 4: 1, 5: 1, 6: 1, 7: 1, 8: 1, 9: 1, 10: 1, 11: 1}","PASS, {1: 1, 2: 1, 3: 1, 4: 1, 5: 1, 6: 1, 7: 1, 8: 1, 9: 1, 10: 1}","PASS , {1: 1, 2: 1, 3: 1, 4: 1, 5: 1, 6: 1, 7: 1, 8: 1} ","PASS , {1: 1, 2: 1, 3: 1, 4: 1} ",08:14:34_17-09-25
452,436,8617,005076,"BV25362312925 , T253619081 ",FF00FFA50010600D1FD0761C0106389901508C85000100C800300001000DDBCD0301839A8245009C0A10,PASS,"PASS, {1: 1, 2: 1, 3: 1, 4: 1, 5: 1, 6: 1, 7: 1, 8: 1, 9: 1, 10: 1, 11: 1}","PASS, {1: 1, 2: 1, 3: 1, 4: 1, 5: 1, 6: 1, 7: 1, 8: 1, 9: 1, 10: 1}","PASS , {1: 1, 2: 1, 3: 1, 4: 1, 5: 1, 6: 1, 7: 1, 8: 1} ","PASS , {1: 1, 2: 1, 3: 1, 4: 1} ",08:15:52_17-09-25
453,437,8617,005076,"BV25362312917 , T253614149 ",FF00FFA50010600D1FD0761C0106389901508C85000100C800300001000DDBCD0301839A8245009C0A10,PASS,"PASS, {1: 1, 2: 1, 3: 1, 4: 1, 5: 1, 6: 1, 7: 1, 8: 1, 9: 1, 10: 1, 11: 1}","PASS, {1: 1, 2: 1, 3: 1, 4: 1, 5: 1, 6: 1, 7: 1, 8: 1, 9: 1, 10: 1}","PASS , {1: 1, 2: 1, 3: 1, 4: 1, 5: 1, 6: 1, 7: 1, 8: 1} ","PASS , {1: 1, 2: 1, 3: 1, 4: 1} ",08:17:06_17-09-25
454,438,8617,005076,"BV25362312956 , T253618443 ",FF00FFA50010600D1FD0761C0106389901508C85000100C800300001000DDBCD0301839A8245009C0A10,PASS,"PASS, {1: 1, 2: 1, 3: 1, 4: 1, 5: 1, 6: 1, 7: 1, 8: 1, 9: 1, 10: 1, 11: 1}","PASS, {1: 1, 2: 1, 3: 1, 4: 1, 5: 1, 6: 1, 7: 1, 8: 1, 9: 1, 10: 1}","PASS , {1: 1, 2: 1, 3: 1, 4: 1, 5: 1, 6: 1, 7: 1, 8: 1} ","PASS , {1: 1, 2: 1, 3: 1, 4: 1} ",08:18:21_17-09-25
455,439,8617,005076,"BV25362312962 , T253618163 ",FF00FFA50010600D1FD0761C0106389901508C85000100C800300001000DDBCD0301839A8245009C0A10,PASS,"PASS, {1: 1, 2: 1, 3: 1, 4: 1, 5: 1, 6: 1, 7: 1, 8: 1, 9: 1, 10: 1, 11: 1}","PASS, {1: 1, 2: 1, 3: 1, 4: 1, 5: 1, 6: 1, 7: 1, 8: 1, 9: 1, 10: 1}","PASS , {1: 1, 2: 1, 3: 1, 4: 1, 5: 1, 6: 1, 7: 1, 8: 1} ","PASS , {1: 1, 2: 1, 3: 1, 4: 1} ",08:19:37_17-09-25
456,440,8617,005076,"BV25362312963 , T253618169 ",FF00FFA50010600D1FD0761C0106389901508C85000100C800300001000DDBCD0301839A8245009C0A10,PASS,"PASS, {1: 1, 2: 1, 3: 1, 4: 1, 5: 1, 6: 1, 7: 1, 8: 1, 9: 1, 10: 1, 11: 1}","PASS, {1: 1, 2: 1, 3: 1, 4: 1, 5: 1, 6: 1, 7: 1, 8: 1, 9: 1, 10: 1}","PASS , {1: 1, 2: 1, 3: 1, 4: 1, 5: 1, 6: 1, 7: 1, 8: 1} ","PASS , {1: 1, 2: 1, 3: 1, 4: 1} ",08:20:50_17-09-25
457,441,8617,005076,"BV25362312964 , T253618171 ",FF00FFA50010600D1FD0761C0106389901508C85000100C800300001000DDBCD0301839A8245009C0A10,PASS,"PASS, {1: 1, 2: 1, 3: 1, 4: 1, 5: 1, 6: 1, 7: 1, 8: 1, 9: 1, 10: 1, 11: 1}","PASS, {1: 1, 2: 1, 3: 1, 4: 1, 5: 1, 6: 1, 7: 1, 8: 1, 9: 1, 10: 1}","PASS , {1: 1, 2: 1, 3: 1, 4: 1, 5: 1, 6: 1, 7: 1, 8: 1} ","PASS , {1: 1, 2: 1, 3: 1, 4: 1} ",08:22:05_17-09-25
458,441,8617,005076,"BV25362312954 , T253618445 ",FF00FFA50010600D1FD0761C0106389901508C85000100C800300001000DDBCD0301839A8245009C0A10,PASS,"PASS, {1: 1, 2: 1, 3: 1, 4: 1, 5: 1, 6: 1, 7: 1, 8: 1, 9: 1, 10: 1, 11: 1}","PASS, {1: 1, 2: 1, 3: 1, 4: 1, 5: 1, 6: 1, 7: 1, 8: 1, 9: 1, 10: 1}","PASS , {1: 1, 2: 1, 3: 1, 4: 1, 5: 1, 6: 1, 7: 1, 8: 1} ","FAIL , {1: 1, 2: 1, 3: 1, 4: 0} ",08:23:22_17-09-25
459,442,8617,005076,"BV25362312953 , T253618444 ",FF00FFA50010600D1FD0761C0106389901508C85000100C800300001000DDBCD0301839A8245009C0A10,PASS,"PASS, {1: 1, 2: 1, 3: 1, 4: 1, 5: 1, 6: 1, 7: 1, 8: 1, 9: 1, 10: 1, 11: 1}","PASS, {1: 1, 2: 1, 3: 1, 4: 1, 5: 1, 6: 1, 7: 1, 8: 1, 9: 1, 10: 1}","PASS , {1: 1, 2: 1, 3: 1, 4: 1, 5: 1, 6: 1, 7: 1, 8: 1} ","PASS , {1: 1, 2: 1, 3: 1, 4: 1} ",08:24:34_17-09-25
460,443,8617,005076,"BV25362312951 , T253618299 ",FF00FFA50010600D1FD0761C0106389901508C85000100C800300001000DDBCD0301839A8245009C0A10,PASS,"PASS, {1: 1, 2: 1, 3: 1, 4: 1, 5: 1, 6: 1, 7: 1, 8: 1, 9: 1, 10: 1, 11: 1}","PASS, {1: 1, 2: 1, 3: 1, 4: 1, 5: 1, 6: 1, 7: 1, 8: 1, 9: 1, 10: 1}","PASS , {1: 1, 2: 1, 3: 1, 4: 1, 5: 1, 6: 1, 7: 1, 8: 1} ","PASS , {1: 1, 2: 1, 3: 1, 4: 1} ",08:25:48_17-09-25
461,444,8617,005076,"BV25362312952 , T253618449 ",FF00FFA50010600D1FD0761C0106389901508C85000100C800300001000DDBCD0301839A8245009C0A10,PASS,"PASS, {1: 1, 2: 1, 3: 1, 4: 1, 5: 1, 6: 1, 7: 1, 8: 1, 9: 1, 10: 1, 11: 1}","PASS, {1: 1, 2: 1, 3: 1, 4: 1, 5: 1, 6: 1, 7: 1, 8: 1, 9: 1, 10: 1}","PASS , {1: 1, 2: 1, 3: 1, 4: 1, 5: 1, 6: 1, 7: 1, 8: 1} ","PASS , {1: 1, 2: 1, 3: 1, 4: 1} ",08:27:06_17-09-25
462,445,8617,005076,"BV25362312942 , T253618463 ",FF00FFA50010600D1FD0761C0106389901508C85000100C800300001000DDBCD0301839A8245009C0A10,PASS,"PASS, {1: 1, 2: 1, 3: 1, 4: 1, 5: 1, 6: 1, 7: 1, 8: 1, 9: 1, 10: 1, 11: 1}","PASS, {1: 1, 2: 1, 3: 1, 4: 1, 5: 1, 6: 1, 7: 1, 8: 1, 9: 1, 10: 1}","PASS , {1: 1, 2: 1, 3: 1, 4: 1, 5: 1, 6: 1, 7: 1, 8: 1} ","PASS , {1: 1, 2: 1, 3: 1, 4: 1} ",08:28:21_17-09-25
463,446,8617,005076,"BV25362312949 , T253618454 ",FF00FFA50010600D1FD0761C0106389901508C85000100C800300001000DDBCD0301839A8245009C0A10,PASS,"PASS, {1: 1, 2: 1, 3: 1, 4: 1, 5: 1, 6: 1, 7: 1, 8: 1, 9: 1, 10: 1, 11: 1}","PASS, {1: 1, 2: 1, 3: 1, 4: 1, 5: 1, 6: 1, 7: 1, 8: 1, 9: 1, 10: 1}","PASS , {1: 1, 2: 1, 3: 1, 4: 1, 5: 1, 6: 1, 7: 1, 8: 1} ","PASS , {1: 1, 2: 1, 3: 1, 4: 1} ",08:29:34_17-09-25
464,447,8617,005076,"BV25362312943 , T253618455 ",FF00FFA50010600D1FD0761C0106389901508C85000100C800300001000DDBCD0301839A8245009C0A10,PASS,"PASS, {1: 1, 2: 1, 3: 1, 4: 1, 5: 1, 6: 1, 7: 1, 8: 1, 9: 1, 10: 1, 11: 1}","PASS, {1: 1, 2: 1, 3: 1, 4: 1, 5: 1, 6: 1, 7: 1, 8: 1, 9: 1, 10: 1}","PASS , {1: 1, 2: 1, 3: 1, 4: 1, 5: 1, 6: 1, 7: 1, 8: 1} ","PASS , {1: 1, 2: 1, 3: 1, 4: 1} ",08:30:49_17-09-25
465,448,8617,005076,"BV25362312930 , T253618452 ",FF00FFA50010600D1FD0761C0106389901508C85000100C800300001000DDBCD0301839A8245009C0A10,PASS,"PASS, {1: 1, 2: 1, 3: 1, 4: 1, 5: 1, 6: 1, 7: 1, 8: 1, 9: 1, 10: 1, 11: 1}","PASS, {1: 1, 2: 1, 3: 1, 4: 1, 5: 1, 6: 1, 7: 1, 8: 1, 9: 1, 10: 1}","PASS , {1: 1, 2: 1, 3: 1, 4: 1, 5: 1, 6: 1, 7: 1, 8: 1} ","PASS , {1: 1, 2: 1, 3: 1, 4: 1} ",08:32:01_17-09-25
466,449,8617,005076,"BV25362312940 , T253618461 ",FF00FFA50010600D1FD0761C0106389901508C85000100C800300001000DDBCD0301839A8245009C0A10,PASS,"PASS, {1: 1, 2: 1, 3: 1, 4: 1, 5: 1, 6: 1, 7: 1, 8: 1, 9: 1, 10: 1, 11: 1}","PASS, {1: 1, 2: 1, 3: 1, 4: 1, 5: 1, 6: 1, 7: 1, 8: 1, 9: 1, 10: 1}","PASS , {1: 1, 2: 1, 3: 1, 4: 1, 5: 1, 6: 1, 7: 1, 8: 1} ","PASS , {1: 1, 2: 1, 3: 1, 4: 1} ",08:33:13_17-09-25
467,450,8617,005076,"BV25362312941 , T253618458 ",FF00FFA50010600D1FD0761C0106389901508C85000100C800300001000DDBCD0301839A8245009C0A10,PASS,"PASS, {1: 1, 2: 1, 3: 1, 4: 1, 5: 1, 6: 1, 7: 1, 8: 1, 9: 1, 10: 1, 11: 1}","PASS, {1: 1, 2: 1, 3: 1, 4: 1, 5: 1, 6: 1, 7: 1, 8: 1, 9: 1, 10: 1}","PASS , {1: 1, 2: 1, 3: 1, 4: 1, 5: 1, 6: 1, 7: 1, 8: 1} ","PASS , {1: 1, 2: 1, 3: 1, 4: 1} ",08:34:48_17-09-25
468,451,8617,005076,"BV25362312950 , T253618456 ",FF00FFA50010600D1FD0761C0106389901508C85000100C800300001000DDBCD0301839A8245009C0A10,PASS,"PASS, {1: 1, 2: 1, 3: 1, 4: 1, 5: 1, 6: 1, 7: 1, 8: 1, 9: 1, 10: 1, 11: 1}","PASS, {1: 1, 2: 1, 3: 1, 4: 1, 5: 1, 6: 1, 7: 1, 8: 1, 9: 1, 10: 1}","PASS , {1: 1, 2: 1, 3: 1, 4: 1, 5: 1, 6: 1, 7: 1, 8: 1} ","PASS , {1: 1, 2: 1, 3: 1, 4: 1} ",08:36:03_17-09-25
469,452,8617,005076,"BV25362312947 , T253618298 ",FF00FFA50010600D1FD0761C0106389901508C85000100C800300001000DDBCD0301839A8245009C0A10,PASS,"PASS, {1: 1, 2: 1, 3: 1, 4: 1, 5: 1, 6: 1, 7: 1, 8: 1, 9: 1, 10: 1, 11: 1}","PASS, {1: 1, 2: 1, 3: 1, 4: 1, 5: 1, 6: 1, 7: 1, 8: 1, 9: 1, 10: 1}","PASS , {1: 1, 2: 1, 3: 1, 4: 1, 5: 1, 6: 1, 7: 1, 8: 1} ","PASS , {1: 1, 2: 1, 3: 1, 4: 1} ",08:37:15_17-09-25
470,453,8617,005076,"BV25362312929 , T253618303 ",FF00FFA50010600D1FD0761C0106389901508C85000100C800300001000DDBCD0301839A8245009C0A10,PASS,"PASS, {1: 1, 2: 1, 3: 1, 4: 1, 5: 1, 6: 1, 7: 1, 8: 1, 9: 1, 10: 1, 11: 1}","PASS, {1: 1, 2: 1, 3: 1, 4: 1, 5: 1, 6: 1, 7: 1, 8: 1, 9: 1, 10: 1}","PASS , {1: 1, 2: 1, 3: 1, 4: 1, 5: 1, 6: 1, 7: 1, 8: 1} ","PASS , {1: 1, 2: 1, 3: 1, 4: 1} ",08:38:28_17-09-25
471,454,8617,005076,"BV25362312827 , T253612680 ",FF00FFA50010600D1FD0761C0106389901508C85000100C800300001000DDBCD0301839A8245009C0A10,PASS,"PASS, {1: 1, 2: 1, 3: 1, 4: 1, 5: 1, 6: 1, 7: 1, 8: 1, 9: 1, 10: 1, 11: 1}","PASS, {1: 1, 2: 1, 3: 1, 4: 1, 5: 1, 6: 1, 7: 1, 8: 1, 9: 1, 10: 1}","PASS , {1: 1, 2: 1, 3: 1, 4: 1, 5: 1, 6: 1, 7: 1, 8: 1} ","PASS , {1: 1, 2: 1, 3: 1, 4: 1} ",08:39:41_17-09-25
472,455,8617,005076,"BV25362312828 , T253612693 ",FF00FFA50010600D1FD0761C0106389901508C85000100C800300001000DDBCD0301839A8245009C0A10,PASS,"PASS, {1: 1, 2: 1, 3: 1, 4: 1, 5: 1, 6: 1, 7: 1, 8: 1, 9: 1, 10: 1, 11: 1}","PASS, {1: 1, 2: 1, 3: 1, 4: 1, 5: 1, 6: 1, 7: 1, 8: 1, 9: 1, 10: 1}","PASS , {1: 1, 2: 1, 3: 1, 4: 1, 5: 1, 6: 1, 7: 1, 8: 1} ","PASS , {1: 1, 2: 1, 3: 1, 4: 1} ",08:41:15_17-09-25
473,456,8617,005076,"BV25362312823 , T253612701 ",FF00FFA50010600D1FD0761C0106389901508C85000100C800300001000DDBCD0301839A8245009C0A10,PASS,"PASS, {1: 1, 2: 1, 3: 1, 4: 1, 5: 1, 6: 1, 7: 1, 8: 1, 9: 1, 10: 1, 11: 1}","PASS, {1: 1, 2: 1, 3: 1, 4: 1, 5: 1, 6: 1, 7: 1, 8: 1, 9: 1, 10: 1}","PASS , {1: 1, 2: 1, 3: 1, 4: 1, 5: 1, 6: 1, 7: 1, 8: 1} ","PASS , {1: 1, 2: 1, 3: 1, 4: 1} ",08:42:32_17-09-25
474,457,8617,005076,"BV25362312825 , T253612689 ",FF00FFA50010600D1FD0761C0106389901508C85000100C800300001000DDBCD0301839A8245009C0A10,PASS,"PASS, {1: 1, 2: 1, 3: 1, 4: 1, 5: 1, 6: 1, 7: 1, 8: 1, 9: 1, 10: 1, 11: 1}","PASS, {1: 1, 2: 1, 3: 1, 4: 1, 5: 1, 6: 1, 7: 1, 8: 1, 9: 1, 10: 1}","PASS , {1: 1, 2: 1, 3: 1, 4: 1, 5: 1, 6: 1, 7: 1, 8: 1} ","PASS , {1: 1, 2: 1, 3: 1, 4: 1} ",08:43:47_17-09-25
475,458,8617,005076,"BV25362312826 , T253612673 ",FF00FFA50010600D1FD0761C0106389901508C85000100C800300001000DDBCD0301839A8245009C0A10,PASS,"PASS, {1: 1, 2: 1, 3: 1, 4: 1, 5: 1, 6: 1, 7: 1, 8: 1, 9: 1, 10: 1, 11: 1}","PASS, {1: 1, 2: 1, 3: 1, 4: 1, 5: 1, 6: 1, 7: 1, 8: 1, 9: 1, 10: 1}","PASS , {1: 1, 2: 1, 3: 1, 4: 1, 5: 1, 6: 1, 7: 1, 8: 1} ","PASS , {1: 1, 2: 1, 3: 1, 4: 1} ",08:45:01_17-09-25
476,459,8617,005076,"BV25362312948 , T253618459 ",FF00FFA50010600D1FD0761C0106389901508C85000100C800300001000DDBCD0301839A8245009C0A10,PASS,"PASS, {1: 1, 2: 1, 3: 1, 4: 1, 5: 1, 6: 1, 7: 1, 8: 1, 9: 1, 10: 1, 11: 1}","PASS, {1: 1, 2: 1, 3: 1, 4: 1, 5: 1, 6: 1, 7: 1, 8: 1, 9: 1, 10: 1}","PASS , {1: 1, 2: 1, 3: 1, 4: 1, 5: 1, 6: 1, 7: 1, 8: 1} ","PASS , {1: 1, 2: 1, 3: 1, 4: 1} ",08:46:13_17-09-25
477,460,8617,005076,"BV25362312955 , T253618442 ",FF00FFA50010600D1FD0761C0106389901508C85000100C800300001000DDBCD0301839A8245009C0A10,PASS,"PASS, {1: 1, 2: 1, 3: 1, 4: 1, 5: 1, 6: 1, 7: 1, 8: 1, 9: 1, 10: 1, 11: 1}","PASS, {1: 1, 2: 1, 3: 1, 4: 1, 5: 1, 6: 1, 7: 1, 8: 1, 9: 1, 10: 1}","PASS , {1: 1, 2: 1, 3: 1, 4: 1, 5: 1, 6: 1, 7: 1, 8: 1} ","PASS , {1: 1, 2: 1, 3: 1, 4: 1} ",08:47:31_17-09-25
478,461,8617,005076,"BV25362312920 , T253612740 ",FF00FFA50010600D1FD0761C0106389901508C85000100C800300001000DDBCD0301839A8245009C0A10,PASS,"PASS, {1: 1, 2: 1, 3: 1, 4: 1, 5: 1, 6: 1, 7: 1, 8: 1, 9: 1, 10: 1, 11: 1}","PASS, {1: 1, 2: 1, 3: 1, 4: 1, 5: 1, 6: 1, 7: 1, 8: 1, 9: 1, 10: 1}","PASS , {1: 1, 2: 1, 3: 1, 4: 1, 5: 1, 6: 1, 7: 1, 8: 1} ","PASS , {1: 1, 2: 1, 3: 1, 4: 1} ",08:48:46_17-09-25
479,462,8617,005076,"BV25362312919 , T253612742 ",FF00FFA50010600D1FD0761C0106389901508C85000100C800300001000DDBCD0301839A8245009C0A10,PASS,"PASS, {1: 1, 2: 1, 3: 1, 4: 1, 5: 1, 6: 1, 7: 1, 8: 1, 9: 1, 10: 1, 11: 1}","PASS, {1: 1, 2: 1, 3: 1, 4: 1, 5: 1, 6: 1, 7: 1, 8: 1, 9: 1, 10: 1}","PASS , {1: 1, 2: 1, 3: 1, 4: 1, 5: 1, 6: 1, 7: 1, 8: 1} ","PASS , {1: 1, 2: 1, 3: 1, 4: 1} ",08:49:59_17-09-25
480,463,8617,005076,"BV25362312918 , T253614150 ",FF00FFA50010600D1FD0761C0106389901508C85000100C800300001000DDBCD0301839A8245009C0A10,PASS,"PASS, {1: 1, 2: 1, 3: 1, 4: 1, 5: 1, 6: 1, 7: 1, 8: 1, 9: 1, 10: 1, 11: 1}","PASS, {1: 1, 2: 1, 3: 1, 4: 1, 5: 1, 6: 1, 7: 1, 8: 1, 9: 1, 10: 1}","PASS , {1: 1, 2: 1, 3: 1, 4: 1, 5: 1, 6: 1, 7: 1, 8: 1} ","PASS , {1: 1, 2: 1, 3: 1, 4: 1} ",08:51:13_17-09-25
481,464,8617,005076,"BV25362312933 , T253618321 ",FF00FFA50010600D1FD0761C0106389901508C85000100C800300001000DDBCD0301839A8245009C0A10,PASS,"PASS, {1: 1, 2: 1, 3: 1, 4: 1, 5: 1, 6: 1, 7: 1, 8: 1, 9: 1, 10: 1, 11: 1}","PASS, {1: 1, 2: 1, 3: 1, 4: 1, 5: 1, 6: 1, 7: 1, 8: 1, 9: 1, 10: 1}","PASS , {1: 1, 2: 1, 3: 1, 4: 1, 5: 1, 6: 1, 7: 1, 8: 1} ","PASS , {1: 1, 2: 1, 3: 1, 4: 1} ",08:52:26_17-09-25
482,465,8617,005076,"BV25362312808 , T253619398 ",FF00FFA50010600D1FD0761C0106389901508C85000100C800300001000DDBCD0301839A8245009C0A10,PASS,"PASS, {1: 1, 2: 1, 3: 1, 4: 1, 5: 1, 6: 1, 7: 1, 8: 1, 9: 1, 10: 1, 11: 1}","PASS, {1: 1, 2: 1, 3: 1, 4: 1, 5: 1, 6: 1, 7: 1, 8: 1, 9: 1, 10: 1}","PASS , {1: 1, 2: 1, 3: 1, 4: 1, 5: 1, 6: 1, 7: 1, 8: 1} ","PASS , {1: 1, 2: 1, 3: 1, 4: 1} ",08:53:40_17-09-25
483,466,8617,005076,"BV25362312840 , T253612747 ",FF00FFA50010600D1FD0761C0106389901508C85000100C800300001000DDBCD0301839A8245009C0A10,PASS,"PASS, {1: 1, 2: 1, 3: 1, 4: 1, 5: 1, 6: 1, 7: 1, 8: 1, 9: 1, 10: 1, 11: 1}","PASS, {1: 1, 2: 1, 3: 1, 4: 1, 5: 1, 6: 1, 7: 1, 8: 1, 9: 1, 10: 1}","PASS , {1: 1, 2: 1, 3: 1, 4: 1, 5: 1, 6: 1, 7: 1, 8: 1} ","PASS , {1: 1, 2: 1, 3: 1, 4: 1} ",08:54:54_17-09-25
484,466,8617,005076,"BV25362312979 , T253618160 ",FF00FFA50010600D1FD0761C0106389901508C85000100C800300001000DDBCD0301839A8245009C0A10,PASS,"PASS, {1: 1, 2: 1, 3: 1, 4: 1, 5: 1, 6: 1, 7: 1, 8: 1, 9: 1, 10: 1, 11: 1}","PASS, {1: 1, 2: 1, 3: 1, 4: 1, 5: 1, 6: 1, 7: 1, 8: 1, 9: 1, 10: 1}","FAIL , {1: 1, 2: 1, 3: 1, 4: 1, 5: 0, 6: 1, 7: 1, 8: 1} ","PASS , {1: 1, 2: 1, 3: 1, 4: 1} ",08:56:15_17-09-25
485,467,8617,005076,"BV25362312984 , T253618583 ",FF00FFA50010600D1FD0761C0106389901508C85000100C800300001000DDBCD0301839A8245009C0A10,PASS,"PASS, {1: 1, 2: 1, 3: 1, 4: 1, 5: 1, 6: 1, 7: 1, 8: 1, 9: 1, 10: 1, 11: 1}","PASS, {1: 1, 2: 1, 3: 1, 4: 1, 5: 1, 6: 1, 7: 1, 8: 1, 9: 1, 10: 1}","PASS , {1: 1, 2: 1, 3: 1, 4: 1, 5: 1, 6: 1, 7: 1, 8: 1} ","PASS , {1: 1, 2: 1, 3: 1, 4: 1} ",08:57:28_17-09-25
486,468,8617,005076,"BV25362312988 , T253618146 ",FF00FFA50010600D1FD0761C0106389901508C85000100C800300001000DDBCD0301839A8245009C0A10,PASS,"PASS, {1: 1, 2: 1, 3: 1, 4: 1, 5: 1, 6: 1, 7: 1, 8: 1, 9: 1, 10: 1, 11: 1}","PASS, {1: 1, 2: 1, 3: 1, 4: 1, 5: 1, 6: 1, 7: 1, 8: 1, 9: 1, 10: 1}","PASS , {1: 1, 2: 1, 3: 1, 4: 1, 5: 1, 6: 1, 7: 1, 8: 1} ","PASS , {1: 1, 2: 1, 3: 1, 4: 1} ",08:58:42_17-09-25
487,469,8617,005076,"BV25362312987 , T253618579 ",FF00FFA50010600D1FD0761C0106389901508C85000100C800300001000DDBCD0301839A8245009C0A10,PASS,"PASS, {1: 1, 2: 1, 3: 1, 4: 1, 5: 1, 6: 1, 7: 1, 8: 1, 9: 1, 10: 1, 11: 1}","PASS, {1: 1, 2: 1, 3: 1, 4: 1, 5: 1, 6: 1, 7: 1, 8: 1, 9: 1, 10: 1}","PASS , {1: 1, 2: 1, 3: 1, 4: 1, 5: 1, 6: 1, 7: 1, 8: 1} ","PASS , {1: 1, 2: 1, 3: 1, 4: 1} ",08:59:56_17-09-25
488,470,8617,005076,"BV25362312958 , T253618441 ",FF00FFA50010600D1FD0761C0106389901508C85000100C800300001000DDBCD0301839A8245009C0A10,PASS,"PASS, {1: 1, 2: 1, 3: 1, 4: 1, 5: 1, 6: 1, 7: 1, 8: 1, 9: 1, 10: 1, 11: 1}","PASS, {1: 1, 2: 1, 3: 1, 4: 1, 5: 1, 6: 1, 7: 1, 8: 1, 9: 1, 10: 1}","PASS , {1: 1, 2: 1, 3: 1, 4: 1, 5: 1, 6: 1, 7: 1, 8: 1} ","PASS , {1: 1, 2: 1, 3: 1, 4: 1} ",09:01:11_17-09-25
489,471,8617,005076,"BV25362312990 , T253618574 ",FF00FFA50010600D1FD0761C0106389901508C85000100C800300001000DDBCD0301839A8245009C0A10,PASS,"PASS, {1: 1, 2: 1, 3: 1, 4: 1, 5: 1, 6: 1, 7: 1, 8: 1, 9: 1, 10: 1, 11: 1}","PASS, {1: 1, 2: 1, 3: 1, 4: 1, 5: 1, 6: 1, 7: 1, 8: 1, 9: 1, 10: 1}","PASS , {1: 1, 2: 1, 3: 1, 4: 1, 5: 1, 6: 1, 7: 1, 8: 1} ","PASS , {1: 1, 2: 1, 3: 1, 4: 1} ",09:02:23_17-09-25
490,472,8617,005076,"BV25362312993 , T253618580 ",FF00FFA50010600D1FD0761C0106389901508C85000100C800300001000DDBCD0301839A8245009C0A10,PASS,"PASS, {1: 1, 2: 1, 3: 1, 4: 1, 5: 1, 6: 1, 7: 1, 8: 1, 9: 1, 10: 1, 11: 1}","PASS, {1: 1, 2: 1, 3: 1, 4: 1, 5: 1, 6: 1, 7: 1, 8: 1, 9: 1, 10: 1}","PASS , {1: 1, 2: 1, 3: 1, 4: 1, 5: 1, 6: 1, 7: 1, 8: 1} ","PASS , {1: 1, 2: 1, 3: 1, 4: 1} ",09:03:40_17-09-25
491,473,8617,005076,"BV25362312999 , T253618144 ",FF00FFA50010600D1FD0761C0106389901508C85000100C800300001000DDBCD0301839A8245009C0A10,PASS,"PASS, {1: 1, 2: 1, 3: 1, 4: 1, 5: 1, 6: 1, 7: 1, 8: 1, 9: 1, 10: 1, 11: 1}","PASS, {1: 1, 2: 1, 3: 1, 4: 1, 5: 1, 6: 1, 7: 1, 8: 1, 9: 1, 10: 1}","PASS , {1: 1, 2: 1, 3: 1, 4: 1, 5: 1, 6: 1, 7: 1, 8: 1} ","PASS , {1: 1, 2: 1, 3: 1, 4: 1} ",09:04:52_17-09-25
492,474,8617,005076,"BV25362312995 , T253618575 ",FF00FFA50010600D1FD0761C0106389901508C85000100C800300001000DDBCD0301839A8245009C0A10,PASS,"PASS, {1: 1, 2: 1, 3: 1, 4: 1, 5: 1, 6: 1, 7: 1, 8: 1, 9: 1, 10: 1, 11: 1}","PASS, {1: 1, 2: 1, 3: 1, 4: 1, 5: 1, 6: 1, 7: 1, 8: 1, 9: 1, 10: 1}","PASS , {1: 1, 2: 1, 3: 1, 4: 1, 5: 1, 6: 1, 7: 1, 8: 1} ","PASS , {1: 1, 2: 1, 3: 1, 4: 1} ",09:06:04_17-09-25
493,475,8617,005076,"BV25362312979 , T253618160 ",FF00FFA50010600D1FD0761C0106389901508C85000100C800300001000DDBCD0301839A8245009C0A10,PASS,"PASS, {1: 1, 2: 1, 3: 1, 4: 1, 5: 1, 6: 1, 7: 1, 8: 1, 9: 1, 10: 1, 11: 1}","PASS, {1: 1, 2: 1, 3: 1, 4: 1, 5: 1, 6: 1, 7: 1, 8: 1, 9: 1, 10: 1}","PASS , {1: 1, 2: 1, 3: 1, 4: 1, 5: 1, 6: 1, 7: 1, 8: 1} ","PASS , {1: 1, 2: 1, 3: 1, 4: 1} ",09:07:19_17-09-25
494,476,8617,005076,"BV25362312994 , T253618577 ",FF00FFA50010600D1FD0761C0106389901508C85000100C800300001000DDBCD0301839A8245009C0A10,PASS,"PASS, {1: 1, 2: 1, 3: 1, 4: 1, 5: 1, 6: 1, 7: 1, 8: 1, 9: 1, 10: 1, 11: 1}","PASS, {1: 1, 2: 1, 3: 1, 4: 1, 5: 1, 6: 1, 7: 1, 8: 1, 9: 1, 10: 1}","PASS , {1: 1, 2: 1, 3: 1, 4: 1, 5: 1, 6: 1, 7: 1, 8: 1} ","PASS , {1: 1, 2: 1, 3: 1, 4: 1} ",09:08:33_17-09-25
495,477,8617,005076,"BV25362312991 , T253618578 ",FF00FFA50010600D1FD0761C0106389901508C85000100C800300001000DDBCD0301839A8245009C0A10,PASS,"PASS, {1: 1, 2: 1, 3: 1, 4: 1, 5: 1, 6: 1, 7: 1, 8: 1, 9: 1, 10: 1, 11: 1}","PASS, {1: 1, 2: 1, 3: 1, 4: 1, 5: 1, 6: 1, 7: 1, 8: 1, 9: 1, 10: 1}","PASS , {1: 1, 2: 1, 3: 1, 4: 1, 5: 1, 6: 1, 7: 1, 8: 1} ","PASS , {1: 1, 2: 1, 3: 1, 4: 1} ",09:09:45_17-09-25
496,478,8617,005076,"BV25362312957 , T253618462 ",FF00FFA50010600D1FD0761C0106389901508C85000100C800300001000DDBCD0301839A8245009C0A10,PASS,"PASS, {1: 1, 2: 1, 3: 1, 4: 1, 5: 1, 6: 1, 7: 1, 8: 1, 9: 1, 10: 1, 11: 1}","PASS, {1: 1, 2: 1, 3: 1, 4: 1, 5: 1, 6: 1, 7: 1, 8: 1, 9: 1, 10: 1}","PASS , {1: 1, 2: 1, 3: 1, 4: 1, 5: 1, 6: 1, 7: 1, 8: 1} ","PASS , {1: 1, 2: 1, 3: 1, 4: 1} ",09:10:58_17-09-25
497,479,8617,005076,"BV25362312983 , T253618152 ",FF00FFA50010600D1FD0761C0106389901508C85000100C800300001000DDBCD0301839A8245009C0A10,PASS,"PASS, {1: 1, 2: 1, 3: 1, 4: 1, 5: 1, 6: 1, 7: 1, 8: 1, 9: 1, 10: 1, 11: 1}","PASS, {1: 1, 2: 1, 3: 1, 4: 1, 5: 1, 6: 1, 7: 1, 8: 1, 9: 1, 10: 1}","PASS , {1: 1, 2: 1, 3: 1, 4: 1, 5: 1, 6: 1, 7: 1, 8: 1} ","PASS , {1: 1, 2: 1, 3: 1, 4: 1} ",09:12:21_17-09-25
498,480,8617,005076,"BV25362312986 , T253618145 ",FF00FFA50010600D1FD0761C0106389901508C85000100C800300001000DDBCD0301839A8245009C0A10,PASS,"PASS, {1: 1, 2: 1, 3: 1, 4: 1, 5: 1, 6: 1, 7: 1, 8: 1, 9: 1, 10: 1, 11: 1}","PASS, {1: 1, 2: 1, 3: 1, 4: 1, 5: 1, 6: 1, 7: 1, 8: 1, 9: 1, 10: 1}","PASS , {1: 1, 2: 1, 3: 1, 4: 1, 5: 1, 6: 1, 7: 1, 8: 1} ","PASS , {1: 1, 2: 1, 3: 1, 4: 1} ",09:13:35_17-09-25
499,481,8617,005076,"BV25362312985 , T253618143 ",FF00FFA50010600D1FD0761C0106389901508C85000100C800300001000DDBCD0301839A8245009C0A10,PASS,"PASS, {1: 1, 2: 1, 3: 1, 4: 1, 5: 1, 6: 1, 7: 1, 8: 1, 9: 1, 10: 1, 11: 1}","PASS, {1: 1, 2: 1, 3: 1, 4: 1, 5: 1, 6: 1, 7: 1, 8: 1, 9: 1, 10: 1}","PASS , {1: 1, 2: 1, 3: 1, 4: 1, 5: 1, 6: 1, 7: 1, 8: 1} ","PASS , {1: 1, 2: 1, 3: 1, 4: 1} ",09:14:47_17-09-25
500,482,8617,005076,"BV25362312973 , T253618153 ",FF00FFA50010600D1FD0761C0106389901508C85000100C800300001000DDBCD0301839A8245009C0A10,PASS,"PASS, {1: 1, 2: 1, 3: 1, 4: 1, 5: 1, 6: 1, 7: 1, 8: 1, 9: 1, 10: 1, 11: 1}","PASS, {1: 1, 2: 1, 3: 1, 4: 1, 5: 1, 6: 1, 7: 1, 8: 1, 9: 1, 10: 1}","PASS , {1: 1, 2: 1, 3: 1, 4: 1, 5: 1, 6: 1, 7: 1, 8: 1} ","PASS , {1: 1, 2: 1, 3: 1, 4: 1} ",09:16:00_17-09-25
501,483,8617,005076,"BV25362312977 , T253618460 ",FF00FFA50010600D1FD0761C0106389901508C85000100C800300001000DDBCD0301839A8245009C0A10,PASS,"PASS, {1: 1, 2: 1, 3: 1, 4: 1, 5: 1, 6: 1, 7: 1, 8: 1, 9: 1, 10: 1, 11: 1}","PASS, {1: 1, 2: 1, 3: 1, 4: 1, 5: 1, 6: 1, 7: 1, 8: 1, 9: 1, 10: 1}","PASS , {1: 1, 2: 1, 3: 1, 4: 1, 5: 1, 6: 1, 7: 1, 8: 1} ","PASS , {1: 1, 2: 1, 3: 1, 4: 1} ",09:17:14_17-09-25
502,484,8617,005076,"BV25362312971 , T253618157 ",FF00FFA50010600D1FD0761C0106389901508C85000100C800300001000DDBCD0301839A8245009C0A10,PASS,"PASS, {1: 1, 2: 1, 3: 1, 4: 1, 5: 1, 6: 1, 7: 1, 8: 1, 9: 1, 10: 1, 11: 1}","PASS, {1: 1, 2: 1, 3: 1, 4: 1, 5: 1, 6: 1, 7: 1, 8: 1, 9: 1, 10: 1}","PASS , {1: 1, 2: 1, 3: 1, 4: 1, 5: 1, 6: 1, 7: 1, 8: 1} ","PASS , {1: 1, 2: 1, 3: 1, 4: 1} ",09:18:28_17-09-25
503,485,8617,005076,"BV25362312966 , T253618165 ",FF00FFA50010600D1FD0761C0106389901508C85000100C800300001000DDBCD0301839A8245009C0A10,PASS,"PASS, {1: 1, 2: 1, 3: 1, 4: 1, 5: 1, 6: 1, 7: 1, 8: 1, 9: 1, 10: 1, 11: 1}","PASS, {1: 1, 2: 1, 3: 1, 4: 1, 5: 1, 6: 1, 7: 1, 8: 1, 9: 1, 10: 1}","PASS , {1: 1, 2: 1, 3: 1, 4: 1, 5: 1, 6: 1, 7: 1, 8: 1} ","PASS , {1: 1, 2: 1, 3: 1, 4: 1} ",09:19:43_17-09-25
504,486,8617,005076,"BV25362312967 , T253618164 ",FF00FFA50010600D1FD0761C0106389901508C85000100C800300001000DDBCD0301839A8245009C0A10,PASS,"PASS, {1: 1, 2: 1, 3: 1, 4: 1, 5: 1, 6: 1, 7: 1, 8: 1, 9: 1, 10: 1, 11: 1}","PASS, {1: 1, 2: 1, 3: 1, 4: 1, 5: 1, 6: 1, 7: 1, 8: 1, 9: 1, 10: 1}","PASS , {1: 1, 2: 1, 3: 1, 4: 1, 5: 1, 6: 1, 7: 1, 8: 1} ","PASS , {1: 1, 2: 1, 3: 1, 4: 1} ",09:20:59_17-09-25
505,487,8617,005076,"BV25362312965 , T253618162 ",FF00FFA50010600D1FD0761C0106389901508C85000100C800300001000DDBCD0301839A8245009C0A10,PASS,"PASS, {1: 1, 2: 1, 3: 1, 4: 1, 5: 1, 6: 1, 7: 1, 8: 1, 9: 1, 10: 1, 11: 1}","PASS, {1: 1, 2: 1, 3: 1, 4: 1, 5: 1, 6: 1, 7: 1, 8: 1, 9: 1, 10: 1}","PASS , {1: 1, 2: 1, 3: 1, 4: 1, 5: 1, 6: 1, 7: 1, 8: 1} ","PASS , {1: 1, 2: 1, 3: 1, 4: 1} ",09:22:12_17-09-25
506,488,8617,005076,"BV25362312970 , T253618155 ",FF00FFA50010600D1FD0761C0106389901508C85000100C800300001000DDBCD0301839A8245009C0A10,PASS,"PASS, {1: 1, 2: 1, 3: 1, 4: 1, 5: 1, 6: 1, 7: 1, 8: 1, 9: 1, 10: 1, 11: 1}","PASS, {1: 1, 2: 1, 3: 1, 4: 1, 5: 1, 6: 1, 7: 1, 8: 1, 9: 1, 10: 1}","PASS , {1: 1, 2: 1, 3: 1, 4: 1, 5: 1, 6: 1, 7: 1, 8: 1} ","PASS , {1: 1, 2: 1, 3: 1, 4: 1} ",09:23:24_17-09-25
507,489,8617,005076,"BV25362312969 , T253618154 ",FF00FFA50010600D1FD0761C0106389901508C85000100C800300001000DDBCD0301839A8245009C0A10,PASS,"PASS, {1: 1, 2: 1, 3: 1, 4: 1, 5: 1, 6: 1, 7: 1, 8: 1, 9: 1, 10: 1, 11: 1}","PASS, {1: 1, 2: 1, 3: 1, 4: 1, 5: 1, 6: 1, 7: 1, 8: 1, 9: 1, 10: 1}","PASS , {1: 1, 2: 1, 3: 1, 4: 1, 5: 1, 6: 1, 7: 1, 8: 1} ","PASS , {1: 1, 2: 1, 3: 1, 4: 1} ",09:24:36_17-09-25
508,490,8617,005076,"BV25362312972 , T253618150 ",FF00FFA50010600D1FD0761C0106389901508C85000100C800300001000DDBCD0301839A8245009C0A10,PASS,"PASS, {1: 1, 2: 1, 3: 1, 4: 1, 5: 1, 6: 1, 7: 1, 8: 1, 9: 1, 10: 1, 11: 1}","PASS, {1: 1, 2: 1, 3: 1, 4: 1, 5: 1, 6: 1, 7: 1, 8: 1, 9: 1, 10: 1}","PASS , {1: 1, 2: 1, 3: 1, 4: 1, 5: 1, 6: 1, 7: 1, 8: 1} ","PASS , {1: 1, 2: 1, 3: 1, 4: 1} ",09:25:49_17-09-25
509,491,8617,005076,"BV25362312976 , T253618161 ",FF00FFA50010600D1FD0761C0106389901508C85000100C800300001000DDBCD0301839A8245009C0A10,PASS,"PASS, {1: 1, 2: 1, 3: 1, 4: 1, 5: 1, 6: 1, 7: 1, 8: 1, 9: 1, 10: 1, 11: 1}","PASS, {1: 1, 2: 1, 3: 1, 4: 1, 5: 1, 6: 1, 7: 1, 8: 1, 9: 1, 10: 1}","PASS , {1: 1, 2: 1, 3: 1, 4: 1, 5: 1, 6: 1, 7: 1, 8: 1} ","PASS , {1: 1, 2: 1, 3: 1, 4: 1} ",09:27:04_17-09-25
510,492,8617,005076,"BV25362312770 , T253614844 ",FF00FFA50010600D1FD0761C0106389901508C85000100C800300001000DDBCD0301839A8245009C0A10,PASS,"PASS, {1: 1, 2: 1, 3: 1, 4: 1, 5: 1, 6: 1, 7: 1, 8: 1, 9: 1, 10: 1, 11: 1}","PASS, {1: 1, 2: 1, 3: 1, 4: 1, 5: 1, 6: 1, 7: 1, 8: 1, 9: 1, 10: 1}","PASS , {1: 1, 2: 1, 3: 1, 4: 1, 5: 1, 6: 1, 7: 1, 8: 1} ","PASS , {1: 1, 2: 1, 3: 1, 4: 1} ",09:28:18_17-09-25
511,492,8617,005076,"BV25362312768 , T253614193 ",FF00FFA50010600D1FD0761C0106389901508C85000100C800300001000DDBCD0301839A8245009C0A10,PASS,"PASS, {1: 1, 2: 1, 3: 1, 4: 1, 5: 1, 6: 1, 7: 1, 8: 1, 9: 1, 10: 1, 11: 1}","PASS, {1: 1, 2: 1, 3: 1, 4: 1, 5: 1, 6: 1, 7: 1, 8: 1, 9: 1, 10: 1}","PASS , {1: 1, 2: 1, 3: 1, 4: 1, 5: 1, 6: 1, 7: 1, 8: 1} ","FAIL , {1: 1, 2: 0, 3: 0, 4: 0} ",09:43:38_17-09-25
512,493,8617,005076,"BV25362312765 , T253614841 ",FF00FFA50010600D1FD0761C0106389901508C85000100C800300001000DDBCD0301839A8245009C0A10,PASS,"PASS, {1: 1, 2: 1, 3: 1, 4: 1, 5: 1, 6: 1, 7: 1, 8: 1, 9: 1, 10: 1, 11: 1}","PASS, {1: 1, 2: 1, 3: 1, 4: 1, 5: 1, 6: 1, 7: 1, 8: 1, 9: 1, 10: 1}","PASS , {1: 1, 2: 1, 3: 1, 4: 1, 5: 1, 6: 1, 7: 1, 8: 1} ","PASS , {1: 1, 2: 1, 3: 1, 4: 1} ",09:44:55_17-09-25
513,494,8617,005076,"BV25362312761 , T253615887 ",FF00FFA50010600D1FD0761C0106389901508C85000100C800300001000DDBCD0301839A8245009C0A10,PASS,"PASS, {1: 1, 2: 1, 3: 1, 4: 1, 5: 1, 6: 1, 7: 1, 8: 1, 9: 1, 10: 1, 11: 1}","PASS, {1: 1, 2: 1, 3: 1, 4: 1, 5: 1, 6: 1, 7: 1, 8: 1, 9: 1, 10: 1}","PASS , {1: 1, 2: 1, 3: 1, 4: 1, 5: 1, 6: 1, 7: 1, 8: 1} ","PASS , {1: 1, 2: 1, 3: 1, 4: 1} ",09:46:18_17-09-25
514,495,8617,005076,"BV25362312763 , T253614195 ",FF00FFA50010600D1FD0761C0106389901508C85000100C800300001000DDBCD0301839A8245009C0A10,PASS,"PASS, {1: 1, 2: 1, 3: 1, 4: 1, 5: 1, 6: 1, 7: 1, 8: 1, 9: 1, 10: 1, 11: 1}","PASS, {1: 1, 2: 1, 3: 1, 4: 1, 5: 1, 6: 1, 7: 1, 8: 1, 9: 1, 10: 1}","PASS , {1: 1, 2: 1, 3: 1, 4: 1, 5: 1, 6: 1, 7: 1, 8: 1} ","PASS , {1: 1, 2: 1, 3: 1, 4: 1} ",09:47:50_17-09-25
515,496,8617,005076,"BV25362312759 , T253614029 ",FF00FFA50010600D1FD0761C0106389901508C85000100C800300001000DDBCD0301839A8245009C0A10,PASS,"PASS, {1: 1, 2: 1, 3: 1, 4: 1, 5: 1, 6: 1, 7: 1, 8: 1, 9: 1, 10: 1, 11: 1}","PASS, {1: 1, 2: 1, 3: 1, 4: 1, 5: 1, 6: 1, 7: 1, 8: 1, 9: 1, 10: 1}","PASS , {1: 1, 2: 1, 3: 1, 4: 1, 5: 1, 6: 1, 7: 1, 8: 1} ","PASS , {1: 1, 2: 1, 3: 1, 4: 1} ",09:49:08_17-09-25
516,497,8617,005076,"BV25362312806 , T253618965 ",FF00FFA50010600D1FD0761C0106389901508C85000100C800300001000DDBCD0301839A8245009C0A10,PASS,"PASS, {1: 1, 2: 1, 3: 1, 4: 1, 5: 1, 6: 1, 7: 1, 8: 1, 9: 1, 10: 1, 11: 1}","PASS, {1: 1, 2: 1, 3: 1, 4: 1, 5: 1, 6: 1, 7: 1, 8: 1, 9: 1, 10: 1}","PASS , {1: 1, 2: 1, 3: 1, 4: 1, 5: 1, 6: 1, 7: 1, 8: 1} ","PASS , {1: 1, 2: 1, 3: 1, 4: 1} ",09:50:22_17-09-25
517,498,8617,005076,"BV25362312764 , T253614843 ",FF00FFA50010600D1FD0761C0106389901508C85000100C800300001000DDBCD0301839A8245009C0A10,PASS,"PASS, {1: 1, 2: 1, 3: 1, 4: 1, 5: 1, 6: 1, 7: 1, 8: 1, 9: 1, 10: 1, 11: 1}","PASS, {1: 1, 2: 1, 3: 1, 4: 1, 5: 1, 6: 1, 7: 1, 8: 1, 9: 1, 10: 1}","PASS , {1: 1, 2: 1, 3: 1, 4: 1, 5: 1, 6: 1, 7: 1, 8: 1} ","PASS , {1: 1, 2: 1, 3: 1, 4: 1} ",09:51:36_17-09-25
518,499,8617,005076,"BV25362312805 , T253618967 ",FF00FFA50010600D1FD0761C0106389901508C85000100C800300001000DDBCD0301839A8245009C0A10,PASS,"PASS, {1: 1, 2: 1, 3: 1, 4: 1, 5: 1, 6: 1, 7: 1, 8: 1, 9: 1, 10: 1, 11: 1}","PASS, {1: 1, 2: 1, 3: 1, 4: 1, 5: 1, 6: 1, 7: 1, 8: 1, 9: 1, 10: 1}","PASS , {1: 1, 2: 1, 3: 1, 4: 1, 5: 1, 6: 1, 7: 1, 8: 1} ","PASS , {1: 1, 2: 1, 3: 1, 4: 1} ",09:52:48_17-09-25
519,500,8617,005076,"BV25362312758 , T253615360 ",FF00FFA50010600D1FD0761C0106389901508C85000100C800300001000DDBCD0301839A8245009C0A10,PASS,"PASS, {1: 1, 2: 1, 3: 1, 4: 1, 5: 1, 6: 1, 7: 1, 8: 1, 9: 1, 10: 1, 11: 1}","PASS, {1: 1, 2: 1, 3: 1, 4: 1, 5: 1, 6: 1, 7: 1, 8: 1, 9: 1, 10: 1}","PASS , {1: 1, 2: 1, 3: 1, 4: 1, 5: 1, 6: 1, 7: 1, 8: 1} ","PASS , {1: 1, 2: 1, 3: 1, 4: 1} ",09:54:00_17-09-25
520,501,8617,005076,"BV25362312807 , T253618968 ",FF00FFA50010600D1FD0761C0106389901508C85000100C800300001000DDBCD0301839A8245009C0A10,PASS,"PASS, {1: 1, 2: 1, 3: 1, 4: 1, 5: 1, 6: 1, 7: 1, 8: 1, 9: 1, 10: 1, 11: 1}","PASS, {1: 1, 2: 1, 3: 1, 4: 1, 5: 1, 6: 1, 7: 1, 8: 1, 9: 1, 10: 1}","PASS , {1: 1, 2: 1, 3: 1, 4: 1, 5: 1, 6: 1, 7: 1, 8: 1} ","PASS , {1: 1, 2: 1, 3: 1, 4: 1} ",09:55:16_17-09-25
521,502,8617,005076,"BV25362312762 , T253614839 ",FF00FFA50010600D1FD0761C0106389901508C85000100C800300001000DDBCD0301839A8245009C0A10,PASS,"PASS, {1: 1, 2: 1, 3: 1, 4: 1, 5: 1, 6: 1, 7: 1, 8: 1, 9: 1, 10: 1, 11: 1}","PASS, {1: 1, 2: 1, 3: 1, 4: 1, 5: 1, 6: 1, 7: 1, 8: 1, 9: 1, 10: 1}","PASS , {1: 1, 2: 1, 3: 1, 4: 1, 5: 1, 6: 1, 7: 1, 8: 1} ","PASS , {1: 1, 2: 1, 3: 1, 4: 1} ",09:56:29_17-09-25
522,503,8617,005076,"BV25362312760 , T253618368 ",FF00FFA50010600D1FD0761C0106389901508C85000100C800300001000DDBCD0301839A8245009C0A10,PASS,"PASS, {1: 1, 2: 1, 3: 1, 4: 1, 5: 1, 6: 1, 7: 1, 8: 1, 9: 1, 10: 1, 11: 1}","PASS, {1: 1, 2: 1, 3: 1, 4: 1, 5: 1, 6: 1, 7: 1, 8: 1, 9: 1, 10: 1}","PASS , {1: 1, 2: 1, 3: 1, 4: 1, 5: 1, 6: 1, 7: 1, 8: 1} ","PASS , {1: 1, 2: 1, 3: 1, 4: 1} ",09:57:44_17-09-25
523,504,8617,005076,"BV25362312804 , T253619399 ",FF00FFA50010600D1FD0761C0106389901508C85000100C800300001000DDBCD0301839A8245009C0A10,PASS,"PASS, {1: 1, 2: 1, 3: 1, 4: 1, 5: 1, 6: 1, 7: 1, 8: 1, 9: 1, 10: 1, 11: 1}","PASS, {1: 1, 2: 1, 3: 1, 4: 1, 5: 1, 6: 1, 7: 1, 8: 1, 9: 1, 10: 1}","PASS , {1: 1, 2: 1, 3: 1, 4: 1, 5: 1, 6: 1, 7: 1, 8: 1} ","PASS , {1: 1, 2: 1, 3: 1, 4: 1} ",09:58:56_17-09-25
524,505,8617,005076,"BV25362312766 , T253614028 ",FF00FFA50010600D1FD0761C0106389901508C85000100C800300001000DDBCD0301839A8245009C0A10,PASS,"PASS, {1: 1, 2: 1, 3: 1, 4: 1, 5: 1, 6: 1, 7: 1, 8: 1, 9: 1, 10: 1, 11: 1}","PASS, {1: 1, 2: 1, 3: 1, 4: 1, 5: 1, 6: 1, 7: 1, 8: 1, 9: 1, 10: 1}","PASS , {1: 1, 2: 1, 3: 1, 4: 1, 5: 1, 6: 1, 7: 1, 8: 1} ","PASS , {1: 1, 2: 1, 3: 1, 4: 1} ",10:00:10_17-09-25
525,506,8617,005076,"BV25362312767 , T253614196 ",FF00FFA50010600D1FD0761C0106389901508C85000100C800300001000DDBCD0301839A8245009C0A10,PASS,"PASS, {1: 1, 2: 1, 3: 1, 4: 1, 5: 1, 6: 1, 7: 1, 8: 1, 9: 1, 10: 1, 11: 1}","PASS, {1: 1, 2: 1, 3: 1, 4: 1, 5: 1, 6: 1, 7: 1, 8: 1, 9: 1, 10: 1}","PASS , {1: 1, 2: 1, 3: 1, 4: 1, 5: 1, 6: 1, 7: 1, 8: 1} ","PASS , {1: 1, 2: 1, 3: 1, 4: 1} ",10:01:22_17-09-25
526,507,8617,005076,"BV25362312769 , T253614847 ",FF00FFA50010600D1FD0761C0106389901508C85000100C800300001000DDBCD0301839A8245009C0A10,PASS,"PASS, {1: 1, 2: 1, 3: 1, 4: 1, 5: 1, 6: 1, 7: 1, 8: 1, 9: 1, 10: 1, 11: 1}","PASS, {1: 1, 2: 1, 3: 1, 4: 1, 5: 1, 6: 1, 7: 1, 8: 1, 9: 1, 10: 1}","PASS , {1: 1, 2: 1, 3: 1, 4: 1, 5: 1, 6: 1, 7: 1, 8: 1} ","PASS , {1: 1, 2: 1, 3: 1, 4: 1} ",10:02:34_17-09-25
527,508,8617,005076,"BV25362312975 , T253618581 ",FF00FFA50010600D1FD0761C0106389901508C85000100C800300001000DDBCD0301839A8245009C0A10,PASS,"PASS, {1: 1, 2: 1, 3: 1, 4: 1, 5: 1, 6: 1, 7: 1, 8: 1, 9: 1, 10: 1, 11: 1}","PASS, {1: 1, 2: 1, 3: 1, 4: 1, 5: 1, 6: 1, 7: 1, 8: 1, 9: 1, 10: 1}","PASS , {1: 1, 2: 1, 3: 1, 4: 1, 5: 1, 6: 1, 7: 1, 8: 1} ","PASS , {1: 1, 2: 1, 3: 1, 4: 1} ",10:03:45_17-09-25
528,509,8617,005076,"BV25362312974 , T253618582 ",FF00FFA50010600D1FD0761C0106389901508C85000100C800300001000DDBCD0301839A8245009C0A10,PASS,"PASS, {1: 1, 2: 1, 3: 1, 4: 1, 5: 1, 6: 1, 7: 1, 8: 1, 9: 1, 10: 1, 11: 1}","PASS, {1: 1, 2: 1, 3: 1, 4: 1, 5: 1, 6: 1, 7: 1, 8: 1, 9: 1, 10: 1}","PASS , {1: 1, 2: 1, 3: 1, 4: 1, 5: 1, 6: 1, 7: 1, 8: 1} ","PASS , {1: 1, 2: 1, 3: 1, 4: 1} ",10:04:58_17-09-25
529,509,8617,005076,"BV25362312980 , T253618170 ",FF00FFA50010600D1FD0761C0106389901508C85000100C800300001000DDBCD0301839A8245009C0A10,PASS,"PASS, {1: 1, 2: 1, 3: 1, 4: 1, 5: 1, 6: 1, 7: 1, 8: 1, 9: 1, 10: 1, 11: 1}","PASS, {1: 1, 2: 1, 3: 1, 4: 1, 5: 1, 6: 1, 7: 1, 8: 1, 9: 1, 10: 1}","FAIL , {1: 1, 2: 1, 3: 0, 4: 0, 5: 1, 6: 1, 7: 1, 8: 0} ","PASS , {1: 1, 2: 1, 3: 1, 4: 1} ",10:06:24_17-09-25
530,510,8617,005076,"BV25362312982 , T253618149 ",FF00FFA50010600D1FD0761C0106389901508C85000100C800300001000DDBCD0301839A8245009C0A10,PASS,"PASS, {1: 1, 2: 1, 3: 1, 4: 1, 5: 1, 6: 1, 7: 1, 8: 1, 9: 1, 10: 1, 11: 1}","PASS, {1: 1, 2: 1, 3: 1, 4: 1, 5: 1, 6: 1, 7: 1, 8: 1, 9: 1, 10: 1}","PASS , {1: 1, 2: 1, 3: 1, 4: 1, 5: 1, 6: 1, 7: 1, 8: 1} ","PASS , {1: 1, 2: 1, 3: 1, 4: 1} ",10:07:38_17-09-25
531,511,8617,005076,"BV25362312771 , T253614824 ",FF00FFA50010600D1FD0761C0106389901508C85000100C800300001000DDBCD0301839A8245009C0A10,PASS,"PASS, {1: 1, 2: 1, 3: 1, 4: 1, 5: 1, 6: 1, 7: 1, 8: 1, 9: 1, 10: 1, 11: 1}","PASS, {1: 1, 2: 1, 3: 1, 4: 1, 5: 1, 6: 1, 7: 1, 8: 1, 9: 1, 10: 1}","PASS , {1: 1, 2: 1, 3: 1, 4: 1, 5: 1, 6: 1, 7: 1, 8: 1} ","PASS , {1: 1, 2: 1, 3: 1, 4: 1} ",10:08:51_17-09-25
532,512,8617,005076,"BV25362312824 , T253612687 ",FF00FFA50010600D1FD0761C0106389901508C85000100C800300001000DDBCD0301839A8245009C0A10,PASS,"PASS, {1: 1, 2: 1, 3: 1, 4: 1, 5: 1, 6: 1, 7: 1, 8: 1, 9: 1, 10: 1, 11: 1}","PASS, {1: 1, 2: 1, 3: 1, 4: 1, 5: 1, 6: 1, 7: 1, 8: 1, 9: 1, 10: 1}","PASS , {1: 1, 2: 1, 3: 1, 4: 1, 5: 1, 6: 1, 7: 1, 8: 1} ","PASS , {1: 1, 2: 1, 3: 1, 4: 1} ",10:10:04_17-09-25
533,513,8617,005076,"BV25362312968 , T253618151 ",FF00FFA50010600D1FD0761C0106389901508C85000100C800300001000DDBCD0301839A8245009C0A10,PASS,"PASS, {1: 1, 2: 1, 3: 1, 4: 1, 5: 1, 6: 1, 7: 1, 8: 1, 9: 1, 10: 1, 11: 1}","PASS, {1: 1, 2: 1, 3: 1, 4: 1, 5: 1, 6: 1, 7: 1, 8: 1, 9: 1, 10: 1}","PASS , {1: 1, 2: 1, 3: 1, 4: 1, 5: 1, 6: 1, 7: 1, 8: 1} ","PASS , {1: 1, 2: 1, 3: 1, 4: 1} ",10:11:19_17-09-25
534,513,8617,005076,"BV25362312980 , T253618170 ",FF00FFA50010600D1FD0761C0106389901508C85000100C800300001000DDBCD0301839A8245009C0A10,PASS,"PASS, {1: 1, 2: 1, 3: 1, 4: 1, 5: 1, 6: 1, 7: 1, 8: 1, 9: 1, 10: 1, 11: 1}","PASS, {1: 1, 2: 1, 3: 1, 4: 1, 5: 1, 6: 1, 7: 1, 8: 1, 9: 1, 10: 1}","FAIL , {1: 0, 2: 1, 3: 0, 4: 0, 5: 1, 6: 0, 7: 1, 8: 0} ","PASS , {1: 1, 2: 1, 3: 1, 4: 1} ",10:12:55_17-09-25
535,514,8617,005076,"BV25362312777 , T253619391 ",FF00FFA50010600D1FD0761C0106389901508C85000100C800300001000DDBCD0301839A8245009C0A10,PASS,"PASS, {1: 1, 2: 1, 3: 1, 4: 1, 5: 1, 6: 1, 7: 1, 8: 1, 9: 1, 10: 1, 11: 1}","PASS, {1: 1, 2: 1, 3: 1, 4: 1, 5: 1, 6: 1, 7: 1, 8: 1, 9: 1, 10: 1}","PASS , {1: 1, 2: 1, 3: 1, 4: 1, 5: 1, 6: 1, 7: 1, 8: 1} ","PASS , {1: 1, 2: 1, 3: 1, 4: 1} ",10:14:09_17-09-25
536,515,8617,005076,"BV25362312778 , T253619392 ",FF00FFA50010600D1FD0761C0106389901508C85000100C800300001000DDBCD0301839A8245009C0A10,PASS,"PASS, {1: 1, 2: 1, 3: 1, 4: 1, 5: 1, 6: 1, 7: 1, 8: 1, 9: 1, 10: 1, 11: 1}","PASS, {1: 1, 2: 1, 3: 1, 4: 1, 5: 1, 6: 1, 7: 1, 8: 1, 9: 1, 10: 1}","PASS , {1: 1, 2: 1, 3: 1, 4: 1, 5: 1, 6: 1, 7: 1, 8: 1} ","PASS , {1: 1, 2: 1, 3: 1, 4: 1} ",10:15:22_17-09-25
537,516,8617,005076,"BV25362312775 , T253619390 ",FF00FFA50010600D1FD0761C0106389901508C85000100C800300001000DDBCD0301839A8245009C0A10,PASS,"PASS, {1: 1, 2: 1, 3: 1, 4: 1, 5: 1, 6: 1, 7: 1, 8: 1, 9: 1, 10: 1, 11: 1}","PASS, {1: 1, 2: 1, 3: 1, 4: 1, 5: 1, 6: 1, 7: 1, 8: 1, 9: 1, 10: 1}","PASS , {1: 1, 2: 1, 3: 1, 4: 1, 5: 1, 6: 1, 7: 1, 8: 1} ","PASS , {1: 1, 2: 1, 3: 1, 4: 1} ",10:16:35_17-09-25
538,517,8617,005076,"BV25362312713 , T253618662 ",FF00FFA50010600D1FD0761C0106389901508C85000100C800300001000DDBCD0301839A8245009C0A10,PASS,"PASS, {1: 1, 2: 1, 3: 1, 4: 1, 5: 1, 6: 1, 7: 1, 8: 1, 9: 1, 10: 1, 11: 1}","PASS, {1: 1, 2: 1, 3: 1, 4: 1, 5: 1, 6: 1, 7: 1, 8: 1, 9: 1, 10: 1}","PASS , {1: 1, 2: 1, 3: 1, 4: 1, 5: 1, 6: 1, 7: 1, 8: 1} ","PASS , {1: 1, 2: 1, 3: 1, 4: 1} ",10:17:47_17-09-25
539,518,8617,005076,"BV25362312776 , T253619397 ",FF00FFA50010600D1FD0761C0106389901508C85000100C800300001000DDBCD0301839A8245009C0A10,PASS,"PASS, {1: 1, 2: 1, 3: 1, 4: 1, 5: 1, 6: 1, 7: 1, 8: 1, 9: 1, 10: 1, 11: 1}","PASS, {1: 1, 2: 1, 3: 1, 4: 1, 5: 1, 6: 1, 7: 1, 8: 1, 9: 1, 10: 1}","PASS , {1: 1, 2: 1, 3: 1, 4: 1, 5: 1, 6: 1, 7: 1, 8: 1} ","PASS , {1: 1, 2: 1, 3: 1, 4: 1} ",10:18:58_17-09-25
540,519,8617,005076,"BV25362312773 , T253617996 ",FF00FFA50010600D1FD0761C0106389901508C85000100C800300001000DDBCD0301839A8245009C0A10,PASS,"PASS, {1: 1, 2: 1, 3: 1, 4: 1, 5: 1, 6: 1, 7: 1, 8: 1, 9: 1, 10: 1, 11: 1}","PASS, {1: 1, 2: 1, 3: 1, 4: 1, 5: 1, 6: 1, 7: 1, 8: 1, 9: 1, 10: 1}","PASS , {1: 1, 2: 1, 3: 1, 4: 1, 5: 1, 6: 1, 7: 1, 8: 1} ","PASS , {1: 1, 2: 1, 3: 1, 4: 1} ",10:20:10_17-09-25
541,520,8617,005076,"BV25362312774 , T253619122 ",FF00FFA50010600D1FD0761C0106389901508C85000100C800300001000DDBCD0301839A8245009C0A10,PASS,"PASS, {1: 1, 2: 1, 3: 1, 4: 1, 5: 1, 6: 1, 7: 1, 8: 1, 9: 1, 10: 1, 11: 1}","PASS, {1: 1, 2: 1, 3: 1, 4: 1, 5: 1, 6: 1, 7: 1, 8: 1, 9: 1, 10: 1}","PASS , {1: 1, 2: 1, 3: 1, 4: 1, 5: 1, 6: 1, 7: 1, 8: 1} ","PASS , {1: 1, 2: 1, 3: 1, 4: 1} ",10:21:24_17-09-25
542,521,8617,005076,"BV25362312772 , T253614840 ",FF00FFA50010600D1FD0761C0106389901508C85000100C800300001000DDBCD0301839A8245009C0A10,PASS,"PASS, {1: 1, 2: 1, 3: 1, 4: 1, 5: 1, 6: 1, 7: 1, 8: 1, 9: 1, 10: 1, 11: 1}","PASS, {1: 1, 2: 1, 3: 1, 4: 1, 5: 1, 6: 1, 7: 1, 8: 1, 9: 1, 10: 1}","PASS , {1: 1, 2: 1, 3: 1, 4: 1, 5: 1, 6: 1, 7: 1, 8: 1} ","PASS , {1: 1, 2: 1, 3: 1, 4: 1} ",10:22:38_17-09-25
543,522,8617,005076,"BV25362312981 , T253618148 ",FF00FFA50010600D1FD0761C0106389901508C85000100C800300001000DDBCD0301839A8245009C0A10,PASS,"PASS, {1: 1, 2: 1, 3: 1, 4: 1, 5: 1, 6: 1, 7: 1, 8: 1, 9: 1, 10: 1, 11: 1}","PASS, {1: 1, 2: 1, 3: 1, 4: 1, 5: 1, 6: 1, 7: 1, 8: 1, 9: 1, 10: 1}","PASS , {1: 1, 2: 1, 3: 1, 4: 1, 5: 1, 6: 1, 7: 1, 8: 1} ","PASS , {1: 1, 2: 1, 3: 1, 4: 1} ",10:23:51_17-09-25
544,523,8617,005076,"BV25362312884 , T253618599 ",FF00FFA50010600D1FD0761C0106389901508C85000100C800300001000DDBCD0301839A8245009C0A10,PASS,"PASS, {1: 1, 2: 1, 3: 1, 4: 1, 5: 1, 6: 1, 7: 1, 8: 1, 9: 1, 10: 1, 11: 1}","PASS, {1: 1, 2: 1, 3: 1, 4: 1, 5: 1, 6: 1, 7: 1, 8: 1, 9: 1, 10: 1}","PASS , {1: 1, 2: 1, 3: 1, 4: 1, 5: 1, 6: 1, 7: 1, 8: 1} ","PASS , {1: 1, 2: 1, 3: 1, 4: 1} ",10:25:03_17-09-25
545,524,8617,005076,"BV25362312932 , T253619079 ",FF00FFA50010600D1FD0761C0106389901508C85000100C800300001000DDBCD0301839A8245009C0A10,PASS,"PASS, {1: 1, 2: 1, 3: 1, 4: 1, 5: 1, 6: 1, 7: 1, 8: 1, 9: 1, 10: 1, 11: 1}","PASS, {1: 1, 2: 1, 3: 1, 4: 1, 5: 1, 6: 1, 7: 1, 8: 1, 9: 1, 10: 1}","PASS , {1: 1, 2: 1, 3: 1, 4: 1, 5: 1, 6: 1, 7: 1, 8: 1} ","PASS , {1: 1, 2: 1, 3: 1, 4: 1} ",10:26:17_17-09-25
546,525,8617,005076,"BV25362312934 , T253618319 ",FF00FFA50010600D1FD0761C0106389901508C85000100C800300001000DDBCD0301839A8245009C0A10,PASS,"PASS, {1: 1, 2: 1, 3: 1, 4: 1, 5: 1, 6: 1, 7: 1, 8: 1, 9: 1, 10: 1, 11: 1}","PASS, {1: 1, 2: 1, 3: 1, 4: 1, 5: 1, 6: 1, 7: 1, 8: 1, 9: 1, 10: 1}","PASS , {1: 1, 2: 1, 3: 1, 4: 1, 5: 1, 6: 1, 7: 1, 8: 1} ","PASS , {1: 1, 2: 1, 3: 1, 4: 1} ",10:27:32_17-09-25
547,525,8617,005076,"BV25362312938 , T253618451 ",FF00FFA50010600D1FD0761C0106389901508C85000100C800300001000DDBCD0301839A8245009C0A10,PASS,"PASS, {1: 1, 2: 1, 3: 1, 4: 1, 5: 1, 6: 1, 7: 1, 8: 1, 9: 1, 10: 1, 11: 1}","PASS, {1: 1, 2: 1, 3: 1, 4: 1, 5: 1, 6: 1, 7: 1, 8: 1, 9: 1, 10: 1}","PASS , {1: 1, 2: 1, 3: 1, 4: 1, 5: 1, 6: 1, 7: 1, 8: 1} ","FAIL , {1: 1, 2: 0, 3: 0, 4: 0} ",10:28:58_17-09-25
548,526,8617,005076,"BV25362312936 , T253619073 ",FF00FFA50010600D1FD0761C0106389901508C85000100C800300001000DDBCD0301839A8245009C0A10,PASS,"PASS, {1: 1, 2: 1, 3: 1, 4: 1, 5: 1, 6: 1, 7: 1, 8: 1, 9: 1, 10: 1, 11: 1}","PASS, {1: 1, 2: 1, 3: 1, 4: 1, 5: 1, 6: 1, 7: 1, 8: 1, 9: 1, 10: 1}","PASS , {1: 1, 2: 1, 3: 1, 4: 1, 5: 1, 6: 1, 7: 1, 8: 1} ","PASS , {1: 1, 2: 1, 3: 1, 4: 1} ",10:30:14_17-09-25
549,527,8617,005076,"BV25362312888 , T253618950 ",FF00FFA50010600D1FD0761C0106389901508C85000100C800300001000DDBCD0301839A8245009C0A10,PASS,"PASS, {1: 1, 2: 1, 3: 1, 4: 1, 5: 1, 6: 1, 7: 1, 8: 1, 9: 1, 10: 1, 11: 1}","PASS, {1: 1, 2: 1, 3: 1, 4: 1, 5: 1, 6: 1, 7: 1, 8: 1, 9: 1, 10: 1}","PASS , {1: 1, 2: 1, 3: 1, 4: 1, 5: 1, 6: 1, 7: 1, 8: 1} ","PASS , {1: 1, 2: 1, 3: 1, 4: 1} ",10:31:25_17-09-25
550,528,8617,005076,"BV25362312889 , T253612737 ",FF00FFA50010600D1FD0761C0106389901508C85000100C800300001000DDBCD0301839A8245009C0A10,PASS,"PASS, {1: 1, 2: 1, 3: 1, 4: 1, 5: 1, 6: 1, 7: 1, 8: 1, 9: 1, 10: 1, 11: 1}","PASS, {1: 1, 2: 1, 3: 1, 4: 1, 5: 1, 6: 1, 7: 1, 8: 1, 9: 1, 10: 1}","PASS , {1: 1, 2: 1, 3: 1, 4: 1, 5: 1, 6: 1, 7: 1, 8: 1} ","PASS , {1: 1, 2: 1, 3: 1, 4: 1} ",10:32:46_17-09-25
551,529,8617,005076,"BV25362312898 , T253618591 ",FF00FFA50010600D1FD0761C0106389901508C85000100C800300001000DDBCD0301839A8245009C0A10,PASS,"PASS, {1: 1, 2: 1, 3: 1, 4: 1, 5: 1, 6: 1, 7: 1, 8: 1, 9: 1, 10: 1, 11: 1}","PASS, {1: 1, 2: 1, 3: 1, 4: 1, 5: 1, 6: 1, 7: 1, 8: 1, 9: 1, 10: 1}","PASS , {1: 1, 2: 1, 3: 1, 4: 1, 5: 1, 6: 1, 7: 1, 8: 1} ","PASS , {1: 1, 2: 1, 3: 1, 4: 1} ",10:33:59_17-09-25
552,530,8617,005076,"BV25362313040 , T253618641 ",FF00FFA50010600D1FD0761C0106389901508C85000100C800300001000DDBCD0301839A8245009C0A10,PASS,"PASS, {1: 1, 2: 1, 3: 1, 4: 1, 5: 1, 6: 1, 7: 1, 8: 1, 9: 1, 10: 1, 11: 1}","PASS, {1: 1, 2: 1, 3: 1, 4: 1, 5: 1, 6: 1, 7: 1, 8: 1, 9: 1, 10: 1}","PASS , {1: 1, 2: 1, 3: 1, 4: 1, 5: 1, 6: 1, 7: 1, 8: 1} ","PASS , {1: 1, 2: 1, 3: 1, 4: 1} ",10:35:11_17-09-25
553,531,8617,005076,"BV25362312907 , T253614255 ",FF00FFA50010600D1FD0761C0106389901508C85000100C800300001000DDBCD0301839A8245009C0A10,PASS,"PASS, {1: 1, 2: 1, 3: 1, 4: 1, 5: 1, 6: 1, 7: 1, 8: 1, 9: 1, 10: 1, 11: 1}","PASS, {1: 1, 2: 1, 3: 1, 4: 1, 5: 1, 6: 1, 7: 1, 8: 1, 9: 1, 10: 1}","PASS , {1: 1, 2: 1, 3: 1, 4: 1, 5: 1, 6: 1, 7: 1, 8: 1} ","PASS , {1: 1, 2: 1, 3: 1, 4: 1} ",10:36:26_17-09-25
554,532,8617,005076,"BV25362312913 , T253619117 ",FF00FFA50010600D1FD0761C0106389901508C85000100C800300001000DDBCD0301839A8245009C0A10,PASS,"PASS, {1: 1, 2: 1, 3: 1, 4: 1, 5: 1, 6: 1, 7: 1, 8: 1, 9: 1, 10: 1, 11: 1}","PASS, {1: 1, 2: 1, 3: 1, 4: 1, 5: 1, 6: 1, 7: 1, 8: 1, 9: 1, 10: 1}","PASS , {1: 1, 2: 1, 3: 1, 4: 1, 5: 1, 6: 1, 7: 1, 8: 1} ","PASS , {1: 1, 2: 1, 3: 1, 4: 1} ",10:37:39_17-09-25
555,533,8617,005076,"BV25362313039 , T253618300 ",FF00FFA50010600D1FD0761C0106389901508C85000100C800300001000DDBCD0301839A8245009C0A10,PASS,"PASS, {1: 1, 2: 1, 3: 1, 4: 1, 5: 1, 6: 1, 7: 1, 8: 1, 9: 1, 10: 1, 11: 1}","PASS, {1: 1, 2: 1, 3: 1, 4: 1, 5: 1, 6: 1, 7: 1, 8: 1, 9: 1, 10: 1}","PASS , {1: 1, 2: 1, 3: 1, 4: 1, 5: 1, 6: 1, 7: 1, 8: 1} ","PASS , {1: 1, 2: 1, 3: 1, 4: 1} ",10:38:52_17-09-25
556,533,8617,005076,"BV25362313034 , T253618302 ",FF00FFA50010600D1FD0761C0106389901508C85000100000000000000000000000000000000000004DE,FAIL,"PASS, {1: 1, 2: 1, 3: 1, 4: 1, 5: 1, 6: 1, 7: 1, 8: 1, 9: 1, 10: 1, 11: 1}","PASS, {1: 1, 2: 1, 3: 1, 4: 1, 5: 1, 6: 1, 7: 1, 8: 1, 9: 1, 10: 1}","PASS , {1: 1, 2: 1, 3: 1, 4: 1, 5: 1, 6: 1, 7: 1, 8: 1} ","PASS , {1: 1, 2: 1, 3: 1, 4: 1} ",10:40:04_17-09-25
557,534,8617,005076,"BV25362313037 , T253618648 ",FF00FFA50010600D1FD0761C0106389901508C85000100C800300001000DDBCD0301839A8245009C0A10,PASS,"PASS, {1: 1, 2: 1, 3: 1, 4: 1, 5: 1, 6: 1, 7: 1, 8: 1, 9: 1, 10: 1, 11: 1}","PASS, {1: 1, 2: 1, 3: 1, 4: 1, 5: 1, 6: 1, 7: 1, 8: 1, 9: 1, 10: 1}","PASS , {1: 1, 2: 1, 3: 1, 4: 1, 5: 1, 6: 1, 7: 1, 8: 1} ","PASS , {1: 1, 2: 1, 3: 1, 4: 1} ",10:41:22_17-09-25
558,534,8617,005076,"BV25362313025 , T253619238 ",FF00FFA50010600D1FD0761C0106389901508C85000100C800300001000DDBCD0301839A8245009C0A10,PASS,"PASS, {1: 1, 2: 1, 3: 1, 4: 1, 5: 1, 6: 1, 7: 1, 8: 1, 9: 1, 10: 1, 11: 1}","PASS, {1: 1, 2: 1, 3: 1, 4: 1, 5: 1, 6: 1, 7: 1, 8: 1, 9: 1, 10: 1}","FAIL , {1: 1, 2: 1, 3: 1, 4: 1, 5: 1, 6: 1, 7: 0, 8: 1} ","PASS , {1: 1, 2: 1, 3: 1, 4: 1} ",10:42:38_17-09-25
559,534,8617,005076,"BV25362312980 , T253618170 ",FF00FFA50010600D1FD0761C0106389901508C85000100C800300001000DDBCD0301839A8245009C0A10,PASS,"PASS, {1: 1, 2: 1, 3: 1, 4: 1, 5: 1, 6: 1, 7: 1, 8: 1, 9: 1, 10: 1, 11: 1}","PASS, {1: 1, 2: 1, 3: 1, 4: 1, 5: 1, 6: 1, 7: 1, 8: 1, 9: 1, 10: 1}","FAIL , {1: 1, 2: 1, 3: 0, 4: 0, 5: 0, 6: 1, 7: 0, 8: 0} ","PASS , {1: 1, 2: 1, 3: 1, 4: 1} ",10:44:20_17-09-25
560,535,8617,005076,"BV25362313026 , T253619235 ",FF00FFA50010600D1FD0761C0106389901508C85000100C800300001000DDBCD0301839A8245009C0A10,PASS,"PASS, {1: 1, 2: 1, 3: 1, 4: 1, 5: 1, 6: 1, 7: 1, 8: 1, 9: 1, 10: 1, 11: 1}","PASS, {1: 1, 2: 1, 3: 1, 4: 1, 5: 1, 6: 1, 7: 1, 8: 1, 9: 1, 10: 1}","PASS , {1: 1, 2: 1, 3: 1, 4: 1, 5: 1, 6: 1, 7: 1, 8: 1} ","PASS , {1: 1, 2: 1, 3: 1, 4: 1} ",10:45:39_17-09-25
561,536,8617,005076,"BV25362313027 , T253619241 ",FF00FFA50010600D1FD0761C0106389901508C85000100C800300001000DDBCD0301839A8245009C0A10,PASS,"PASS, {1: 1, 2: 1, 3: 1, 4: 1, 5: 1, 6: 1, 7: 1, 8: 1, 9: 1, 10: 1, 11: 1}","PASS, {1: 1, 2: 1, 3: 1, 4: 1, 5: 1, 6: 1, 7: 1, 8: 1, 9: 1, 10: 1}","PASS , {1: 1, 2: 1, 3: 1, 4: 1, 5: 1, 6: 1, 7: 1, 8: 1} ","PASS , {1: 1, 2: 1, 3: 1, 4: 1} ",10:46:56_17-09-25
562,537,8617,005076,"BV25362313031 , T253619229 ",FF00FFA50010600D1FD0761C0106389901508C85000100C800300001000DDBCD0301839A8245009C0A10,PASS,"PASS, {1: 1, 2: 1, 3: 1, 4: 1, 5: 1, 6: 1, 7: 1, 8: 1, 9: 1, 10: 1, 11: 1}","PASS, {1: 1, 2: 1, 3: 1, 4: 1, 5: 1, 6: 1, 7: 1, 8: 1, 9: 1, 10: 1}","PASS , {1: 1, 2: 1, 3: 1, 4: 1, 5: 1, 6: 1, 7: 1, 8: 1} ","PASS , {1: 1, 2: 1, 3: 1, 4: 1} ",10:48:19_17-09-25
563,538,8617,005076,"BV25362313059 , T253618252 ",FF00FFA50010600D1FD0761C0106389901508C85000100C800300001000DDBCD0301839A8245009C0A10,PASS,"PASS, {1: 1, 2: 1, 3: 1, 4: 1, 5: 1, 6: 1, 7: 1, 8: 1, 9: 1, 10: 1, 11: 1}","PASS, {1: 1, 2: 1, 3: 1, 4: 1, 5: 1, 6: 1, 7: 1, 8: 1, 9: 1, 10: 1}","PASS , {1: 1, 2: 1, 3: 1, 4: 1, 5: 1, 6: 1, 7: 1, 8: 1} ","PASS , {1: 1, 2: 1, 3: 1, 4: 1} ",10:49:35_17-09-25
564,539,8617,005076,"BV25362313010 , T253619228 ",FF00FFA50010600D1FD0761C0106389901508C85000100C800300001000DDBCD0301839A8245009C0A10,PASS,"PASS, {1: 1, 2: 1, 3: 1, 4: 1, 5: 1, 6: 1, 7: 1, 8: 1, 9: 1, 10: 1, 11: 1}","PASS, {1: 1, 2: 1, 3: 1, 4: 1, 5: 1, 6: 1, 7: 1, 8: 1, 9: 1, 10: 1}","PASS , {1: 1, 2: 1, 3: 1, 4: 1, 5: 1, 6: 1, 7: 1, 8: 1} ","PASS , {1: 1, 2: 1, 3: 1, 4: 1} ",10:50:47_17-09-25
565,540,8617,005076,"BV25362313011 , T253618974 ",FF00FFA50010600D1FD0761C0106389901508C85000100C800300001000DDBCD0301839A8245009C0A10,PASS,"PASS, {1: 1, 2: 1, 3: 1, 4: 1, 5: 1, 6: 1, 7: 1, 8: 1, 9: 1, 10: 1, 11: 1}","PASS, {1: 1, 2: 1, 3: 1, 4: 1, 5: 1, 6: 1, 7: 1, 8: 1, 9: 1, 10: 1}","PASS , {1: 1, 2: 1, 3: 1, 4: 1, 5: 1, 6: 1, 7: 1, 8: 1} ","PASS , {1: 1, 2: 1, 3: 1, 4: 1} ",10:52:01_17-09-25
566,541,8617,005076,"BV25362313012 , T253619404 ",FF00FFA50010600D1FD0761C0106389901508C85000100C800300001000DDBCD0301839A8245009C0A10,PASS,"PASS, {1: 1, 2: 1, 3: 1, 4: 1, 5: 1, 6: 1, 7: 1, 8: 1, 9: 1, 10: 1, 11: 1}","PASS, {1: 1, 2: 1, 3: 1, 4: 1, 5: 1, 6: 1, 7: 1, 8: 1, 9: 1, 10: 1}","PASS , {1: 1, 2: 1, 3: 1, 4: 1, 5: 1, 6: 1, 7: 1, 8: 1} ","PASS , {1: 1, 2: 1, 3: 1, 4: 1} ",10:53:16_17-09-25
567,542,8617,005076,"BV25362313038 , T253618647 ",FF00FFA50010600D1FD0761C0106389901508C85000100C800300001000DDBCD0301839A8245009C0A10,PASS,"PASS, {1: 1, 2: 1, 3: 1, 4: 1, 5: 1, 6: 1, 7: 1, 8: 1, 9: 1, 10: 1, 11: 1}","PASS, {1: 1, 2: 1, 3: 1, 4: 1, 5: 1, 6: 1, 7: 1, 8: 1, 9: 1, 10: 1}","PASS , {1: 1, 2: 1, 3: 1, 4: 1, 5: 1, 6: 1, 7: 1, 8: 1} ","PASS , {1: 1, 2: 1, 3: 1, 4: 1} ",10:54:55_17-09-25
568,543,8617,005076,"BV25362313010 , T253619228 ",FF00FFA50010600D1FD0761C0106389901508C85000100C800300001000DDBCD0301839A8245009C0A10,PASS,"PASS, {1: 1, 2: 1, 3: 1, 4: 1, 5: 1, 6: 1, 7: 1, 8: 1, 9: 1, 10: 1, 11: 1}","PASS, {1: 1, 2: 1, 3: 1, 4: 1, 5: 1, 6: 1, 7: 1, 8: 1, 9: 1, 10: 1}","PASS , {1: 1, 2: 1, 3: 1, 4: 1, 5: 1, 6: 1, 7: 1, 8: 1} ","PASS , {1: 1, 2: 1, 3: 1, 4: 1} ",10:56:10_17-09-25
569,544,8617,005076,"BV25362313036 , T253618301 ",FF00FFA50010600D1FD0761C0106389901508C85000100C800300001000DDBCD0301839A8245009C0A10,PASS,"PASS, {1: 1, 2: 1, 3: 1, 4: 1, 5: 1, 6: 1, 7: 1, 8: 1, 9: 1, 10: 1, 11: 1}","PASS, {1: 1, 2: 1, 3: 1, 4: 1, 5: 1, 6: 1, 7: 1, 8: 1, 9: 1, 10: 1}","PASS , {1: 1, 2: 1, 3: 1, 4: 1, 5: 1, 6: 1, 7: 1, 8: 1} ","PASS , {1: 1, 2: 1, 3: 1, 4: 1} ",10:57:23_17-09-25
570,545,8617,005076,"BV25362313033 , T253618975 ",FF00FFA50010600D1FD0761C0106389901508C85000100C800300001000DDBCD0301839A8245009C0A10,PASS,"PASS, {1: 1, 2: 1, 3: 1, 4: 1, 5: 1, 6: 1, 7: 1, 8: 1, 9: 1, 10: 1, 11: 1}","PASS, {1: 1, 2: 1, 3: 1, 4: 1, 5: 1, 6: 1, 7: 1, 8: 1, 9: 1, 10: 1}","PASS , {1: 1, 2: 1, 3: 1, 4: 1, 5: 1, 6: 1, 7: 1, 8: 1} ","PASS , {1: 1, 2: 1, 3: 1, 4: 1} ",10:58:35_17-09-25
571,546,8617,005076,"BV25362313028 , T253619234 ",FF00FFA50010600D1FD0761C0106389901508C85000100C800300001000DDBCD0301839A8245009C0A10,PASS,"PASS, {1: 1, 2: 1, 3: 1, 4: 1, 5: 1, 6: 1, 7: 1, 8: 1, 9: 1, 10: 1, 11: 1}","PASS, {1: 1, 2: 1, 3: 1, 4: 1, 5: 1, 6: 1, 7: 1, 8: 1, 9: 1, 10: 1}","PASS , {1: 1, 2: 1, 3: 1, 4: 1, 5: 1, 6: 1, 7: 1, 8: 1} ","PASS , {1: 1, 2: 1, 3: 1, 4: 1} ",10:59:49_17-09-25
572,547,8617,005076,"BV25362313035 , T253618645 ",FF00FFA50010600D1FD0761C0106389901508C85000100C800300001000DDBCD0301839A8245009C0A10,PASS,"PASS, {1: 1, 2: 1, 3: 1, 4: 1, 5: 1, 6: 1, 7: 1, 8: 1, 9: 1, 10: 1, 11: 1}","PASS, {1: 1, 2: 1, 3: 1, 4: 1, 5: 1, 6: 1, 7: 1, 8: 1, 9: 1, 10: 1}","PASS , {1: 1, 2: 1, 3: 1, 4: 1, 5: 1, 6: 1, 7: 1, 8: 1} ","PASS , {1: 1, 2: 1, 3: 1, 4: 1} ",11:01:08_17-09-25
573,548,8617,005076,"BV25362313030 , T253619233 ",FF00FFA50010600D1FD0761C0106389901508C85000100C800300001000DDBCD0301839A8245009C0A10,PASS,"PASS, {1: 1, 2: 1, 3: 1, 4: 1, 5: 1, 6: 1, 7: 1, 8: 1, 9: 1, 10: 1, 11: 1}","PASS, {1: 1, 2: 1, 3: 1, 4: 1, 5: 1, 6: 1, 7: 1, 8: 1, 9: 1, 10: 1}","PASS , {1: 1, 2: 1, 3: 1, 4: 1, 5: 1, 6: 1, 7: 1, 8: 1} ","PASS , {1: 1, 2: 1, 3: 1, 4: 1} ",11:02:24_17-09-25
574,549,8617,005076,"BV25362313058 , T253404891 ",FF00FFA50010600D1FD0761C0106389901508C85000100C800300001000DDBCD0301839A8245009C0A10,PASS,"PASS, {1: 1, 2: 1, 3: 1, 4: 1, 5: 1, 6: 1, 7: 1, 8: 1, 9: 1, 10: 1, 11: 1}","PASS, {1: 1, 2: 1, 3: 1, 4: 1, 5: 1, 6: 1, 7: 1, 8: 1, 9: 1, 10: 1}","PASS , {1: 1, 2: 1, 3: 1, 4: 1, 5: 1, 6: 1, 7: 1, 8: 1} ","PASS , {1: 1, 2: 1, 3: 1, 4: 1} ",11:03:36_17-09-25
575,549,8617,005076,"BV25362313013 , T253618972 ",FF00FFA50010600D1FD0761C0106389901508C85000100C800300001000DDBCD0301839A8245009C0A10,PASS,"PASS, {1: 1, 2: 1, 3: 1, 4: 1, 5: 1, 6: 1, 7: 1, 8: 1, 9: 1, 10: 1, 11: 1}","PASS, {1: 1, 2: 1, 3: 1, 4: 1, 5: 1, 6: 1, 7: 1, 8: 1, 9: 1, 10: 1}","PASS , {1: 1, 2: 1, 3: 1, 4: 1, 5: 1, 6: 1, 7: 1, 8: 1} ","FAIL , {1: 1, 2: 1, 3: 0, 4: 0} ",11:04:57_17-09-25
576,550,8617,005076,"BV25362313014 , T253619401 ",FF00FFA50010600D1FD0761C0106389901508C85000100C800300001000DDBCD0301839A8245009C0A10,PASS,"PASS, {1: 1, 2: 1, 3: 1, 4: 1, 5: 1, 6: 1, 7: 1, 8: 1, 9: 1, 10: 1, 11: 1}","PASS, {1: 1, 2: 1, 3: 1, 4: 1, 5: 1, 6: 1, 7: 1, 8: 1, 9: 1, 10: 1}","PASS , {1: 1, 2: 1, 3: 1, 4: 1, 5: 1, 6: 1, 7: 1, 8: 1} ","PASS , {1: 1, 2: 1, 3: 1, 4: 1} ",11:06:09_17-09-25
577,551,8617,005076,"BV25362313057 , T253618262 ",FF00FFA50010600D1FD0761C0106389901508C85000100C800300001000DDBCD0301839A8245009C0A10,PASS,"PASS, {1: 1, 2: 1, 3: 1, 4: 1, 5: 1, 6: 1, 7: 1, 8: 1, 9: 1, 10: 1, 11: 1}","PASS, {1: 1, 2: 1, 3: 1, 4: 1, 5: 1, 6: 1, 7: 1, 8: 1, 9: 1, 10: 1}","PASS , {1: 1, 2: 1, 3: 1, 4: 1, 5: 1, 6: 1, 7: 1, 8: 1} ","PASS , {1: 1, 2: 1, 3: 1, 4: 1} ",11:07:21_17-09-25
578,552,8617,005076,"BV25362313032 , T253619242 ",FF00FFA50010600D1FD0761C0106389901508C85000100C800300001000DDBCD0301839A8245009C0A10,PASS,"PASS, {1: 1, 2: 1, 3: 1, 4: 1, 5: 1, 6: 1, 7: 1, 8: 1, 9: 1, 10: 1, 11: 1}","PASS, {1: 1, 2: 1, 3: 1, 4: 1, 5: 1, 6: 1, 7: 1, 8: 1, 9: 1, 10: 1}","PASS , {1: 1, 2: 1, 3: 1, 4: 1, 5: 1, 6: 1, 7: 1, 8: 1} ","PASS , {1: 1, 2: 1, 3: 1, 4: 1} ",11:08:34_17-09-25
579,553,8617,005076,"BV25362313055 , T253612741 ",FF00FFA50010600D1FD0761C0106389901508C85000100C800300001000DDBCD0301839A8245009C0A10,PASS,"PASS, {1: 1, 2: 1, 3: 1, 4: 1, 5: 1, 6: 1, 7: 1, 8: 1, 9: 1, 10: 1, 11: 1}","PASS, {1: 1, 2: 1, 3: 1, 4: 1, 5: 1, 6: 1, 7: 1, 8: 1, 9: 1, 10: 1}","PASS , {1: 1, 2: 1, 3: 1, 4: 1, 5: 1, 6: 1, 7: 1, 8: 1} ","PASS , {1: 1, 2: 1, 3: 1, 4: 1} ",11:09:45_17-09-25
580,554,8617,005076,"BV25362313019 , T253618971 ",FF00FFA50010600D1FD0761C0106389901508C85000100C800300001000DDBCD0301839A8245009C0A10,PASS,"PASS, {1: 1, 2: 1, 3: 1, 4: 1, 5: 1, 6: 1, 7: 1, 8: 1, 9: 1, 10: 1, 11: 1}","PASS, {1: 1, 2: 1, 3: 1, 4: 1, 5: 1, 6: 1, 7: 1, 8: 1, 9: 1, 10: 1}","PASS , {1: 1, 2: 1, 3: 1, 4: 1, 5: 1, 6: 1, 7: 1, 8: 1} ","PASS , {1: 1, 2: 1, 3: 1, 4: 1} ",11:10:58_17-09-25
581,555,8617,005076,"BV25362313056 , T253617446 ",FF00FFA50010600D1FD0761C0106389901508C85000100C800300001000DDBCD0301839A8245009C0A10,PASS,"PASS, {1: 1, 2: 1, 3: 1, 4: 1, 5: 1, 6: 1, 7: 1, 8: 1, 9: 1, 10: 1, 11: 1}","PASS, {1: 1, 2: 1, 3: 1, 4: 1, 5: 1, 6: 1, 7: 1, 8: 1, 9: 1, 10: 1}","PASS , {1: 1, 2: 1, 3: 1, 4: 1, 5: 1, 6: 1, 7: 1, 8: 1} ","PASS , {1: 1, 2: 1, 3: 1, 4: 1} ",11:12:09_17-09-25
582,556,8617,005076,"BV25362313018 , T253619244 ",FF00FFA50010600D1FD0761C0106389901508C85000100C800300001000DDBCD0301839A8245009C0A10,PASS,"PASS, {1: 1, 2: 1, 3: 1, 4: 1, 5: 1, 6: 1, 7: 1, 8: 1, 9: 1, 10: 1, 11: 1}","PASS, {1: 1, 2: 1, 3: 1, 4: 1, 5: 1, 6: 1, 7: 1, 8: 1, 9: 1, 10: 1}","PASS , {1: 1, 2: 1, 3: 1, 4: 1, 5: 1, 6: 1, 7: 1, 8: 1} ","PASS , {1: 1, 2: 1, 3: 1, 4: 1} ",11:13:22_17-09-25
583,557,8617,005076,"BV25362313051 , T253618263 ",FF00FFA50010600D1FD0761C0106389901508C85000100C800300001000DDBCD0301839A8245009C0A10,PASS,"PASS, {1: 1, 2: 1, 3: 1, 4: 1, 5: 1, 6: 1, 7: 1, 8: 1, 9: 1, 10: 1, 11: 1}","PASS, {1: 1, 2: 1, 3: 1, 4: 1, 5: 1, 6: 1, 7: 1, 8: 1, 9: 1, 10: 1}","PASS , {1: 1, 2: 1, 3: 1, 4: 1, 5: 1, 6: 1, 7: 1, 8: 1} ","PASS , {1: 1, 2: 1, 3: 1, 4: 1} ",11:14:39_17-09-25
584,558,8617,005076,"BV25362313024 , T253619236 ",FF00FFA50010600D1FD0761C0106389901508C85000100C800300001000DDBCD0301839A8245009C0A10,PASS,"PASS, {1: 1, 2: 1, 3: 1, 4: 1, 5: 1, 6: 1, 7: 1, 8: 1, 9: 1, 10: 1, 11: 1}","PASS, {1: 1, 2: 1, 3: 1, 4: 1, 5: 1, 6: 1, 7: 1, 8: 1, 9: 1, 10: 1}","PASS , {1: 1, 2: 1, 3: 1, 4: 1, 5: 1, 6: 1, 7: 1, 8: 1} ","PASS , {1: 1, 2: 1, 3: 1, 4: 1} ",11:15:53_17-09-25
585,559,8617,005076,"BV25362313050 , T253614147 ",FF00FFA50010600D1FD0761C0106389901508C85000100C800300001000DDBCD0301839A8245009C0A10,PASS,"PASS, {1: 1, 2: 1, 3: 1, 4: 1, 5: 1, 6: 1, 7: 1, 8: 1, 9: 1, 10: 1, 11: 1}","PASS, {1: 1, 2: 1, 3: 1, 4: 1, 5: 1, 6: 1, 7: 1, 8: 1, 9: 1, 10: 1}","PASS , {1: 1, 2: 1, 3: 1, 4: 1, 5: 1, 6: 1, 7: 1, 8: 1} ","PASS , {1: 1, 2: 1, 3: 1, 4: 1} ",11:17:07_17-09-25
586,560,8617,005076,"BV25362313021 , T253619246 ",FF00FFA50010600D1FD0761C0106389901508C85000100C800300001000DDBCD0301839A8245009C0A10,PASS,"PASS, {1: 1, 2: 1, 3: 1, 4: 1, 5: 1, 6: 1, 7: 1, 8: 1, 9: 1, 10: 1, 11: 1}","PASS, {1: 1, 2: 1, 3: 1, 4: 1, 5: 1, 6: 1, 7: 1, 8: 1, 9: 1, 10: 1}","PASS , {1: 1, 2: 1, 3: 1, 4: 1, 5: 1, 6: 1, 7: 1, 8: 1} ","PASS , {1: 1, 2: 1, 3: 1, 4: 1} ",11:18:18_17-09-25
587,561,8617,005076,"BV25362313020 , T253619239 ",FF00FFA50010600D1FD0761C0106389901508C85000100C800300001000DDBCD0301839A8245009C0A10,PASS,"PASS, {1: 1, 2: 1, 3: 1, 4: 1, 5: 1, 6: 1, 7: 1, 8: 1, 9: 1, 10: 1, 11: 1}","PASS, {1: 1, 2: 1, 3: 1, 4: 1, 5: 1, 6: 1, 7: 1, 8: 1, 9: 1, 10: 1}","PASS , {1: 1, 2: 1, 3: 1, 4: 1, 5: 1, 6: 1, 7: 1, 8: 1} ","PASS , {1: 1, 2: 1, 3: 1, 4: 1} ",11:19:37_17-09-25
588,562,8617,005076,"BV25362313083 , T253618389 ",FF00FFA50010600D1FD0761C0106389901508C85000100C800300001000DDBCD0301839A8245009C0A10,PASS,"PASS, {1: 1, 2: 1, 3: 1, 4: 1, 5: 1, 6: 1, 7: 1, 8: 1, 9: 1, 10: 1, 11: 1}","PASS, {1: 1, 2: 1, 3: 1, 4: 1, 5: 1, 6: 1, 7: 1, 8: 1, 9: 1, 10: 1}","PASS , {1: 1, 2: 1, 3: 1, 4: 1, 5: 1, 6: 1, 7: 1, 8: 1} ","PASS , {1: 1, 2: 1, 3: 1, 4: 1} ",11:20:50_17-09-25
589,563,8617,005076,"BV25362313070 , T253404894 ",FF00FFA50010600D1FD0761C0106389901508C85000100C800300001000DDBCD0301839A8245009C0A10,PASS,"PASS, {1: 1, 2: 1, 3: 1, 4: 1, 5: 1, 6: 1, 7: 1, 8: 1, 9: 1, 10: 1, 11: 1}","PASS, {1: 1, 2: 1, 3: 1, 4: 1, 5: 1, 6: 1, 7: 1, 8: 1, 9: 1, 10: 1}","PASS , {1: 1, 2: 1, 3: 1, 4: 1, 5: 1, 6: 1, 7: 1, 8: 1} ","PASS , {1: 1, 2: 1, 3: 1, 4: 1} ",11:22:06_17-09-25
590,564,8617,005076,"BV25362313071 , T253404949 ",FF00FFA50010600D1FD0761C0106389901508C85000100C800300001000DDBCD0301839A8245009C0A10,PASS,"PASS, {1: 1, 2: 1, 3: 1, 4: 1, 5: 1, 6: 1, 7: 1, 8: 1, 9: 1, 10: 1, 11: 1}","PASS, {1: 1, 2: 1, 3: 1, 4: 1, 5: 1, 6: 1, 7: 1, 8: 1, 9: 1, 10: 1}","PASS , {1: 1, 2: 1, 3: 1, 4: 1, 5: 1, 6: 1, 7: 1, 8: 1} ","PASS , {1: 1, 2: 1, 3: 1, 4: 1} ",11:23:20_17-09-25
591,565,8617,005076,"BV25362313082 , T253618257 ",FF00FFA50010600D1FD0761C0106389901508C85000100C800300001000DDBCD0301839A8245009C0A10,PASS,"PASS, {1: 1, 2: 1, 3: 1, 4: 1, 5: 1, 6: 1, 7: 1, 8: 1, 9: 1, 10: 1, 11: 1}","PASS, {1: 1, 2: 1, 3: 1, 4: 1, 5: 1, 6: 1, 7: 1, 8: 1, 9: 1, 10: 1}","PASS , {1: 1, 2: 1, 3: 1, 4: 1, 5: 1, 6: 1, 7: 1, 8: 1} ","PASS , {1: 1, 2: 1, 3: 1, 4: 1} ",11:24:38_17-09-25
592,566,8617,005076,"BV25362313069 , T253404947 ",FF00FFA50010600D1FD0761C0106389901508C85000100C800300001000DDBCD0301839A8245009C0A10,PASS,"PASS, {1: 1, 2: 1, 3: 1, 4: 1, 5: 1, 6: 1, 7: 1, 8: 1, 9: 1, 10: 1, 11: 1}","PASS, {1: 1, 2: 1, 3: 1, 4: 1, 5: 1, 6: 1, 7: 1, 8: 1, 9: 1, 10: 1}","PASS , {1: 1, 2: 1, 3: 1, 4: 1, 5: 1, 6: 1, 7: 1, 8: 1} ","PASS , {1: 1, 2: 1, 3: 1, 4: 1} ",11:25:50_17-09-25
593,567,8617,005076,"BV25362313016 , T253618973 ",FF00FFA50010600D1FD0761C0106389901508C85000100C800300001000DDBCD0301839A8245009C0A10,PASS,"PASS, {1: 1, 2: 1, 3: 1, 4: 1, 5: 1, 6: 1, 7: 1, 8: 1, 9: 1, 10: 1, 11: 1}","PASS, {1: 1, 2: 1, 3: 1, 4: 1, 5: 1, 6: 1, 7: 1, 8: 1, 9: 1, 10: 1}","PASS , {1: 1, 2: 1, 3: 1, 4: 1, 5: 1, 6: 1, 7: 1, 8: 1} ","PASS , {1: 1, 2: 1, 3: 1, 4: 1} ",11:27:02_17-09-25
594,568,8617,005076,"BV25362313066 , T253614040 ",FF00FFA50010600D1FD0761C0106389901508C85000100C800300001000DDBCD0301839A8245009C0A10,PASS,"PASS, {1: 1, 2: 1, 3: 1, 4: 1, 5: 1, 6: 1, 7: 1, 8: 1, 9: 1, 10: 1, 11: 1}","PASS, {1: 1, 2: 1, 3: 1, 4: 1, 5: 1, 6: 1, 7: 1, 8: 1, 9: 1, 10: 1}","PASS , {1: 1, 2: 1, 3: 1, 4: 1, 5: 1, 6: 1, 7: 1, 8: 1} ","PASS , {1: 1, 2: 1, 3: 1, 4: 1} ",11:28:16_17-09-25
595,568,8617,005076,"BV25362313025 , T253619238 ",FF00FFA50010600D1FD0761C0106389901508C85000100C800300001000DDBCD0301839A8245009C0A10,PASS,"PASS, {1: 1, 2: 1, 3: 1, 4: 1, 5: 1, 6: 1, 7: 1, 8: 1, 9: 1, 10: 1, 11: 1}","PASS, {1: 1, 2: 1, 3: 1, 4: 1, 5: 1, 6: 1, 7: 1, 8: 1, 9: 1, 10: 1}","FAIL , {1: 1, 2: 1, 3: 1, 4: 1, 5: 1, 6: 1, 7: 0, 8: 1} ","PASS , {1: 1, 2: 1, 3: 1, 4: 1} ",11:29:32_17-09-25
596,569,8617,005076,"BV25362313078 , T253404945 ",FF00FFA50010600D1FD0761C0106389901508C85000100C800300001000DDBCD0301839A8245009C0A10,PASS,"PASS, {1: 1, 2: 1, 3: 1, 4: 1, 5: 1, 6: 1, 7: 1, 8: 1, 9: 1, 10: 1, 11: 1}","PASS, {1: 1, 2: 1, 3: 1, 4: 1, 5: 1, 6: 1, 7: 1, 8: 1, 9: 1, 10: 1}","PASS , {1: 1, 2: 1, 3: 1, 4: 1, 5: 1, 6: 1, 7: 1, 8: 1} ","PASS , {1: 1, 2: 1, 3: 1, 4: 1} ",11:30:45_17-09-25
597,570,8617,005076,"BV25362313079 , T253318988 ",FF00FFA50010600D1FD0761C0106389901508C85000100C800300001000DDBCD0301839A8245009C0A10,PASS,"PASS, {1: 1, 2: 1, 3: 1, 4: 1, 5: 1, 6: 1, 7: 1, 8: 1, 9: 1, 10: 1, 11: 1}","PASS, {1: 1, 2: 1, 3: 1, 4: 1, 5: 1, 6: 1, 7: 1, 8: 1, 9: 1, 10: 1}","PASS , {1: 1, 2: 1, 3: 1, 4: 1, 5: 1, 6: 1, 7: 1, 8: 1} ","PASS , {1: 1, 2: 1, 3: 1, 4: 1} ",11:32:00_17-09-25
598,571,8617,005076,"BV25362313025 , T253619238 ",FF00FFA50010600D1FD0761C0106389901508C85000100C800300001000DDBCD0301839A8245009C0A10,PASS,"PASS, {1: 1, 2: 1, 3: 1, 4: 1, 5: 1, 6: 1, 7: 1, 8: 1, 9: 1, 10: 1, 11: 1}","PASS, {1: 1, 2: 1, 3: 1, 4: 1, 5: 1, 6: 1, 7: 1, 8: 1, 9: 1, 10: 1}","PASS , {1: 1, 2: 1, 3: 1, 4: 1, 5: 1, 6: 1, 7: 1, 8: 1} ","PASS , {1: 1, 2: 1, 3: 1, 4: 1} ",11:33:14_17-09-25
599,572,8617,005076,"BV25362313077 , T253404917 ",FF00FFA50010600D1FD0761C0106389901508C85000100C800300001000DDBCD0301839A8245009C0A10,PASS,"PASS, {1: 1, 2: 1, 3: 1, 4: 1, 5: 1, 6: 1, 7: 1, 8: 1, 9: 1, 10: 1, 11: 1}","PASS, {1: 1, 2: 1, 3: 1, 4: 1, 5: 1, 6: 1, 7: 1, 8: 1, 9: 1, 10: 1}","PASS , {1: 1, 2: 1, 3: 1, 4: 1, 5: 1, 6: 1, 7: 1, 8: 1} ","PASS , {1: 1, 2: 1, 3: 1, 4: 1} ",11:34:26_17-09-25
600,573,8617,005076,"BV25362313067 , T253404895 ",FF00FFA50010600D1FD0761C0106389901508C85000100C800300001000DDBCD0301839A8245009C0A10,PASS,"PASS, {1: 1, 2: 1, 3: 1, 4: 1, 5: 1, 6: 1, 7: 1, 8: 1, 9: 1, 10: 1, 11: 1}","PASS, {1: 1, 2: 1, 3: 1, 4: 1, 5: 1, 6: 1, 7: 1, 8: 1, 9: 1, 10: 1}","PASS , {1: 1, 2: 1, 3: 1, 4: 1, 5: 1, 6: 1, 7: 1, 8: 1} ","PASS , {1: 1, 2: 1, 3: 1, 4: 1} ",11:35:38_17-09-25
601,574,8617,005076,"BV25362313065 , T253618260 ",FF00FFA50010600D1FD0761C0106389901508C85000100C800300001000DDBCD0301839A8245009C0A10,PASS,"PASS, {1: 1, 2: 1, 3: 1, 4: 1, 5: 1, 6: 1, 7: 1, 8: 1, 9: 1, 10: 1, 11: 1}","PASS, {1: 1, 2: 1, 3: 1, 4: 1, 5: 1, 6: 1, 7: 1, 8: 1, 9: 1, 10: 1}","PASS , {1: 1, 2: 1, 3: 1, 4: 1, 5: 1, 6: 1, 7: 1, 8: 1} ","PASS , {1: 1, 2: 1, 3: 1, 4: 1} ",11:36:51_17-09-25
602,575,8617,005076,"BV25362313015 , T253618970 ",FF00FFA50010600D1FD0761C0106389901508C85000100C800300001000DDBCD0301839A8245009C0A10,PASS,"PASS, {1: 1, 2: 1, 3: 1, 4: 1, 5: 1, 6: 1, 7: 1, 8: 1, 9: 1, 10: 1, 11: 1}","PASS, {1: 1, 2: 1, 3: 1, 4: 1, 5: 1, 6: 1, 7: 1, 8: 1, 9: 1, 10: 1}","PASS , {1: 1, 2: 1, 3: 1, 4: 1, 5: 1, 6: 1, 7: 1, 8: 1} ","PASS , {1: 1, 2: 1, 3: 1, 4: 1} ",11:38:03_17-09-25
603,576,8617,005076,"BV25362312838 , T253614463 ",FF00FFA50010600D1FD0761C0106389901508C85000100C800300001000DDBCD0301839A8245009C0A10,PASS,"PASS, {1: 1, 2: 1, 3: 1, 4: 1, 5: 1, 6: 1, 7: 1, 8: 1, 9: 1, 10: 1, 11: 1}","PASS, {1: 1, 2: 1, 3: 1, 4: 1, 5: 1, 6: 1, 7: 1, 8: 1, 9: 1, 10: 1}","PASS , {1: 1, 2: 1, 3: 1, 4: 1, 5: 1, 6: 1, 7: 1, 8: 1} ","PASS , {1: 1, 2: 1, 3: 1, 4: 1} ",11:39:18_17-09-25
604,577,8617,005076,"BV25362312839 , T253612745 ",FF00FFA50010600D1FD0761C0106389901508C85000100C800300001000DDBCD0301839A8245009C0A10,PASS,"PASS, {1: 1, 2: 1, 3: 1, 4: 1, 5: 1, 6: 1, 7: 1, 8: 1, 9: 1, 10: 1, 11: 1}","PASS, {1: 1, 2: 1, 3: 1, 4: 1, 5: 1, 6: 1, 7: 1, 8: 1, 9: 1, 10: 1}","PASS , {1: 1, 2: 1, 3: 1, 4: 1, 5: 1, 6: 1, 7: 1, 8: 1} ","PASS , {1: 1, 2: 1, 3: 1, 4: 1} ",11:40:36_17-09-25
605,578,8617,005076,"BV25362312978 , T253618168 ",FF00FFA50010600D1FD0761C0106389901508C85000100C800300001000DDBCD0301839A8245009C0A10,PASS,"PASS, {1: 1, 2: 1, 3: 1, 4: 1, 5: 1, 6: 1, 7: 1, 8: 1, 9: 1, 10: 1, 11: 1}","PASS, {1: 1, 2: 1, 3: 1, 4: 1, 5: 1, 6: 1, 7: 1, 8: 1, 9: 1, 10: 1}","PASS , {1: 1, 2: 1, 3: 1, 4: 1, 5: 1, 6: 1, 7: 1, 8: 1} ","PASS , {1: 1, 2: 1, 3: 1, 4: 1} ",11:41:55_17-09-25
606,579,8617,005076,"BV25362313076 , T253404948 ",FF00FFA50010600D1FD0761C0106389901508C85000100C800300001000DDBCD0301839A8245009C0A10,PASS,"PASS, {1: 1, 2: 1, 3: 1, 4: 1, 5: 1, 6: 1, 7: 1, 8: 1, 9: 1, 10: 1, 11: 1}","PASS, {1: 1, 2: 1, 3: 1, 4: 1, 5: 1, 6: 1, 7: 1, 8: 1, 9: 1, 10: 1}","PASS , {1: 1, 2: 1, 3: 1, 4: 1, 5: 1, 6: 1, 7: 1, 8: 1} ","PASS , {1: 1, 2: 1, 3: 1, 4: 1} ",11:43:13_17-09-25
607,580,8617,005076,"BV25362313080 , T253404918 ",FF00FFA50010600D1FD0761C0106389901508C85000100C800300001000DDBCD0301839A8245009C0A10,PASS,"PASS, {1: 1, 2: 1, 3: 1, 4: 1, 5: 1, 6: 1, 7: 1, 8: 1, 9: 1, 10: 1, 11: 1}","PASS, {1: 1, 2: 1, 3: 1, 4: 1, 5: 1, 6: 1, 7: 1, 8: 1, 9: 1, 10: 1}","PASS , {1: 1, 2: 1, 3: 1, 4: 1, 5: 1, 6: 1, 7: 1, 8: 1} ","PASS , {1: 1, 2: 1, 3: 1, 4: 1} ",11:44:27_17-09-25
608,581,8617,005076,"BV25362313072 , T253404946 ",FF00FFA50010600D1FD0761C0106389901508C85000100C800300001000DDBCD0301839A8245009C0A10,PASS,"PASS, {1: 1, 2: 1, 3: 1, 4: 1, 5: 1, 6: 1, 7: 1, 8: 1, 9: 1, 10: 1, 11: 1}","PASS, {1: 1, 2: 1, 3: 1, 4: 1, 5: 1, 6: 1, 7: 1, 8: 1, 9: 1, 10: 1}","PASS , {1: 1, 2: 1, 3: 1, 4: 1, 5: 1, 6: 1, 7: 1, 8: 1} ","PASS , {1: 1, 2: 1, 3: 1, 4: 1} ",11:45:39_17-09-25
609,581,8617,005076,"BV25362313075 , T253404915 ",FF00FFA50010600D1FD0761C0106389901508C85000100C800300001000DDBCD0301839A8245009C0A10,PASS,"PASS, {1: 1, 2: 1, 3: 1, 4: 1, 5: 1, 6: 1, 7: 1, 8: 1, 9: 1, 10: 1, 11: 1}","PASS, {1: 1, 2: 1, 3: 1, 4: 1, 5: 1, 6: 1, 7: 1, 8: 1, 9: 1, 10: 1}","PASS , {1: 1, 2: 1, 3: 1, 4: 1, 5: 1, 6: 1, 7: 1, 8: 1} ","FAIL , {1: 1, 2: 0, 3: 1, 4: 1} ",11:47:05_17-09-25
610,582,8617,005076,"BV25362313073 , T253404966 ",FF00FFA50010600D1FD0761C0106389901508C85000100C800300001000DDBCD0301839A8245009C0A10,PASS,"PASS, {1: 1, 2: 1, 3: 1, 4: 1, 5: 1, 6: 1, 7: 1, 8: 1, 9: 1, 10: 1, 11: 1}","PASS, {1: 1, 2: 1, 3: 1, 4: 1, 5: 1, 6: 1, 7: 1, 8: 1, 9: 1, 10: 1}","PASS , {1: 1, 2: 1, 3: 1, 4: 1, 5: 1, 6: 1, 7: 1, 8: 1} ","PASS , {1: 1, 2: 1, 3: 1, 4: 1} ",11:48:18_17-09-25
611,583,8617,005076,"BV25362313074 , T253404920 ",FF00FFA50010600D1FD0761C0106389901508C85000100C800300001000DDBCD0301839A8245009C0A10,PASS,"PASS, {1: 1, 2: 1, 3: 1, 4: 1, 5: 1, 6: 1, 7: 1, 8: 1, 9: 1, 10: 1, 11: 1}","PASS, {1: 1, 2: 1, 3: 1, 4: 1, 5: 1, 6: 1, 7: 1, 8: 1, 9: 1, 10: 1}","PASS , {1: 1, 2: 1, 3: 1, 4: 1, 5: 1, 6: 1, 7: 1, 8: 1} ","PASS , {1: 1, 2: 1, 3: 1, 4: 1} ",11:49:33_17-09-25
612,584,8617,005076,"BV25362313064 , T253618251 ",FF00FFA50010600D1FD0761C0106389901508C85000100C800300001000DDBCD0301839A8245009C0A10,PASS,"PASS, {1: 1, 2: 1, 3: 1, 4: 1, 5: 1, 6: 1, 7: 1, 8: 1, 9: 1, 10: 1, 11: 1}","PASS, {1: 1, 2: 1, 3: 1, 4: 1, 5: 1, 6: 1, 7: 1, 8: 1, 9: 1, 10: 1}","PASS , {1: 1, 2: 1, 3: 1, 4: 1, 5: 1, 6: 1, 7: 1, 8: 1} ","PASS , {1: 1, 2: 1, 3: 1, 4: 1} ",11:50:46_17-09-25
613,585,8617,005076,"BV25362313017 , T253619403 ",FF00FFA50010600D1FD0761C0106389901508C85000100C800300001000DDBCD0301839A8245009C0A10,PASS,"PASS, {1: 1, 2: 1, 3: 1, 4: 1, 5: 1, 6: 1, 7: 1, 8: 1, 9: 1, 10: 1, 11: 1}","PASS, {1: 1, 2: 1, 3: 1, 4: 1, 5: 1, 6: 1, 7: 1, 8: 1, 9: 1, 10: 1}","PASS , {1: 1, 2: 1, 3: 1, 4: 1, 5: 1, 6: 1, 7: 1, 8: 1} ","PASS , {1: 1, 2: 1, 3: 1, 4: 1} ",11:52:04_17-09-25
614,586,8617,005076,"BV25362312809 , T253618964 ",FF00FFA50010600D1FD0761C0106389901508C85000100C800300001000DDBCD0301839A8245009C0A10,PASS,"PASS, {1: 1, 2: 1, 3: 1, 4: 1, 5: 1, 6: 1, 7: 1, 8: 1, 9: 1, 10: 1, 11: 1}","PASS, {1: 1, 2: 1, 3: 1, 4: 1, 5: 1, 6: 1, 7: 1, 8: 1, 9: 1, 10: 1}","PASS , {1: 1, 2: 1, 3: 1, 4: 1, 5: 1, 6: 1, 7: 1, 8: 1} ","PASS , {1: 1, 2: 1, 3: 1, 4: 1} ",11:53:19_17-09-25
615,587,8617,005076,"BV25362313052 , T253618661 ",FF00FFA50010600D1FD0761C0106389901508C85000100C800300001000DDBCD0301839A8245009C0A10,PASS,"PASS, {1: 1, 2: 1, 3: 1, 4: 1, 5: 1, 6: 1, 7: 1, 8: 1, 9: 1, 10: 1, 11: 1}","PASS, {1: 1, 2: 1, 3: 1, 4: 1, 5: 1, 6: 1, 7: 1, 8: 1, 9: 1, 10: 1}","PASS , {1: 1, 2: 1, 3: 1, 4: 1, 5: 1, 6: 1, 7: 1, 8: 1} ","PASS , {1: 1, 2: 1, 3: 1, 4: 1} ",11:54:32_17-09-25
616,588,8617,005076,"BV25362313084 , T253618385 ",FF00FFA50010600D1FD0761C0106389901508C85000100C800300001000DDBCD0301839A8245009C0A10,PASS,"PASS, {1: 1, 2: 1, 3: 1, 4: 1, 5: 1, 6: 1, 7: 1, 8: 1, 9: 1, 10: 1, 11: 1}","PASS, {1: 1, 2: 1, 3: 1, 4: 1, 5: 1, 6: 1, 7: 1, 8: 1, 9: 1, 10: 1}","PASS , {1: 1, 2: 1, 3: 1, 4: 1, 5: 1, 6: 1, 7: 1, 8: 1} ","PASS , {1: 1, 2: 1, 3: 1, 4: 1} ",11:55:44_17-09-25
617,589,8617,005076,"BV25362313081 , T253404967 ",FF00FFA50010600D1FD0761C0106389901508C85000100C800300001000DDBCD0301839A8245009C0A10,PASS,"PASS, {1: 1, 2: 1, 3: 1, 4: 1, 5: 1, 6: 1, 7: 1, 8: 1, 9: 1, 10: 1, 11: 1}","PASS, {1: 1, 2: 1, 3: 1, 4: 1, 5: 1, 6: 1, 7: 1, 8: 1, 9: 1, 10: 1}","PASS , {1: 1, 2: 1, 3: 1, 4: 1, 5: 1, 6: 1, 7: 1, 8: 1} ","PASS , {1: 1, 2: 1, 3: 1, 4: 1} ",11:57:08_17-09-25
618,590,8617,005076,"BV25362312810 , T253612684 ",FF00FFA50010600D1FD0761C0106389901508C85000100C800300001000DDBCD0301839A8245009C0A10,PASS,"PASS, {1: 1, 2: 1, 3: 1, 4: 1, 5: 1, 6: 1, 7: 1, 8: 1, 9: 1, 10: 1, 11: 1}","PASS, {1: 1, 2: 1, 3: 1, 4: 1, 5: 1, 6: 1, 7: 1, 8: 1, 9: 1, 10: 1}","PASS , {1: 1, 2: 1, 3: 1, 4: 1, 5: 1, 6: 1, 7: 1, 8: 1} ","PASS , {1: 1, 2: 1, 3: 1, 4: 1} ",11:58:20_17-09-25
619,591,8617,005076,"BV25362312811 , T253612691 ",FF00FFA50010600D1FD0761C0106389901508C85000100C800300001000DDBCD0301839A8245009C0A10,PASS,"PASS, {1: 1, 2: 1, 3: 1, 4: 1, 5: 1, 6: 1, 7: 1, 8: 1, 9: 1, 10: 1, 11: 1}","PASS, {1: 1, 2: 1, 3: 1, 4: 1, 5: 1, 6: 1, 7: 1, 8: 1, 9: 1, 10: 1}","PASS , {1: 1, 2: 1, 3: 1, 4: 1, 5: 1, 6: 1, 7: 1, 8: 1} ","PASS , {1: 1, 2: 1, 3: 1, 4: 1} ",11:59:32_17-09-25
620,592,8617,005076,"BV25362313062 , T253618258 ",FF00FFA50010600D1FD0761C0106389901508C85000100C800300001000DDBCD0301839A8245009C0A10,PASS,"PASS, {1: 1, 2: 1, 3: 1, 4: 1, 5: 1, 6: 1, 7: 1, 8: 1, 9: 1, 10: 1, 11: 1}","PASS, {1: 1, 2: 1, 3: 1, 4: 1, 5: 1, 6: 1, 7: 1, 8: 1, 9: 1, 10: 1}","PASS , {1: 1, 2: 1, 3: 1, 4: 1, 5: 1, 6: 1, 7: 1, 8: 1} ","PASS , {1: 1, 2: 1, 3: 1, 4: 1} ",12:00:44_17-09-25
621,592,8617,005076,"BV25362312812 , T253612671 ",FF00FFA50010600D1FD0761C0106389901508C85000100C800300001000DDBCD0301839A8245009C0A10,PASS,"PASS, {1: 1, 2: 1, 3: 1, 4: 1, 5: 1, 6: 1, 7: 1, 8: 1, 9: 1, 10: 1, 11: 1}","PASS, {1: 1, 2: 1, 3: 1, 4: 1, 5: 1, 6: 1, 7: 1, 8: 1, 9: 1, 10: 1}","FAIL , {1: 1, 2: 1, 3: 1, 4: 1, 5: 1, 6: 1, 7: 0, 8: 0} ","PASS , {1: 1, 2: 1, 3: 1, 4: 1} ",12:02:06_17-09-25
622,593,8617,005076,"BV25362313068 , T253404896 ",FF00FFA50010600D1FD0761C0106389901508C85000100C800300001000DDBCD0301839A8245009C0A10,PASS,"PASS, {1: 1, 2: 1, 3: 1, 4: 1, 5: 1, 6: 1, 7: 1, 8: 1, 9: 1, 10: 1, 11: 1}","PASS, {1: 1, 2: 1, 3: 1, 4: 1, 5: 1, 6: 1, 7: 1, 8: 1, 9: 1, 10: 1}","PASS , {1: 1, 2: 1, 3: 1, 4: 1, 5: 1, 6: 1, 7: 1, 8: 1} ","PASS , {1: 1, 2: 1, 3: 1, 4: 1} ",12:03:23_17-09-25
623,594,8617,005076,"BV25362313022 , T253619243 ",FF00FFA50010600D1FD0761C0106389901508C85000100C800300001000DDBCD0301839A8245009C0A10,PASS,"PASS, {1: 1, 2: 1, 3: 1, 4: 1, 5: 1, 6: 1, 7: 1, 8: 1, 9: 1, 10: 1, 11: 1}","PASS, {1: 1, 2: 1, 3: 1, 4: 1, 5: 1, 6: 1, 7: 1, 8: 1, 9: 1, 10: 1}","PASS , {1: 1, 2: 1, 3: 1, 4: 1, 5: 1, 6: 1, 7: 1, 8: 1} ","PASS , {1: 1, 2: 1, 3: 1, 4: 1} ",12:05:52_17-09-25
624,595,8617,005076,"BV25362313054 , T253617612 ",FF00FFA50010600D1FD0761C0106389901508C85000100C800300001000DDBCD0301839A8245009C0A10,PASS,"PASS, {1: 1, 2: 1, 3: 1, 4: 1, 5: 1, 6: 1, 7: 1, 8: 1, 9: 1, 10: 1, 11: 1}","PASS, {1: 1, 2: 1, 3: 1, 4: 1, 5: 1, 6: 1, 7: 1, 8: 1, 9: 1, 10: 1}","PASS , {1: 1, 2: 1, 3: 1, 4: 1, 5: 1, 6: 1, 7: 1, 8: 1} ","PASS , {1: 1, 2: 1, 3: 1, 4: 1} ",12:07:05_17-09-25
625,596,8617,005076,"BV25362312814 , T253612688 ",FF00FFA50010600D1FD0761C0106389901508C85000100C800300001000DDBCD0301839A8245009C0A10,PASS,"PASS, {1: 1, 2: 1, 3: 1, 4: 1, 5: 1, 6: 1, 7: 1, 8: 1, 9: 1, 10: 1, 11: 1}","PASS, {1: 1, 2: 1, 3: 1, 4: 1, 5: 1, 6: 1, 7: 1, 8: 1, 9: 1, 10: 1}","PASS , {1: 1, 2: 1, 3: 1, 4: 1, 5: 1, 6: 1, 7: 1, 8: 1} ","PASS , {1: 1, 2: 1, 3: 1, 4: 1} ",12:08:19_17-09-25
626,597,8617,005076,"BV25362313063 , T253618261 ",FF00FFA50010600D1FD0761C0106389901508C85000100C800300001000DDBCD0301839A8245009C0A10,PASS,"PASS, {1: 1, 2: 1, 3: 1, 4: 1, 5: 1, 6: 1, 7: 1, 8: 1, 9: 1, 10: 1, 11: 1}","PASS, {1: 1, 2: 1, 3: 1, 4: 1, 5: 1, 6: 1, 7: 1, 8: 1, 9: 1, 10: 1}","PASS , {1: 1, 2: 1, 3: 1, 4: 1, 5: 1, 6: 1, 7: 1, 8: 1} ","PASS , {1: 1, 2: 1, 3: 1, 4: 1} ",12:09:32_17-09-25
627,598,8617,005076,"BV25362313063 , T253618261 ",FF00FFA50010600D1FD0761C0106389901508C85000100C800300001000DDBCD0301839A8245009C0A10,PASS,"PASS, {1: 1, 2: 1, 3: 1, 4: 1, 5: 1, 6: 1, 7: 1, 8: 1, 9: 1, 10: 1, 11: 1}","PASS, {1: 1, 2: 1, 3: 1, 4: 1, 5: 1, 6: 1, 7: 1, 8: 1, 9: 1, 10: 1}","PASS , {1: 1, 2: 1, 3: 1, 4: 1, 5: 1, 6: 1, 7: 1, 8: 1} ","PASS , {1: 1, 2: 1, 3: 1, 4: 1} ",12:11:03_17-09-25
628,599,8617,005076,"BV25362313061 , T253618253 ",FF00FFA50010600D1FD0761C0106389901508C85000100C800300001000DDBCD0301839A8245009C0A10,PASS,"PASS, {1: 1, 2: 1, 3: 1, 4: 1, 5: 1, 6: 1, 7: 1, 8: 1, 9: 1, 10: 1, 11: 1}","PASS, {1: 1, 2: 1, 3: 1, 4: 1, 5: 1, 6: 1, 7: 1, 8: 1, 9: 1, 10: 1}","PASS , {1: 1, 2: 1, 3: 1, 4: 1, 5: 1, 6: 1, 7: 1, 8: 1} ","PASS , {1: 1, 2: 1, 3: 1, 4: 1} ",12:12:16_17-09-25
629,600,8617,005076,"BV25362313094 , T253618409 ",FF00FFA50010600D1FD0761C0106389901508C85000100C800300001000DDBCD0301839A8245009C0A10,PASS,"PASS, {1: 1, 2: 1, 3: 1, 4: 1, 5: 1, 6: 1, 7: 1, 8: 1, 9: 1, 10: 1, 11: 1}","PASS, {1: 1, 2: 1, 3: 1, 4: 1, 5: 1, 6: 1, 7: 1, 8: 1, 9: 1, 10: 1}","PASS , {1: 1, 2: 1, 3: 1, 4: 1, 5: 1, 6: 1, 7: 1, 8: 1} ","PASS , {1: 1, 2: 1, 3: 1, 4: 1} ",12:13:28_17-09-25
630,601,8617,005076,"BV25362313096 , T253618410 ",FF00FFA50010600D1FD0761C0106389901508C85000100C800300001000DDBCD0301839A8245009C0A10,PASS,"PASS, {1: 1, 2: 1, 3: 1, 4: 1, 5: 1, 6: 1, 7: 1, 8: 1, 9: 1, 10: 1, 11: 1}","PASS, {1: 1, 2: 1, 3: 1, 4: 1, 5: 1, 6: 1, 7: 1, 8: 1, 9: 1, 10: 1}","PASS , {1: 1, 2: 1, 3: 1, 4: 1, 5: 1, 6: 1, 7: 1, 8: 1} ","PASS , {1: 1, 2: 1, 3: 1, 4: 1} ",12:14:46_17-09-25
631,601,8617,005076,"BV25362313095 , T253618407 ",FF00FFA50010600D1FD0761C0106389901508C85000100C800300001000DDBCD0301839A8245009C0A10,PASS,"PASS, {1: 1, 2: 1, 3: 1, 4: 1, 5: 1, 6: 1, 7: 1, 8: 1, 9: 1, 10: 1, 11: 1}","PASS, {1: 1, 2: 1, 3: 1, 4: 1, 5: 1, 6: 1, 7: 1, 8: 1, 9: 1, 10: 1}","FAIL , {1: 1, 2: 0, 3: 1, 4: 1, 5: 1, 6: 1, 7: 1, 8: 1} ","PASS , {1: 1, 2: 1, 3: 1, 4: 1} ",12:16:02_17-09-25
632,602,8617,005076,"BV25362312812 , T253612671 ",FF00FFA50010600D1FD0761C0106389901508C85000100C800300001000DDBCD0301839A8245009C0A10,PASS,"PASS, {1: 1, 2: 1, 3: 1, 4: 1, 5: 1, 6: 1, 7: 1, 8: 1, 9: 1, 10: 1, 11: 1}","PASS, {1: 1, 2: 1, 3: 1, 4: 1, 5: 1, 6: 1, 7: 1, 8: 1, 9: 1, 10: 1}","PASS , {1: 1, 2: 1, 3: 1, 4: 1, 5: 1, 6: 1, 7: 1, 8: 1} ","PASS , {1: 1, 2: 1, 3: 1, 4: 1} ",12:17:15_17-09-25
633,603,8617,005076,"BV25362313023 , T253619247 ",FF00FFA50010600D1FD0761C0106389901508C85000100C800300001000DDBCD0301839A8245009C0A10,PASS,"PASS, {1: 1, 2: 1, 3: 1, 4: 1, 5: 1, 6: 1, 7: 1, 8: 1, 9: 1, 10: 1, 11: 1}","PASS, {1: 1, 2: 1, 3: 1, 4: 1, 5: 1, 6: 1, 7: 1, 8: 1, 9: 1, 10: 1}","PASS , {1: 1, 2: 1, 3: 1, 4: 1, 5: 1, 6: 1, 7: 1, 8: 1} ","PASS , {1: 1, 2: 1, 3: 1, 4: 1} ",12:18:29_17-09-25
634,604,8617,005076,"BV25362313053 , T253618659 ",FF00FFA50010600D1FD0761C0106389901508C85000100C800300001000DDBCD0301839A8245009C0A10,PASS,"PASS, {1: 1, 2: 1, 3: 1, 4: 1, 5: 1, 6: 1, 7: 1, 8: 1, 9: 1, 10: 1, 11: 1}","PASS, {1: 1, 2: 1, 3: 1, 4: 1, 5: 1, 6: 1, 7: 1, 8: 1, 9: 1, 10: 1}","PASS , {1: 1, 2: 1, 3: 1, 4: 1, 5: 1, 6: 1, 7: 1, 8: 1} ","PASS , {1: 1, 2: 1, 3: 1, 4: 1} ",12:20:49_17-09-25
635,605,8617,005076,"BV25362313034 , T253618302 ",FF00FFA50010600D1FD0761C0106389901508C85000100C800300001000DDBCD0301839A8245009C0A10,PASS,"PASS, {1: 1, 2: 1, 3: 1, 4: 1, 5: 1, 6: 1, 7: 1, 8: 1, 9: 1, 10: 1, 11: 1}","PASS, {1: 1, 2: 1, 3: 1, 4: 1, 5: 1, 6: 1, 7: 1, 8: 1, 9: 1, 10: 1}","PASS , {1: 1, 2: 1, 3: 1, 4: 1, 5: 1, 6: 1, 7: 1, 8: 1} ","PASS , {1: 1, 2: 1, 3: 1, 4: 1} ",12:22:01_17-09-25
636,606,8617,005076,"BV25362312915 , T253618595 ",FF00FFA50010600D1FD0761C0106389901508C85000100C800300001000DDBCD0301839A8245009C0A10,PASS,"PASS, {1: 1, 2: 1, 3: 1, 4: 1, 5: 1, 6: 1, 7: 1, 8: 1, 9: 1, 10: 1, 11: 1}","PASS, {1: 1, 2: 1, 3: 1, 4: 1, 5: 1, 6: 1, 7: 1, 8: 1, 9: 1, 10: 1}","PASS , {1: 1, 2: 1, 3: 1, 4: 1, 5: 1, 6: 1, 7: 1, 8: 1} ","PASS , {1: 1, 2: 1, 3: 1, 4: 1} ",12:23:23_17-09-25
637,607,8617,005076,"BV25362312127 , T253617642 ",FF00FFA50010600D1FD0761C01072E4F01520D6D000200C800300001000DDBCD0301839A8245009C0929,PASS,"PASS, {1: 1, 2: 1, 3: 1, 4: 1, 5: 1, 6: 1, 7: 1, 8: 1, 9: 1, 10: 1, 11: 1}","PASS, {1: 1, 2: 1, 3: 1, 4: 1, 5: 1, 6: 1, 7: 1, 8: 1, 9: 1, 10: 1}","PASS , {1: 1, 2: 1, 3: 1, 4: 1, 5: 1, 6: 1, 7: 1, 8: 1} ","PASS , {1: 1, 2: 1, 3: 1, 4: 1} ",12:24:44_17-09-25
638,608,8617,005076,"BV25362312128 , T253613003 ",FF00FFA50010600D1FD0761C01072E4F01520D6D000200C800300001000DDBCD0301839A8245009C0929,PASS,"PASS, {1: 1, 2: 1, 3: 1, 4: 1, 5: 1, 6: 1, 7: 1, 8: 1, 9: 1, 10: 1, 11: 1}","PASS, {1: 1, 2: 1, 3: 1, 4: 1, 5: 1, 6: 1, 7: 1, 8: 1, 9: 1, 10: 1}","PASS , {1: 1, 2: 1, 3: 1, 4: 1, 5: 1, 6: 1, 7: 1, 8: 1} ","PASS , {1: 1, 2: 1, 3: 1, 4: 1} ",12:26:00_17-09-25
639,609,8617,005076,"BV25362313105 , T253618422 ",FF00FFA50010600D1FD0761C0106389901508C85000100C800300001000DDBCD0301839A8245009C0A10,PASS,"PASS, {1: 1, 2: 1, 3: 1, 4: 1, 5: 1, 6: 1, 7: 1, 8: 1, 9: 1, 10: 1, 11: 1}","PASS, {1: 1, 2: 1, 3: 1, 4: 1, 5: 1, 6: 1, 7: 1, 8: 1, 9: 1, 10: 1}","PASS , {1: 1, 2: 1, 3: 1, 4: 1, 5: 1, 6: 1, 7: 1, 8: 1} ","PASS , {1: 1, 2: 1, 3: 1, 4: 1} ",12:27:16_17-09-25
640,610,8617,005076,"BV25362313109 , T253618741 ",FF00FFA50010600D1FD0761C0106389901508C85000100C800300001000DDBCD0301839A8245009C0A10,PASS,"PASS, {1: 1, 2: 1, 3: 1, 4: 1, 5: 1, 6: 1, 7: 1, 8: 1, 9: 1, 10: 1, 11: 1}","PASS, {1: 1, 2: 1, 3: 1, 4: 1, 5: 1, 6: 1, 7: 1, 8: 1, 9: 1, 10: 1}","PASS , {1: 1, 2: 1, 3: 1, 4: 1, 5: 1, 6: 1, 7: 1, 8: 1} ","PASS , {1: 1, 2: 1, 3: 1, 4: 1} ",12:28:34_17-09-25
641,611,8617,005076,"BV25362313108 , T253618748 ",FF00FFA50010600D1FD0761C0106389901508C85000100C800300001000DDBCD0301839A8245009C0A10,PASS,"PASS, {1: 1, 2: 1, 3: 1, 4: 1, 5: 1, 6: 1, 7: 1, 8: 1, 9: 1, 10: 1, 11: 1}","PASS, {1: 1, 2: 1, 3: 1, 4: 1, 5: 1, 6: 1, 7: 1, 8: 1, 9: 1, 10: 1}","PASS , {1: 1, 2: 1, 3: 1, 4: 1, 5: 1, 6: 1, 7: 1, 8: 1} ","PASS , {1: 1, 2: 1, 3: 1, 4: 1} ",12:29:46_17-09-25
642,612,8617,005076,"BV25362312134 , T253613360 ",FF00FFA50010600D1FD0761C01072E4F01520D6D000200C800300001000DDBCD0301839A8245009C0929,PASS,"PASS, {1: 1, 2: 1, 3: 1, 4: 1, 5: 1, 6: 1, 7: 1, 8: 1, 9: 1, 10: 1, 11: 1}","PASS, {1: 1, 2: 1, 3: 1, 4: 1, 5: 1, 6: 1, 7: 1, 8: 1, 9: 1, 10: 1}","PASS , {1: 1, 2: 1, 3: 1, 4: 1, 5: 1, 6: 1, 7: 1, 8: 1} ","PASS , {1: 1, 2: 1, 3: 1, 4: 1} ",12:30:59_17-09-25
643,613,8617,005076,"BV25362313097 , T253618435 ",FF00FFA50010600D1FD0761C0106389901508C85000100C800300001000DDBCD0301839A8245009C0A10,PASS,"PASS, {1: 1, 2: 1, 3: 1, 4: 1, 5: 1, 6: 1, 7: 1, 8: 1, 9: 1, 10: 1, 11: 1}","PASS, {1: 1, 2: 1, 3: 1, 4: 1, 5: 1, 6: 1, 7: 1, 8: 1, 9: 1, 10: 1}","PASS , {1: 1, 2: 1, 3: 1, 4: 1, 5: 1, 6: 1, 7: 1, 8: 1} ","PASS , {1: 1, 2: 1, 3: 1, 4: 1} ",12:32:12_17-09-25
644,614,8617,005076,"BV25362312980 , T253618170 ",FF00FFA50010600D1FD0761C0106389901508C85000100C800300001000DDBCD0301839A8245009C0A10,PASS,"PASS, {1: 1, 2: 1, 3: 1, 4: 1, 5: 1, 6: 1, 7: 1, 8: 1, 9: 1, 10: 1, 11: 1}","PASS, {1: 1, 2: 1, 3: 1, 4: 1, 5: 1, 6: 1, 7: 1, 8: 1, 9: 1, 10: 1}","PASS , {1: 1, 2: 1, 3: 1, 4: 1, 5: 1, 6: 1, 7: 1, 8: 1} ","PASS , {1: 1, 2: 1, 3: 1, 4: 1} ",12:33:26_17-09-25
645,615,8617,005076,"BV25362313091 , T253618365 ",FF00FFA50010600D1FD0761C0106389901508C85000100C800300001000DDBCD0301839A8245009C0A10,PASS,"PASS, {1: 1, 2: 1, 3: 1, 4: 1, 5: 1, 6: 1, 7: 1, 8: 1, 9: 1, 10: 1, 11: 1}","PASS, {1: 1, 2: 1, 3: 1, 4: 1, 5: 1, 6: 1, 7: 1, 8: 1, 9: 1, 10: 1}","PASS , {1: 1, 2: 1, 3: 1, 4: 1, 5: 1, 6: 1, 7: 1, 8: 1} ","PASS , {1: 1, 2: 1, 3: 1, 4: 1} ",12:34:38_17-09-25
646,616,8617,005076,"BV25362313086 , T253619402 ",FF00FFA50010600D1FD0761C0106389901508C85000100C800300001000DDBCD0301839A8245009C0A10,PASS,"PASS, {1: 1, 2: 1, 3: 1, 4: 1, 5: 1, 6: 1, 7: 1, 8: 1, 9: 1, 10: 1, 11: 1}","PASS, {1: 1, 2: 1, 3: 1, 4: 1, 5: 1, 6: 1, 7: 1, 8: 1, 9: 1, 10: 1}","PASS , {1: 1, 2: 1, 3: 1, 4: 1, 5: 1, 6: 1, 7: 1, 8: 1} ","PASS , {1: 1, 2: 1, 3: 1, 4: 1} ",12:35:51_17-09-25
647,617,8617,005076,"BV25362313087 , T253618643 ",FF00FFA50010600D1FD0761C0106389901508C85000100C800300001000DDBCD0301839A8245009C0A10,PASS,"PASS, {1: 1, 2: 1, 3: 1, 4: 1, 5: 1, 6: 1, 7: 1, 8: 1, 9: 1, 10: 1, 11: 1}","PASS, {1: 1, 2: 1, 3: 1, 4: 1, 5: 1, 6: 1, 7: 1, 8: 1, 9: 1, 10: 1}","PASS , {1: 1, 2: 1, 3: 1, 4: 1, 5: 1, 6: 1, 7: 1, 8: 1} ","PASS , {1: 1, 2: 1, 3: 1, 4: 1} ",12:37:03_17-09-25
648,618,8617,005076,"BV25362313139 , T253617614 ",FF00FFA50010600D1FD0761C0106389901508C85000100C800300001000DDBCD0301839A8245009C0A10,PASS,"PASS, {1: 1, 2: 1, 3: 1, 4: 1, 5: 1, 6: 1, 7: 1, 8: 1, 9: 1, 10: 1, 11: 1}","PASS, {1: 1, 2: 1, 3: 1, 4: 1, 5: 1, 6: 1, 7: 1, 8: 1, 9: 1, 10: 1}","PASS , {1: 1, 2: 1, 3: 1, 4: 1, 5: 1, 6: 1, 7: 1, 8: 1} ","PASS , {1: 1, 2: 1, 3: 1, 4: 1} ",12:38:15_17-09-25
649,619,8617,005076,"BV25362313085 , T253618391 ",FF00FFA50010600D1FD0761C0106389901508C85000100C800300001000DDBCD0301839A8245009C0A10,PASS,"PASS, {1: 1, 2: 1, 3: 1, 4: 1, 5: 1, 6: 1, 7: 1, 8: 1, 9: 1, 10: 1, 11: 1}","PASS, {1: 1, 2: 1, 3: 1, 4: 1, 5: 1, 6: 1, 7: 1, 8: 1, 9: 1, 10: 1}","PASS , {1: 1, 2: 1, 3: 1, 4: 1, 5: 1, 6: 1, 7: 1, 8: 1} ","PASS , {1: 1, 2: 1, 3: 1, 4: 1} ",12:39:28_17-09-25
650,620,8617,005076,"BV25362313100 , T253618421 ",FF00FFA50010600D1FD0761C0106389901508C85000100C800300001000DDBCD0301839A8245009C0A10,PASS,"PASS, {1: 1, 2: 1, 3: 1, 4: 1, 5: 1, 6: 1, 7: 1, 8: 1, 9: 1, 10: 1, 11: 1}","PASS, {1: 1, 2: 1, 3: 1, 4: 1, 5: 1, 6: 1, 7: 1, 8: 1, 9: 1, 10: 1}","PASS , {1: 1, 2: 1, 3: 1, 4: 1, 5: 1, 6: 1, 7: 1, 8: 1} ","PASS , {1: 1, 2: 1, 3: 1, 4: 1} ",12:40:40_17-09-25
651,621,8617,005076,"BV25362313102 , T253618406 ",FF00FFA50010600D1FD0761C0106389901508C85000100C800300001000DDBCD0301839A8245009C0A10,PASS,"PASS, {1: 1, 2: 1, 3: 1, 4: 1, 5: 1, 6: 1, 7: 1, 8: 1, 9: 1, 10: 1, 11: 1}","PASS, {1: 1, 2: 1, 3: 1, 4: 1, 5: 1, 6: 1, 7: 1, 8: 1, 9: 1, 10: 1}","PASS , {1: 1, 2: 1, 3: 1, 4: 1, 5: 1, 6: 1, 7: 1, 8: 1} ","PASS , {1: 1, 2: 1, 3: 1, 4: 1} ",12:41:53_17-09-25
652,622,8617,005076,"BV25362313140 , T253617577 ",FF00FFA50010600D1FD0761C0106389901508C85000100C800300001000DDBCD0301839A8245009C0A10,PASS,"PASS, {1: 1, 2: 1, 3: 1, 4: 1, 5: 1, 6: 1, 7: 1, 8: 1, 9: 1, 10: 1, 11: 1}","PASS, {1: 1, 2: 1, 3: 1, 4: 1, 5: 1, 6: 1, 7: 1, 8: 1, 9: 1, 10: 1}","PASS , {1: 1, 2: 1, 3: 1, 4: 1, 5: 1, 6: 1, 7: 1, 8: 1} ","PASS , {1: 1, 2: 1, 3: 1, 4: 1} ",12:43:07_17-09-25
653,623,8617,005076,"BV25362313142 , T253617449 ",FF00FFA50010600D1FD0761C0106389901508C85000100C800300001000DDBCD0301839A8245009C0A10,PASS,"PASS, {1: 1, 2: 1, 3: 1, 4: 1, 5: 1, 6: 1, 7: 1, 8: 1, 9: 1, 10: 1, 11: 1}","PASS, {1: 1, 2: 1, 3: 1, 4: 1, 5: 1, 6: 1, 7: 1, 8: 1, 9: 1, 10: 1}","PASS , {1: 1, 2: 1, 3: 1, 4: 1, 5: 1, 6: 1, 7: 1, 8: 1} ","PASS , {1: 1, 2: 1, 3: 1, 4: 1} ",12:44:20_17-09-25
654,624,8617,005076,"BV25362313143 , T253617615 ",FF00FFA50010600D1FD0761C0106389901508C85000100C800300001000DDBCD0301839A8245009C0A10,PASS,"PASS, {1: 1, 2: 1, 3: 1, 4: 1, 5: 1, 6: 1, 7: 1, 8: 1, 9: 1, 10: 1, 11: 1}","PASS, {1: 1, 2: 1, 3: 1, 4: 1, 5: 1, 6: 1, 7: 1, 8: 1, 9: 1, 10: 1}","PASS , {1: 1, 2: 1, 3: 1, 4: 1, 5: 1, 6: 1, 7: 1, 8: 1} ","PASS , {1: 1, 2: 1, 3: 1, 4: 1} ",12:45:36_17-09-25
655,625,8617,005076,"BV25362313145 , T253617575 ",FF00FFA50010600D1FD0761C0106389901508C85000100C800300001000DDBCD0301839A8245009C0A10,PASS,"PASS, {1: 1, 2: 1, 3: 1, 4: 1, 5: 1, 6: 1, 7: 1, 8: 1, 9: 1, 10: 1, 11: 1}","PASS, {1: 1, 2: 1, 3: 1, 4: 1, 5: 1, 6: 1, 7: 1, 8: 1, 9: 1, 10: 1}","PASS , {1: 1, 2: 1, 3: 1, 4: 1, 5: 1, 6: 1, 7: 1, 8: 1} ","PASS , {1: 1, 2: 1, 3: 1, 4: 1} ",12:46:52_17-09-25
656,626,8617,005076,"BV25362313149 , T253617450 ",FF00FFA50010600D1FD0761C0106389901508C85000100C800300001000DDBCD0301839A8245009C0A10,PASS,"PASS, {1: 1, 2: 1, 3: 1, 4: 1, 5: 1, 6: 1, 7: 1, 8: 1, 9: 1, 10: 1, 11: 1}","PASS, {1: 1, 2: 1, 3: 1, 4: 1, 5: 1, 6: 1, 7: 1, 8: 1, 9: 1, 10: 1}","PASS , {1: 1, 2: 1, 3: 1, 4: 1, 5: 1, 6: 1, 7: 1, 8: 1} ","PASS , {1: 1, 2: 1, 3: 1, 4: 1} ",12:48:04_17-09-25
657,627,8617,005076,"BV25362313144 , T253617451 ",FF00FFA50010600D1FD0761C0106389901508C85000100C800300001000DDBCD0301839A8245009C0A10,PASS,"PASS, {1: 1, 2: 1, 3: 1, 4: 1, 5: 1, 6: 1, 7: 1, 8: 1, 9: 1, 10: 1, 11: 1}","PASS, {1: 1, 2: 1, 3: 1, 4: 1, 5: 1, 6: 1, 7: 1, 8: 1, 9: 1, 10: 1}","PASS , {1: 1, 2: 1, 3: 1, 4: 1, 5: 1, 6: 1, 7: 1, 8: 1} ","PASS , {1: 1, 2: 1, 3: 1, 4: 1} ",12:49:16_17-09-25
658,628,8617,005076,"BV25362313135 , T253617424 ",FF00FFA50010600D1FD0761C0106389901508C85000100C800300001000DDBCD0301839A8245009C0A10,PASS,"PASS, {1: 1, 2: 1, 3: 1, 4: 1, 5: 1, 6: 1, 7: 1, 8: 1, 9: 1, 10: 1, 11: 1}","PASS, {1: 1, 2: 1, 3: 1, 4: 1, 5: 1, 6: 1, 7: 1, 8: 1, 9: 1, 10: 1}","PASS , {1: 1, 2: 1, 3: 1, 4: 1, 5: 1, 6: 1, 7: 1, 8: 1} ","PASS , {1: 1, 2: 1, 3: 1, 4: 1} ",12:50:30_17-09-25
659,629,8617,005076,"BV25362313152 , T253617582 ",FF00FFA50010600D1FD0761C0106389901508C85000100C800300001000DDBCD0301839A8245009C0A10,PASS,"PASS, {1: 1, 2: 1, 3: 1, 4: 1, 5: 1, 6: 1, 7: 1, 8: 1, 9: 1, 10: 1, 11: 1}","PASS, {1: 1, 2: 1, 3: 1, 4: 1, 5: 1, 6: 1, 7: 1, 8: 1, 9: 1, 10: 1}","PASS , {1: 1, 2: 1, 3: 1, 4: 1, 5: 1, 6: 1, 7: 1, 8: 1} ","PASS , {1: 1, 2: 1, 3: 1, 4: 1} ",12:51:47_17-09-25
660,630,8617,005076,"BV25362313154 , T253617586 ",FF00FFA50010600D1FD0761C0106389901508C85000100C800300001000DDBCD0301839A8245009C0A10,PASS,"PASS, {1: 1, 2: 1, 3: 1, 4: 1, 5: 1, 6: 1, 7: 1, 8: 1, 9: 1, 10: 1, 11: 1}","PASS, {1: 1, 2: 1, 3: 1, 4: 1, 5: 1, 6: 1, 7: 1, 8: 1, 9: 1, 10: 1}","PASS , {1: 1, 2: 1, 3: 1, 4: 1, 5: 1, 6: 1, 7: 1, 8: 1} ","PASS , {1: 1, 2: 1, 3: 1, 4: 1} ",12:53:00_17-09-25
661,631,8617,005076,"BV25362313110 , T253618740 ",FF00FFA50010600D1FD0761C0106389901508C85000100C800300001000DDBCD0301839A8245009C0A10,PASS,"PASS, {1: 1, 2: 1, 3: 1, 4: 1, 5: 1, 6: 1, 7: 1, 8: 1, 9: 1, 10: 1, 11: 1}","PASS, {1: 1, 2: 1, 3: 1, 4: 1, 5: 1, 6: 1, 7: 1, 8: 1, 9: 1, 10: 1}","PASS , {1: 1, 2: 1, 3: 1, 4: 1, 5: 1, 6: 1, 7: 1, 8: 1} ","PASS , {1: 1, 2: 1, 3: 1, 4: 1} ",12:54:12_17-09-25
662,632,8617,005076,"BV25362313156 , T253617571 ",FF00FFA50010600D1FD0761C0106389901508C85000100C800300001000DDBCD0301839A8245009C0A10,PASS,"PASS, {1: 1, 2: 1, 3: 1, 4: 1, 5: 1, 6: 1, 7: 1, 8: 1, 9: 1, 10: 1, 11: 1}","PASS, {1: 1, 2: 1, 3: 1, 4: 1, 5: 1, 6: 1, 7: 1, 8: 1, 9: 1, 10: 1}","PASS , {1: 1, 2: 1, 3: 1, 4: 1, 5: 1, 6: 1, 7: 1, 8: 1} ","PASS , {1: 1, 2: 1, 3: 1, 4: 1} ",12:55:25_17-09-25
663,633,8617,005076,"BV25362313153 , T253617590 ",FF00FFA50010600D1FD0761C0106389901508C85000100C800300001000DDBCD0301839A8245009C0A10,PASS,"PASS, {1: 1, 2: 1, 3: 1, 4: 1, 5: 1, 6: 1, 7: 1, 8: 1, 9: 1, 10: 1, 11: 1}","PASS, {1: 1, 2: 1, 3: 1, 4: 1, 5: 1, 6: 1, 7: 1, 8: 1, 9: 1, 10: 1}","PASS , {1: 1, 2: 1, 3: 1, 4: 1, 5: 1, 6: 1, 7: 1, 8: 1} ","PASS , {1: 1, 2: 1, 3: 1, 4: 1} ",12:56:37_17-09-25
664,634,8617,005076,"BV25362313147 , T253617448 ",FF00FFA50010600D1FD0761C0106389901508C85000100C800300001000DDBCD0301839A8245009C0A10,PASS,"PASS, {1: 1, 2: 1, 3: 1, 4: 1, 5: 1, 6: 1, 7: 1, 8: 1, 9: 1, 10: 1, 11: 1}","PASS, {1: 1, 2: 1, 3: 1, 4: 1, 5: 1, 6: 1, 7: 1, 8: 1, 9: 1, 10: 1}","PASS , {1: 1, 2: 1, 3: 1, 4: 1, 5: 1, 6: 1, 7: 1, 8: 1} ","PASS , {1: 1, 2: 1, 3: 1, 4: 1} ",12:57:49_17-09-25
665,634,8617,005076,"BV25362313146 , T253617444 ",FF00FFA50010600D1FD0761C0106389901508C85000100C800300001000DDBCD0301839A8245009C0A10,PASS,"PASS, {1: 1, 2: 1, 3: 1, 4: 1, 5: 1, 6: 1, 7: 1, 8: 1, 9: 1, 10: 1, 11: 1}","FAIL, {1: 1, 2: 1, 3: 1, 4: 1, 5: 1, 6: 1, 7: 1, 8: 1, 9: 1, 10: 0}","PASS , {1: 1, 2: 1, 3: 1, 4: 1, 5: 1, 6: 1, 7: 1, 8: 1} ","PASS , {1: 1, 2: 1, 3: 1, 4: 1} ",12:59:02_17-09-25
666,635,8617,005076,"BV25362313141 , T253617613 ",FF00FFA50010600D1FD0761C0106389901508C85000100C800300001000DDBCD0301839A8245009C0A10,PASS,"PASS, {1: 1, 2: 1, 3: 1, 4: 1, 5: 1, 6: 1, 7: 1, 8: 1, 9: 1, 10: 1, 11: 1}","PASS, {1: 1, 2: 1, 3: 1, 4: 1, 5: 1, 6: 1, 7: 1, 8: 1, 9: 1, 10: 1}","PASS , {1: 1, 2: 1, 3: 1, 4: 1, 5: 1, 6: 1, 7: 1, 8: 1} ","PASS , {1: 1, 2: 1, 3: 1, 4: 1} ",13:00:15_17-09-25
667,636,8617,005076,"BV25362313157 , T253617610 ",FF00FFA50010600D1FD0761C0106389901508C85000100C800300001000DDBCD0301839A8245009C0A10,PASS,"PASS, {1: 1, 2: 1, 3: 1, 4: 1, 5: 1, 6: 1, 7: 1, 8: 1, 9: 1, 10: 1, 11: 1}","PASS, {1: 1, 2: 1, 3: 1, 4: 1, 5: 1, 6: 1, 7: 1, 8: 1, 9: 1, 10: 1}","PASS , {1: 1, 2: 1, 3: 1, 4: 1, 5: 1, 6: 1, 7: 1, 8: 1} ","PASS , {1: 1, 2: 1, 3: 1, 4: 1} ",13:01:27_17-09-25
668,637,8617,005076,"BV25362313119 , T253618408 ",FF00FFA50010600D1FD0761C0106389901508C85000100C800300001000DDBCD0301839A8245009C0A10,PASS,"PASS, {1: 1, 2: 1, 3: 1, 4: 1, 5: 1, 6: 1, 7: 1, 8: 1, 9: 1, 10: 1, 11: 1}","PASS, {1: 1, 2: 1, 3: 1, 4: 1, 5: 1, 6: 1, 7: 1, 8: 1, 9: 1, 10: 1}","PASS , {1: 1, 2: 1, 3: 1, 4: 1, 5: 1, 6: 1, 7: 1, 8: 1} ","PASS , {1: 1, 2: 1, 3: 1, 4: 1} ",13:02:41_17-09-25
668,637,8617,005076,"BV25362313111 , T253618743 ",FAIL,FAIL,FAIL,FAIL,FAIL,FAIL,13:03:12_17-09-25
669,638,8617,005076,"BV25362313118 , T253617559 ",FF00FFA50010600D1FD0761C0106389901508C85000100C800300001000DDBCD0301839A8245009C0A10,PASS,"PASS, {1: 1, 2: 1, 3: 1, 4: 1, 5: 1, 6: 1, 7: 1, 8: 1, 9: 1, 10: 1, 11: 1}","PASS, {1: 1, 2: 1, 3: 1, 4: 1, 5: 1, 6: 1, 7: 1, 8: 1, 9: 1, 10: 1}","PASS , {1: 1, 2: 1, 3: 1, 4: 1, 5: 1, 6: 1, 7: 1, 8: 1} ","PASS , {1: 1, 2: 1, 3: 1, 4: 1} ",13:04:29_17-09-25
670,639,8617,005076,"BV25362313122 , T253618747 ",FF00FFA50010600D1FD0761C0106389901508C85000100C800300001000DDBCD0301839A8245009C0A10,PASS,"PASS, {1: 1, 2: 1, 3: 1, 4: 1, 5: 1, 6: 1, 7: 1, 8: 1, 9: 1, 10: 1, 11: 1}","PASS, {1: 1, 2: 1, 3: 1, 4: 1, 5: 1, 6: 1, 7: 1, 8: 1, 9: 1, 10: 1}","PASS , {1: 1, 2: 1, 3: 1, 4: 1, 5: 1, 6: 1, 7: 1, 8: 1} ","PASS , {1: 1, 2: 1, 3: 1, 4: 1} ",13:05:45_17-09-25
671,640,8617,005076,"BV25362313121 , T253618417 ",FF00FFA50010600D1FD0761C0106389901508C85000100C800300001000DDBCD0301839A8245009C0A10,PASS,"PASS, {1: 1, 2: 1, 3: 1, 4: 1, 5: 1, 6: 1, 7: 1, 8: 1, 9: 1, 10: 1, 11: 1}","PASS, {1: 1, 2: 1, 3: 1, 4: 1, 5: 1, 6: 1, 7: 1, 8: 1, 9: 1, 10: 1}","PASS , {1: 1, 2: 1, 3: 1, 4: 1, 5: 1, 6: 1, 7: 1, 8: 1} ","PASS , {1: 1, 2: 1, 3: 1, 4: 1} ",13:07:24_17-09-25
672,641,8617,005076,"BV25362313123 , T253618749 ",FF00FFA50010600D1FD0761C0106389901508C85000100C800300001000DDBCD0301839A8245009C0A10,PASS,"PASS, {1: 1, 2: 1, 3: 1, 4: 1, 5: 1, 6: 1, 7: 1, 8: 1, 9: 1, 10: 1, 11: 1}","PASS, {1: 1, 2: 1, 3: 1, 4: 1, 5: 1, 6: 1, 7: 1, 8: 1, 9: 1, 10: 1}","PASS , {1: 1, 2: 1, 3: 1, 4: 1, 5: 1, 6: 1, 7: 1, 8: 1} ","PASS , {1: 1, 2: 1, 3: 1, 4: 1} ",13:08:47_17-09-25
673,642,8617,005076,"BV25362313120 , T253617579 ",FF00FFA50010600D1FD0761C0106389901508C85000100C800300001000DDBCD0301839A8245009C0A10,PASS,"PASS, {1: 1, 2: 1, 3: 1, 4: 1, 5: 1, 6: 1, 7: 1, 8: 1, 9: 1, 10: 1, 11: 1}","PASS, {1: 1, 2: 1, 3: 1, 4: 1, 5: 1, 6: 1, 7: 1, 8: 1, 9: 1, 10: 1}","PASS , {1: 1, 2: 1, 3: 1, 4: 1, 5: 1, 6: 1, 7: 1, 8: 1} ","PASS , {1: 1, 2: 1, 3: 1, 4: 1} ",13:10:01_17-09-25
674,643,8617,005076,"BV25362313178 , T253617574 ",FF00FFA50010600D1FD0761C0106389901508C85000100C800300001000DDBCD0301839A8245009C0A10,PASS,"PASS, {1: 1, 2: 1, 3: 1, 4: 1, 5: 1, 6: 1, 7: 1, 8: 1, 9: 1, 10: 1, 11: 1}","PASS, {1: 1, 2: 1, 3: 1, 4: 1, 5: 1, 6: 1, 7: 1, 8: 1, 9: 1, 10: 1}","PASS , {1: 1, 2: 1, 3: 1, 4: 1, 5: 1, 6: 1, 7: 1, 8: 1} ","PASS , {1: 1, 2: 1, 3: 1, 4: 1} ",13:11:17_17-09-25
675,644,8617,005076,"BV25362313113 , T253617587 ",FF00FFA50010600D1FD0761C0106389901508C85000100C800300001000DDBCD0301839A8245009C0A10,PASS,"PASS, {1: 1, 2: 1, 3: 1, 4: 1, 5: 1, 6: 1, 7: 1, 8: 1, 9: 1, 10: 1, 11: 1}","PASS, {1: 1, 2: 1, 3: 1, 4: 1, 5: 1, 6: 1, 7: 1, 8: 1, 9: 1, 10: 1}","PASS , {1: 1, 2: 1, 3: 1, 4: 1, 5: 1, 6: 1, 7: 1, 8: 1} ","PASS , {1: 1, 2: 1, 3: 1, 4: 1} ",13:12:31_17-09-25
676,645,8617,005076,"BV25362313112 , T253617569 ",FF00FFA50010600D1FD0761C0106389901508C85000100C800300001000DDBCD0301839A8245009C0A10,PASS,"PASS, {1: 1, 2: 1, 3: 1, 4: 1, 5: 1, 6: 1, 7: 1, 8: 1, 9: 1, 10: 1, 11: 1}","PASS, {1: 1, 2: 1, 3: 1, 4: 1, 5: 1, 6: 1, 7: 1, 8: 1, 9: 1, 10: 1}","PASS , {1: 1, 2: 1, 3: 1, 4: 1, 5: 1, 6: 1, 7: 1, 8: 1} ","PASS , {1: 1, 2: 1, 3: 1, 4: 1} ",13:13:45_17-09-25
677,646,8617,005076,"BV25362313101 , T253618419 ",FF00FFA50010600D1FD0761C0106389901508C85000100C800300001000DDBCD0301839A8245009C0A10,PASS,"PASS, {1: 1, 2: 1, 3: 1, 4: 1, 5: 1, 6: 1, 7: 1, 8: 1, 9: 1, 10: 1, 11: 1}","PASS, {1: 1, 2: 1, 3: 1, 4: 1, 5: 1, 6: 1, 7: 1, 8: 1, 9: 1, 10: 1}","PASS , {1: 1, 2: 1, 3: 1, 4: 1, 5: 1, 6: 1, 7: 1, 8: 1} ","PASS , {1: 1, 2: 1, 3: 1, 4: 1} ",13:14:59_17-09-25
678,647,8617,005076,"BV25362313104 , T253618418 ",FF00FFA50010600D1FD0761C0106389901508C85000100C800300001000DDBCD0301839A8245009C0A10,PASS,"PASS, {1: 1, 2: 1, 3: 1, 4: 1, 5: 1, 6: 1, 7: 1, 8: 1, 9: 1, 10: 1, 11: 1}","PASS, {1: 1, 2: 1, 3: 1, 4: 1, 5: 1, 6: 1, 7: 1, 8: 1, 9: 1, 10: 1}","PASS , {1: 1, 2: 1, 3: 1, 4: 1, 5: 1, 6: 1, 7: 1, 8: 1} ","PASS , {1: 1, 2: 1, 3: 1, 4: 1} ",13:16:13_17-09-25
679,648,8617,005076,"BV25362313103 , T253618386 ",FF00FFA50010600D1FD0761C0106389901508C85000100C800300001000DDBCD0301839A8245009C0A10,PASS,"PASS, {1: 1, 2: 1, 3: 1, 4: 1, 5: 1, 6: 1, 7: 1, 8: 1, 9: 1, 10: 1, 11: 1}","PASS, {1: 1, 2: 1, 3: 1, 4: 1, 5: 1, 6: 1, 7: 1, 8: 1, 9: 1, 10: 1}","PASS , {1: 1, 2: 1, 3: 1, 4: 1, 5: 1, 6: 1, 7: 1, 8: 1} ","PASS , {1: 1, 2: 1, 3: 1, 4: 1} ",13:17:25_17-09-25
680,649,8617,005076,"BV25362313090 , T253617810 ",FF00FFA50010600D1FD0761C0106389901508C85000100C800300001000DDBCD0301839A8245009C0A10,PASS,"PASS, {1: 1, 2: 1, 3: 1, 4: 1, 5: 1, 6: 1, 7: 1, 8: 1, 9: 1, 10: 1, 11: 1}","PASS, {1: 1, 2: 1, 3: 1, 4: 1, 5: 1, 6: 1, 7: 1, 8: 1, 9: 1, 10: 1}","PASS , {1: 1, 2: 1, 3: 1, 4: 1, 5: 1, 6: 1, 7: 1, 8: 1} ","PASS , {1: 1, 2: 1, 3: 1, 4: 1} ",13:18:37_17-09-25
681,650,8617,005076,"BV25362313124 , T253618420 ",FF00FFA50010600D1FD0761C0106389901508C85000100C800300001000DDBCD0301839A8245009C0A10,PASS,"PASS, {1: 1, 2: 1, 3: 1, 4: 1, 5: 1, 6: 1, 7: 1, 8: 1, 9: 1, 10: 1, 11: 1}","PASS, {1: 1, 2: 1, 3: 1, 4: 1, 5: 1, 6: 1, 7: 1, 8: 1, 9: 1, 10: 1}","PASS , {1: 1, 2: 1, 3: 1, 4: 1, 5: 1, 6: 1, 7: 1, 8: 1} ","PASS , {1: 1, 2: 1, 3: 1, 4: 1} ",13:19:50_17-09-25
682,651,8617,005076,"BV25362313095 , T253618407 ",FF00FFA50010600D1FD0761C0106389901508C85000100C800300001000DDBCD0301839A8245009C0A10,PASS,"PASS, {1: 1, 2: 1, 3: 1, 4: 1, 5: 1, 6: 1, 7: 1, 8: 1, 9: 1, 10: 1, 11: 1}","PASS, {1: 1, 2: 1, 3: 1, 4: 1, 5: 1, 6: 1, 7: 1, 8: 1, 9: 1, 10: 1}","PASS , {1: 1, 2: 1, 3: 1, 4: 1, 5: 1, 6: 1, 7: 1, 8: 1} ","PASS , {1: 1, 2: 1, 3: 1, 4: 1} ",13:21:07_17-09-25
683,652,8617,005076,"BV25362313125 , T253618730 ",FF00FFA50010600D1FD0761C0106389901508C85000100C800300001000DDBCD0301839A8245009C0A10,PASS,"PASS, {1: 1, 2: 1, 3: 1, 4: 1, 5: 1, 6: 1, 7: 1, 8: 1, 9: 1, 10: 1, 11: 1}","PASS, {1: 1, 2: 1, 3: 1, 4: 1, 5: 1, 6: 1, 7: 1, 8: 1, 9: 1, 10: 1}","PASS , {1: 1, 2: 1, 3: 1, 4: 1, 5: 1, 6: 1, 7: 1, 8: 1} ","PASS , {1: 1, 2: 1, 3: 1, 4: 1} ",13:22:21_17-09-25
684,653,8617,005076,"BV25362313126 , T253618742 ",FF00FFA50010600D1FD0761C0106389901508C85000100C800300001000DDBCD0301839A8245009C0A10,PASS,"PASS, {1: 1, 2: 1, 3: 1, 4: 1, 5: 1, 6: 1, 7: 1, 8: 1, 9: 1, 10: 1, 11: 1}","PASS, {1: 1, 2: 1, 3: 1, 4: 1, 5: 1, 6: 1, 7: 1, 8: 1, 9: 1, 10: 1}","PASS , {1: 1, 2: 1, 3: 1, 4: 1, 5: 1, 6: 1, 7: 1, 8: 1} ","PASS , {1: 1, 2: 1, 3: 1, 4: 1} ",13:23:34_17-09-25
685,654,8617,005076,"BV25362313158 , T253617572 ",FF00FFA50010600D1FD0761C0106389901508C85000100C800300001000DDBCD0301839A8245009C0A10,PASS,"PASS, {1: 1, 2: 1, 3: 1, 4: 1, 5: 1, 6: 1, 7: 1, 8: 1, 9: 1, 10: 1, 11: 1}","PASS, {1: 1, 2: 1, 3: 1, 4: 1, 5: 1, 6: 1, 7: 1, 8: 1, 9: 1, 10: 1}","PASS , {1: 1, 2: 1, 3: 1, 4: 1, 5: 1, 6: 1, 7: 1, 8: 1} ","PASS , {1: 1, 2: 1, 3: 1, 4: 1} ",13:24:51_17-09-25
686,655,8617,005076,"BV25362313127 , T253618732 ",FF00FFA50010600D1FD0761C0106389901508C85000100C800300001000DDBCD0301839A8245009C0A10,PASS,"PASS, {1: 1, 2: 1, 3: 1, 4: 1, 5: 1, 6: 1, 7: 1, 8: 1, 9: 1, 10: 1, 11: 1}","PASS, {1: 1, 2: 1, 3: 1, 4: 1, 5: 1, 6: 1, 7: 1, 8: 1, 9: 1, 10: 1}","PASS , {1: 1, 2: 1, 3: 1, 4: 1, 5: 1, 6: 1, 7: 1, 8: 1} ","PASS , {1: 1, 2: 1, 3: 1, 4: 1} ",13:26:06_17-09-25
687,656,8617,005076,"BV25362313129 , T253618739 ",FF00FFA50010600D1FD0761C0106389901508C85000100C800300001000DDBCD0301839A8245009C0A10,PASS,"PASS, {1: 1, 2: 1, 3: 1, 4: 1, 5: 1, 6: 1, 7: 1, 8: 1, 9: 1, 10: 1, 11: 1}","PASS, {1: 1, 2: 1, 3: 1, 4: 1, 5: 1, 6: 1, 7: 1, 8: 1, 9: 1, 10: 1}","PASS , {1: 1, 2: 1, 3: 1, 4: 1, 5: 1, 6: 1, 7: 1, 8: 1} ","PASS , {1: 1, 2: 1, 3: 1, 4: 1} ",13:27:19_17-09-25
688,657,8617,005076,"BV25362313116 , T253617592 ",FF00FFA50010600D1FD0761C0106389901508C85000100C800300001000DDBCD0301839A8245009C0A10,PASS,"PASS, {1: 1, 2: 1, 3: 1, 4: 1, 5: 1, 6: 1, 7: 1, 8: 1, 9: 1, 10: 1, 11: 1}","PASS, {1: 1, 2: 1, 3: 1, 4: 1, 5: 1, 6: 1, 7: 1, 8: 1, 9: 1, 10: 1}","PASS , {1: 1, 2: 1, 3: 1, 4: 1, 5: 1, 6: 1, 7: 1, 8: 1} ","PASS , {1: 1, 2: 1, 3: 1, 4: 1} ",13:28:32_17-09-25
689,658,8617,005076,"BV25362313161 , T253617428 ",FF00FFA50010600D1FD0761C0106389901508C85000100C800300001000DDBCD0301839A8245009C0A10,PASS,"PASS, {1: 1, 2: 1, 3: 1, 4: 1, 5: 1, 6: 1, 7: 1, 8: 1, 9: 1, 10: 1, 11: 1}","PASS, {1: 1, 2: 1, 3: 1, 4: 1, 5: 1, 6: 1, 7: 1, 8: 1, 9: 1, 10: 1}","PASS , {1: 1, 2: 1, 3: 1, 4: 1, 5: 1, 6: 1, 7: 1, 8: 1} ","PASS , {1: 1, 2: 1, 3: 1, 4: 1} ",13:29:46_17-09-25
690,659,8617,005076,"BV25362313160 , T253617425 ",FF00FFA50010600D1FD0761C0106389901508C85000100C800300001000DDBCD0301839A8245009C0A10,PASS,"PASS, {1: 1, 2: 1, 3: 1, 4: 1, 5: 1, 6: 1, 7: 1, 8: 1, 9: 1, 10: 1, 11: 1}","PASS, {1: 1, 2: 1, 3: 1, 4: 1, 5: 1, 6: 1, 7: 1, 8: 1, 9: 1, 10: 1}","PASS , {1: 1, 2: 1, 3: 1, 4: 1, 5: 1, 6: 1, 7: 1, 8: 1} ","PASS , {1: 1, 2: 1, 3: 1, 4: 1} ",13:31:01_17-09-25
691,660,8617,005076,"BV25362313115 , T253617591 ",FF00FFA50010600D1FD0761C0106389901508C85000100C800300001000DDBCD0301839A8245009C0A10,PASS,"PASS, {1: 1, 2: 1, 3: 1, 4: 1, 5: 1, 6: 1, 7: 1, 8: 1, 9: 1, 10: 1, 11: 1}","PASS, {1: 1, 2: 1, 3: 1, 4: 1, 5: 1, 6: 1, 7: 1, 8: 1, 9: 1, 10: 1}","PASS , {1: 1, 2: 1, 3: 1, 4: 1, 5: 1, 6: 1, 7: 1, 8: 1} ","PASS , {1: 1, 2: 1, 3: 1, 4: 1} ",13:32:14_17-09-25
692,661,8617,005076,"BV25362313114 , T253618746 ",FF00FFA50010600D1FD0761C0106389901508C85000100C800300001000DDBCD0301839A8245009C0A10,PASS,"PASS, {1: 1, 2: 1, 3: 1, 4: 1, 5: 1, 6: 1, 7: 1, 8: 1, 9: 1, 10: 1, 11: 1}","PASS, {1: 1, 2: 1, 3: 1, 4: 1, 5: 1, 6: 1, 7: 1, 8: 1, 9: 1, 10: 1}","PASS , {1: 1, 2: 1, 3: 1, 4: 1, 5: 1, 6: 1, 7: 1, 8: 1} ","PASS , {1: 1, 2: 1, 3: 1, 4: 1} ",13:33:27_17-09-25
693,662,8617,005076,"BV25362313133 , T253617585 ",FF00FFA50010600D1FD0761C0106389901508C85000100C800300001000DDBCD0301839A8245009C0A10,PASS,"PASS, {1: 1, 2: 1, 3: 1, 4: 1, 5: 1, 6: 1, 7: 1, 8: 1, 9: 1, 10: 1, 11: 1}","PASS, {1: 1, 2: 1, 3: 1, 4: 1, 5: 1, 6: 1, 7: 1, 8: 1, 9: 1, 10: 1}","PASS , {1: 1, 2: 1, 3: 1, 4: 1, 5: 1, 6: 1, 7: 1, 8: 1} ","PASS , {1: 1, 2: 1, 3: 1, 4: 1} ",13:34:44_17-09-25
694,663,8617,005076,"BV25362313132 , T253617570 ",FF00FFA50010600D1FD0761C0106389901508C85000100C800300001000DDBCD0301839A8245009C0A10,PASS,"PASS, {1: 1, 2: 1, 3: 1, 4: 1, 5: 1, 6: 1, 7: 1, 8: 1, 9: 1, 10: 1, 11: 1}","PASS, {1: 1, 2: 1, 3: 1, 4: 1, 5: 1, 6: 1, 7: 1, 8: 1, 9: 1, 10: 1}","PASS , {1: 1, 2: 1, 3: 1, 4: 1, 5: 1, 6: 1, 7: 1, 8: 1} ","PASS , {1: 1, 2: 1, 3: 1, 4: 1} ",13:35:56_17-09-25
695,663,8617,005076,"BV25362313130 , T253618738 ",FF00FFA50010600D1FD0761C0106389901508C85000100C800300001000DDBCD0301839A8245009C0A10,PASS,"PASS, {1: 1, 2: 1, 3: 1, 4: 1, 5: 1, 6: 1, 7: 1, 8: 1, 9: 1, 10: 1, 11: 1}","PASS, {1: 1, 2: 1, 3: 1, 4: 1, 5: 1, 6: 1, 7: 1, 8: 1, 9: 1, 10: 1}","FAIL , {1: 1, 2: 1, 3: 1, 4: 1, 5: 1, 6: 1, 7: 1, 8: 0} ","PASS , {1: 1, 2: 1, 3: 1, 4: 1} ",13:37:13_17-09-25
696,664,8617,005076,"BV25362313128 , T253618737 ",FF00FFA50010600D1FD0761C0106389901508C85000100C800300001000DDBCD0301839A8245009C0A10,PASS,"PASS, {1: 1, 2: 1, 3: 1, 4: 1, 5: 1, 6: 1, 7: 1, 8: 1, 9: 1, 10: 1, 11: 1}","PASS, {1: 1, 2: 1, 3: 1, 4: 1, 5: 1, 6: 1, 7: 1, 8: 1, 9: 1, 10: 1}","PASS , {1: 1, 2: 1, 3: 1, 4: 1, 5: 1, 6: 1, 7: 1, 8: 1} ","PASS , {1: 1, 2: 1, 3: 1, 4: 1} ",13:38:31_17-09-25
697,665,8617,005076,"BV25362313134 , T253617584 ",FF00FFA50010600D1FD0761C0106389901508C85000100C800300001000DDBCD0301839A8245009C0A10,PASS,"PASS, {1: 1, 2: 1, 3: 1, 4: 1, 5: 1, 6: 1, 7: 1, 8: 1, 9: 1, 10: 1, 11: 1}","PASS, {1: 1, 2: 1, 3: 1, 4: 1, 5: 1, 6: 1, 7: 1, 8: 1, 9: 1, 10: 1}","PASS , {1: 1, 2: 1, 3: 1, 4: 1, 5: 1, 6: 1, 7: 1, 8: 1} ","PASS , {1: 1, 2: 1, 3: 1, 4: 1} ",13:39:44_17-09-25
698,666,8617,005076,"BV25362313131 , T253617583 ",FF00FFA50010600D1FD0761C0106389901508C85000100C800300001000DDBCD0301839A8245009C0A10,PASS,"PASS, {1: 1, 2: 1, 3: 1, 4: 1, 5: 1, 6: 1, 7: 1, 8: 1, 9: 1, 10: 1, 11: 1}","PASS, {1: 1, 2: 1, 3: 1, 4: 1, 5: 1, 6: 1, 7: 1, 8: 1, 9: 1, 10: 1}","PASS , {1: 1, 2: 1, 3: 1, 4: 1, 5: 1, 6: 1, 7: 1, 8: 1} ","PASS , {1: 1, 2: 1, 3: 1, 4: 1} ",13:40:55_17-09-25
699,667,8617,005076,"BV25362313088 , T253618383 ",FF00FFA50010600D1FD0761C0106389901508C85000100C800300001000DDBCD0301839A8245009C0A10,PASS,"PASS, {1: 1, 2: 1, 3: 1, 4: 1, 5: 1, 6: 1, 7: 1, 8: 1, 9: 1, 10: 1, 11: 1}","PASS, {1: 1, 2: 1, 3: 1, 4: 1, 5: 1, 6: 1, 7: 1, 8: 1, 9: 1, 10: 1}","PASS , {1: 1, 2: 1, 3: 1, 4: 1, 5: 1, 6: 1, 7: 1, 8: 1} ","PASS , {1: 1, 2: 1, 3: 1, 4: 1} ",13:42:08_17-09-25
700,668,8617,005076,"BV25362313089 , T253618388 ",FF00FFA50010600D1FD0761C0106389901508C85000100C800300001000DDBCD0301839A8245009C0A10,PASS,"PASS, {1: 1, 2: 1, 3: 1, 4: 1, 5: 1, 6: 1, 7: 1, 8: 1, 9: 1, 10: 1, 11: 1}","PASS, {1: 1, 2: 1, 3: 1, 4: 1, 5: 1, 6: 1, 7: 1, 8: 1, 9: 1, 10: 1}","PASS , {1: 1, 2: 1, 3: 1, 4: 1, 5: 1, 6: 1, 7: 1, 8: 1} ","PASS , {1: 1, 2: 1, 3: 1, 4: 1} ",13:43:21_17-09-25
701,669,8617,005076,"BV25362313138 , T253617602 ",FF00FFA50010600D1FD0761C0106389901508C85000100C800300001000DDBCD0301839A8245009C0A10,PASS,"PASS, {1: 1, 2: 1, 3: 1, 4: 1, 5: 1, 6: 1, 7: 1, 8: 1, 9: 1, 10: 1, 11: 1}","PASS, {1: 1, 2: 1, 3: 1, 4: 1, 5: 1, 6: 1, 7: 1, 8: 1, 9: 1, 10: 1}","PASS , {1: 1, 2: 1, 3: 1, 4: 1, 5: 1, 6: 1, 7: 1, 8: 1} ","PASS , {1: 1, 2: 1, 3: 1, 4: 1} ",13:44:37_17-09-25
702,670,8617,005076,"BV25362313137 , T253617611 ",FF00FFA50010600D1FD0761C0106389901508C85000100C800300001000DDBCD0301839A8245009C0A10,PASS,"PASS, {1: 1, 2: 1, 3: 1, 4: 1, 5: 1, 6: 1, 7: 1, 8: 1, 9: 1, 10: 1, 11: 1}","PASS, {1: 1, 2: 1, 3: 1, 4: 1, 5: 1, 6: 1, 7: 1, 8: 1, 9: 1, 10: 1}","PASS , {1: 1, 2: 1, 3: 1, 4: 1, 5: 1, 6: 1, 7: 1, 8: 1} ","PASS , {1: 1, 2: 1, 3: 1, 4: 1} ",13:45:49_17-09-25
703,671,8617,005076,"BV25362313136 , T253617600 ",FF00FFA50010600D1FD0761C0106389901508C85000100C800300001000DDBCD0301839A8245009C0A10,PASS,"PASS, {1: 1, 2: 1, 3: 1, 4: 1, 5: 1, 6: 1, 7: 1, 8: 1, 9: 1, 10: 1, 11: 1}","PASS, {1: 1, 2: 1, 3: 1, 4: 1, 5: 1, 6: 1, 7: 1, 8: 1, 9: 1, 10: 1}","PASS , {1: 1, 2: 1, 3: 1, 4: 1, 5: 1, 6: 1, 7: 1, 8: 1} ","PASS , {1: 1, 2: 1, 3: 1, 4: 1} ",13:47:01_17-09-25
704,672,8617,005076,"BV25362313155 , T253617588 ",FF00FFA50010600D1FD0761C0106389901508C85000100C800300001000DDBCD0301839A8245009C0A10,PASS,"PASS, {1: 1, 2: 1, 3: 1, 4: 1, 5: 1, 6: 1, 7: 1, 8: 1, 9: 1, 10: 1, 11: 1}","PASS, {1: 1, 2: 1, 3: 1, 4: 1, 5: 1, 6: 1, 7: 1, 8: 1, 9: 1, 10: 1}","PASS , {1: 1, 2: 1, 3: 1, 4: 1, 5: 1, 6: 1, 7: 1, 8: 1} ","PASS , {1: 1, 2: 1, 3: 1, 4: 1} ",13:48:14_17-09-25
705,673,8617,005076,"BV25362313151 , T253617576 ",FF00FFA50010600D1FD0761C0106389901508C85000100C800300001000DDBCD0301839A8245009C0A10,PASS,"PASS, {1: 1, 2: 1, 3: 1, 4: 1, 5: 1, 6: 1, 7: 1, 8: 1, 9: 1, 10: 1, 11: 1}","PASS, {1: 1, 2: 1, 3: 1, 4: 1, 5: 1, 6: 1, 7: 1, 8: 1, 9: 1, 10: 1}","PASS , {1: 1, 2: 1, 3: 1, 4: 1, 5: 1, 6: 1, 7: 1, 8: 1} ","PASS , {1: 1, 2: 1, 3: 1, 4: 1} ",13:49:26_17-09-25
706,674,8617,005076,"BV25362313150 , T253617580 ",FF00FFA50010600D1FD0761C0106389901508C85000100C800300001000DDBCD0301839A8245009C0A10,PASS,"PASS, {1: 1, 2: 1, 3: 1, 4: 1, 5: 1, 6: 1, 7: 1, 8: 1, 9: 1, 10: 1, 11: 1}","PASS, {1: 1, 2: 1, 3: 1, 4: 1, 5: 1, 6: 1, 7: 1, 8: 1, 9: 1, 10: 1}","PASS , {1: 1, 2: 1, 3: 1, 4: 1, 5: 1, 6: 1, 7: 1, 8: 1} ","PASS , {1: 1, 2: 1, 3: 1, 4: 1} ",13:50:39_17-09-25
707,675,8617,005076,"BV25362313148 , T253617578 ",FF00FFA50010600D1FD0761C0106389901508C85000100C800300001000DDBCD0301839A8245009C0A10,PASS,"PASS, {1: 1, 2: 1, 3: 1, 4: 1, 5: 1, 6: 1, 7: 1, 8: 1, 9: 1, 10: 1, 11: 1}","PASS, {1: 1, 2: 1, 3: 1, 4: 1, 5: 1, 6: 1, 7: 1, 8: 1, 9: 1, 10: 1}","PASS , {1: 1, 2: 1, 3: 1, 4: 1, 5: 1, 6: 1, 7: 1, 8: 1} ","PASS , {1: 1, 2: 1, 3: 1, 4: 1} ",13:51:51_17-09-25
708,676,8617,005076,"BV25362313107 , T253618731 ",FF00FFA50010600D1FD0761C0106389901508C85000100C800300001000DDBCD0301839A8245009C0A10,PASS,"PASS, {1: 1, 2: 1, 3: 1, 4: 1, 5: 1, 6: 1, 7: 1, 8: 1, 9: 1, 10: 1, 11: 1}","PASS, {1: 1, 2: 1, 3: 1, 4: 1, 5: 1, 6: 1, 7: 1, 8: 1, 9: 1, 10: 1}","PASS , {1: 1, 2: 1, 3: 1, 4: 1, 5: 1, 6: 1, 7: 1, 8: 1} ","PASS , {1: 1, 2: 1, 3: 1, 4: 1} ",13:53:05_17-09-25
709,677,8617,005076,"BV25362313106 , T253618387 ",FF00FFA50010600D1FD0761C0106389901508C85000100C800300001000DDBCD0301839A8245009C0A10,PASS,"PASS, {1: 1, 2: 1, 3: 1, 4: 1, 5: 1, 6: 1, 7: 1, 8: 1, 9: 1, 10: 1, 11: 1}","PASS, {1: 1, 2: 1, 3: 1, 4: 1, 5: 1, 6: 1, 7: 1, 8: 1, 9: 1, 10: 1}","PASS , {1: 1, 2: 1, 3: 1, 4: 1, 5: 1, 6: 1, 7: 1, 8: 1} ","PASS , {1: 1, 2: 1, 3: 1, 4: 1} ",13:54:18_17-09-25
710,678,8617,005076,"BV25362313099 , T253618405 ",FF00FFA50010600D1FD0761C0106389901508C85000100C800300001000DDBCD0301839A8245009C0A10,PASS,"PASS, {1: 1, 2: 1, 3: 1, 4: 1, 5: 1, 6: 1, 7: 1, 8: 1, 9: 1, 10: 1, 11: 1}","PASS, {1: 1, 2: 1, 3: 1, 4: 1, 5: 1, 6: 1, 7: 1, 8: 1, 9: 1, 10: 1}","PASS , {1: 1, 2: 1, 3: 1, 4: 1, 5: 1, 6: 1, 7: 1, 8: 1} ","PASS , {1: 1, 2: 1, 3: 1, 4: 1} ",13:55:30_17-09-25
711,679,8617,005076,"BV25362313098 , T253618440 ",FF00FFA50010600D1FD0761C0106389901508C85000100C800300001000DDBCD0301839A8245009C0A10,PASS,"PASS, {1: 1, 2: 1, 3: 1, 4: 1, 5: 1, 6: 1, 7: 1, 8: 1, 9: 1, 10: 1, 11: 1}","PASS, {1: 1, 2: 1, 3: 1, 4: 1, 5: 1, 6: 1, 7: 1, 8: 1, 9: 1, 10: 1}","PASS , {1: 1, 2: 1, 3: 1, 4: 1, 5: 1, 6: 1, 7: 1, 8: 1} ","PASS , {1: 1, 2: 1, 3: 1, 4: 1} ",13:56:40_17-09-25
712,680,8617,005076,"BV25362313117 , T253617573 ",FF00FFA50010600D1FD0761C0106389901508C85000100C800300001000DDBCD0301839A8245009C0A10,PASS,"PASS, {1: 1, 2: 1, 3: 1, 4: 1, 5: 1, 6: 1, 7: 1, 8: 1, 9: 1, 10: 1, 11: 1}","PASS, {1: 1, 2: 1, 3: 1, 4: 1, 5: 1, 6: 1, 7: 1, 8: 1, 9: 1, 10: 1}","PASS , {1: 1, 2: 1, 3: 1, 4: 1, 5: 1, 6: 1, 7: 1, 8: 1} ","PASS , {1: 1, 2: 1, 3: 1, 4: 1} ",13:57:52_17-09-25
713,681,8617,005076,"BV25362313092 , T253618439 ",FF00FFA50010600D1FD0761C0106389901508C85000100C800300001000DDBCD0301839A8245009C0A10,PASS,"PASS, {1: 1, 2: 1, 3: 1, 4: 1, 5: 1, 6: 1, 7: 1, 8: 1, 9: 1, 10: 1, 11: 1}","PASS, {1: 1, 2: 1, 3: 1, 4: 1, 5: 1, 6: 1, 7: 1, 8: 1, 9: 1, 10: 1}","PASS , {1: 1, 2: 1, 3: 1, 4: 1, 5: 1, 6: 1, 7: 1, 8: 1} ","PASS , {1: 1, 2: 1, 3: 1, 4: 1} ",13:59:04_17-09-25
714,682,8617,005076,"BV25362313060 , T253618259 ",FF00FFA50010600D1FD0761C0106389901508C85000100C800300001000DDBCD0301839A8245009C0A10,PASS,"PASS, {1: 1, 2: 1, 3: 1, 4: 1, 5: 1, 6: 1, 7: 1, 8: 1, 9: 1, 10: 1, 11: 1}","PASS, {1: 1, 2: 1, 3: 1, 4: 1, 5: 1, 6: 1, 7: 1, 8: 1, 9: 1, 10: 1}","PASS , {1: 1, 2: 1, 3: 1, 4: 1, 5: 1, 6: 1, 7: 1, 8: 1} ","PASS , {1: 1, 2: 1, 3: 1, 4: 1} ",14:00:16_17-09-25
715,683,8617,005076,"BV25362313093 , T253618367 ",FF00FFA50010600D1FD0761C0106389901508C85000100C800300001000DDBCD0301839A8245009C0A10,PASS,"PASS, {1: 1, 2: 1, 3: 1, 4: 1, 5: 1, 6: 1, 7: 1, 8: 1, 9: 1, 10: 1, 11: 1}","PASS, {1: 1, 2: 1, 3: 1, 4: 1, 5: 1, 6: 1, 7: 1, 8: 1, 9: 1, 10: 1}","PASS , {1: 1, 2: 1, 3: 1, 4: 1, 5: 1, 6: 1, 7: 1, 8: 1} ","PASS , {1: 1, 2: 1, 3: 1, 4: 1} ",14:01:28_17-09-25
716,684,8617,005076,"BV25362312815 , T253612674 ",FF00FFA50010600D1FD0761C0106389901508C85000100C800300001000DDBCD0301839A8245009C0A10,PASS,"PASS, {1: 1, 2: 1, 3: 1, 4: 1, 5: 1, 6: 1, 7: 1, 8: 1, 9: 1, 10: 1, 11: 1}","PASS, {1: 1, 2: 1, 3: 1, 4: 1, 5: 1, 6: 1, 7: 1, 8: 1, 9: 1, 10: 1}","PASS , {1: 1, 2: 1, 3: 1, 4: 1, 5: 1, 6: 1, 7: 1, 8: 1} ","PASS , {1: 1, 2: 1, 3: 1, 4: 1} ",14:02:46_17-09-25
717,684,8617,005076,"BV25362312926 , T253619072 ",FF00FFA50010600D1FD0761C0106389901508C85000100C800300001000DDBCD0301839A8245009C0A10,PASS,"PASS, {1: 1, 2: 1, 3: 1, 4: 1, 5: 1, 6: 1, 7: 1, 8: 1, 9: 1, 10: 1, 11: 1}","PASS, {1: 1, 2: 1, 3: 1, 4: 1, 5: 1, 6: 1, 7: 1, 8: 1, 9: 1, 10: 1}","FAIL , {1: 1, 2: 1, 3: 1, 4: 1, 5: 0, 6: 1, 7: 1, 8: 1} ","PASS , {1: 1, 2: 1, 3: 1, 4: 1} ",14:04:05_17-09-25
718,685,8617,005076,"BV25362312959 , T253618173 ",FF00FFA50010600D1FD0761C0106389901508C85000100C800300001000DDBCD0301839A8245009C0A10,PASS,"PASS, {1: 1, 2: 1, 3: 1, 4: 1, 5: 1, 6: 1, 7: 1, 8: 1, 9: 1, 10: 1, 11: 1}","PASS, {1: 1, 2: 1, 3: 1, 4: 1, 5: 1, 6: 1, 7: 1, 8: 1, 9: 1, 10: 1}","PASS , {1: 1, 2: 1, 3: 1, 4: 1, 5: 1, 6: 1, 7: 1, 8: 1} ","PASS , {1: 1, 2: 1, 3: 1, 4: 1} ",14:10:39_17-09-25
719,686,8617,005076,"BV25362312927 , T253619078 ",FF00FFA50010600D1FD0761C0106389901508C85000100C800300001000DDBCD0301839A8245009C0A10,PASS,"PASS, {1: 1, 2: 1, 3: 1, 4: 1, 5: 1, 6: 1, 7: 1, 8: 1, 9: 1, 10: 1, 11: 1}","PASS, {1: 1, 2: 1, 3: 1, 4: 1, 5: 1, 6: 1, 7: 1, 8: 1, 9: 1, 10: 1}","PASS , {1: 1, 2: 1, 3: 1, 4: 1, 5: 1, 6: 1, 7: 1, 8: 1} ","PASS , {1: 1, 2: 1, 3: 1, 4: 1} ",14:11:56_17-09-25
720,687,8617,005076,"BV25362312961 , T253618166 ",FF00FFA50010600D1FD0761C0106389901508C85000100C800300001000DDBCD0301839A8245009C0A10,PASS,"PASS, {1: 1, 2: 1, 3: 1, 4: 1, 5: 1, 6: 1, 7: 1, 8: 1, 9: 1, 10: 1, 11: 1}","PASS, {1: 1, 2: 1, 3: 1, 4: 1, 5: 1, 6: 1, 7: 1, 8: 1, 9: 1, 10: 1}","PASS , {1: 1, 2: 1, 3: 1, 4: 1, 5: 1, 6: 1, 7: 1, 8: 1} ","PASS , {1: 1, 2: 1, 3: 1, 4: 1} ",14:13:10_17-09-25
721,688,8617,005076,"BV25362312960 , T253618167 ",FF00FFA50010600D1FD0761C0106389901508C85000100C800300001000DDBCD0301839A8245009C0A10,PASS,"PASS, {1: 1, 2: 1, 3: 1, 4: 1, 5: 1, 6: 1, 7: 1, 8: 1, 9: 1, 10: 1, 11: 1}","PASS, {1: 1, 2: 1, 3: 1, 4: 1, 5: 1, 6: 1, 7: 1, 8: 1, 9: 1, 10: 1}","PASS , {1: 1, 2: 1, 3: 1, 4: 1, 5: 1, 6: 1, 7: 1, 8: 1} ","PASS , {1: 1, 2: 1, 3: 1, 4: 1} ",14:14:38_17-09-25
722,689,8617,005076,"BV25362312945 , T253618453 ",FF00FFA50010600D1FD0761C0106389901508C85000100C800300001000DDBCD0301839A8245009C0A10,PASS,"PASS, {1: 1, 2: 1, 3: 1, 4: 1, 5: 1, 6: 1, 7: 1, 8: 1, 9: 1, 10: 1, 11: 1}","PASS, {1: 1, 2: 1, 3: 1, 4: 1, 5: 1, 6: 1, 7: 1, 8: 1, 9: 1, 10: 1}","PASS , {1: 1, 2: 1, 3: 1, 4: 1, 5: 1, 6: 1, 7: 1, 8: 1} ","PASS , {1: 1, 2: 1, 3: 1, 4: 1} ",14:15:56_17-09-25
723,690,8617,005076,"BV25362313171 , T253617593 ",FF00FFA50010600D1FD0761C0106389901508C85000100C800300001000DDBCD0301839A8245009C0A10,PASS,"PASS, {1: 1, 2: 1, 3: 1, 4: 1, 5: 1, 6: 1, 7: 1, 8: 1, 9: 1, 10: 1, 11: 1}","PASS, {1: 1, 2: 1, 3: 1, 4: 1, 5: 1, 6: 1, 7: 1, 8: 1, 9: 1, 10: 1}","PASS , {1: 1, 2: 1, 3: 1, 4: 1, 5: 1, 6: 1, 7: 1, 8: 1} ","PASS , {1: 1, 2: 1, 3: 1, 4: 1} ",14:17:11_17-09-25
724,691,8617,005076,"BV25362312946 , T253618590 ",FF00FFA50010600D1FD0761C0106389901508C85000100C800300001000DDBCD0301839A8245009C0A10,PASS,"PASS, {1: 1, 2: 1, 3: 1, 4: 1, 5: 1, 6: 1, 7: 1, 8: 1, 9: 1, 10: 1, 11: 1}","PASS, {1: 1, 2: 1, 3: 1, 4: 1, 5: 1, 6: 1, 7: 1, 8: 1, 9: 1, 10: 1}","PASS , {1: 1, 2: 1, 3: 1, 4: 1, 5: 1, 6: 1, 7: 1, 8: 1} ","PASS , {1: 1, 2: 1, 3: 1, 4: 1} ",14:18:28_17-09-25
725,692,8617,005076,"BV25362312822 , T253612718 ",FF00FFA50010600D1FD0761C0106389901508C85000100C800300001000DDBCD0301839A8245009C0A10,PASS,"PASS, {1: 1, 2: 1, 3: 1, 4: 1, 5: 1, 6: 1, 7: 1, 8: 1, 9: 1, 10: 1, 11: 1}","PASS, {1: 1, 2: 1, 3: 1, 4: 1, 5: 1, 6: 1, 7: 1, 8: 1, 9: 1, 10: 1}","PASS , {1: 1, 2: 1, 3: 1, 4: 1, 5: 1, 6: 1, 7: 1, 8: 1} ","PASS , {1: 1, 2: 1, 3: 1, 4: 1} ",14:19:45_17-09-25
726,693,8617,005076,"BV25362312944 , T253618457 ",FF00FFA50010600D1FD0761C0106389901508C85000100C800300001000DDBCD0301839A8245009C0A10,PASS,"PASS, {1: 1, 2: 1, 3: 1, 4: 1, 5: 1, 6: 1, 7: 1, 8: 1, 9: 1, 10: 1, 11: 1}","PASS, {1: 1, 2: 1, 3: 1, 4: 1, 5: 1, 6: 1, 7: 1, 8: 1, 9: 1, 10: 1}","PASS , {1: 1, 2: 1, 3: 1, 4: 1, 5: 1, 6: 1, 7: 1, 8: 1} ","PASS , {1: 1, 2: 1, 3: 1, 4: 1} ",14:21:01_17-09-25
727,694,8617,005076,"BV25362313175 , T253617437 ",FF00FFA50010600D1FD0761C0106389901508C85000100C800300001000DDBCD0301839A8245009C0A10,PASS,"PASS, {1: 1, 2: 1, 3: 1, 4: 1, 5: 1, 6: 1, 7: 1, 8: 1, 9: 1, 10: 1, 11: 1}","PASS, {1: 1, 2: 1, 3: 1, 4: 1, 5: 1, 6: 1, 7: 1, 8: 1, 9: 1, 10: 1}","PASS , {1: 1, 2: 1, 3: 1, 4: 1, 5: 1, 6: 1, 7: 1, 8: 1} ","PASS , {1: 1, 2: 1, 3: 1, 4: 1} ",14:22:30_17-09-25
728,695,8617,005076,"BV25362312820 , T253612690 ",FF00FFA50010600D1FD0761C0106389901508C85000100C800300001000DDBCD0301839A8245009C0A10,PASS,"PASS, {1: 1, 2: 1, 3: 1, 4: 1, 5: 1, 6: 1, 7: 1, 8: 1, 9: 1, 10: 1, 11: 1}","PASS, {1: 1, 2: 1, 3: 1, 4: 1, 5: 1, 6: 1, 7: 1, 8: 1, 9: 1, 10: 1}","PASS , {1: 1, 2: 1, 3: 1, 4: 1, 5: 1, 6: 1, 7: 1, 8: 1} ","PASS , {1: 1, 2: 1, 3: 1, 4: 1} ",14:23:47_17-09-25
729,696,8617,005076,"BV25362312821 , T253612705 ",FF00FFA50010600D1FD0761C0106389901508C85000100C800300001000DDBCD0301839A8245009C0A10,PASS,"PASS, {1: 1, 2: 1, 3: 1, 4: 1, 5: 1, 6: 1, 7: 1, 8: 1, 9: 1, 10: 1, 11: 1}","PASS, {1: 1, 2: 1, 3: 1, 4: 1, 5: 1, 6: 1, 7: 1, 8: 1, 9: 1, 10: 1}","PASS , {1: 1, 2: 1, 3: 1, 4: 1, 5: 1, 6: 1, 7: 1, 8: 1} ","PASS , {1: 1, 2: 1, 3: 1, 4: 1} ",14:25:03_17-09-25
730,697,8617,005076,"BV25362312818 , T253612719 ",FF00FFA50010600D1FD0761C0106389901508C85000100C800300001000DDBCD0301839A8245009C0A10,PASS,"PASS, {1: 1, 2: 1, 3: 1, 4: 1, 5: 1, 6: 1, 7: 1, 8: 1, 9: 1, 10: 1, 11: 1}","PASS, {1: 1, 2: 1, 3: 1, 4: 1, 5: 1, 6: 1, 7: 1, 8: 1, 9: 1, 10: 1}","PASS , {1: 1, 2: 1, 3: 1, 4: 1, 5: 1, 6: 1, 7: 1, 8: 1} ","PASS , {1: 1, 2: 1, 3: 1, 4: 1} ",14:26:17_17-09-25
731,698,8617,005076,"BV25362312819 , T253612686 ",FF00FFA50010600D1FD0761C0106389901508C85000100C800300001000DDBCD0301839A8245009C0A10,PASS,"PASS, {1: 1, 2: 1, 3: 1, 4: 1, 5: 1, 6: 1, 7: 1, 8: 1, 9: 1, 10: 1, 11: 1}","PASS, {1: 1, 2: 1, 3: 1, 4: 1, 5: 1, 6: 1, 7: 1, 8: 1, 9: 1, 10: 1}","PASS , {1: 1, 2: 1, 3: 1, 4: 1, 5: 1, 6: 1, 7: 1, 8: 1} ","PASS , {1: 1, 2: 1, 3: 1, 4: 1} ",14:27:34_17-09-25
732,699,8617,005076,"BV25362312817 , T253612682 ",FF00FFA50010600D1FD0761C0106389901508C85000100C800300001000DDBCD0301839A8245009C0A10,PASS,"PASS, {1: 1, 2: 1, 3: 1, 4: 1, 5: 1, 6: 1, 7: 1, 8: 1, 9: 1, 10: 1, 11: 1}","PASS, {1: 1, 2: 1, 3: 1, 4: 1, 5: 1, 6: 1, 7: 1, 8: 1, 9: 1, 10: 1}","PASS , {1: 1, 2: 1, 3: 1, 4: 1, 5: 1, 6: 1, 7: 1, 8: 1} ","PASS , {1: 1, 2: 1, 3: 1, 4: 1} ",14:28:50_17-09-25
733,700,8617,005076,"BV25362312816 , T253612764 ",FF00FFA50010600D1FD0761C0106389901508C85000100C800300001000DDBCD0301839A8245009C0A10,PASS,"PASS, {1: 1, 2: 1, 3: 1, 4: 1, 5: 1, 6: 1, 7: 1, 8: 1, 9: 1, 10: 1, 11: 1}","PASS, {1: 1, 2: 1, 3: 1, 4: 1, 5: 1, 6: 1, 7: 1, 8: 1, 9: 1, 10: 1}","PASS , {1: 1, 2: 1, 3: 1, 4: 1, 5: 1, 6: 1, 7: 1, 8: 1} ","PASS , {1: 1, 2: 1, 3: 1, 4: 1} ",14:30:06_17-09-25
734,701,8617,005076,"BV25362313176 , T253617436 ",FF00FFA50010600D1FD0761C0106389901508C85000100C800300001000DDBCD0301839A8245009C0A10,PASS,"PASS, {1: 1, 2: 1, 3: 1, 4: 1, 5: 1, 6: 1, 7: 1, 8: 1, 9: 1, 10: 1, 11: 1}","PASS, {1: 1, 2: 1, 3: 1, 4: 1, 5: 1, 6: 1, 7: 1, 8: 1, 9: 1, 10: 1}","PASS , {1: 1, 2: 1, 3: 1, 4: 1, 5: 1, 6: 1, 7: 1, 8: 1} ","PASS , {1: 1, 2: 1, 3: 1, 4: 1} ",14:31:22_17-09-25
735,702,8617,005076,"BV25362313177 , T253613354 ",FF00FFA50010600D1FD0761C0106389901508C85000100C800300001000DDBCD0301839A8245009C0A10,PASS,"PASS, {1: 1, 2: 1, 3: 1, 4: 1, 5: 1, 6: 1, 7: 1, 8: 1, 9: 1, 10: 1, 11: 1}","PASS, {1: 1, 2: 1, 3: 1, 4: 1, 5: 1, 6: 1, 7: 1, 8: 1, 9: 1, 10: 1}","PASS , {1: 1, 2: 1, 3: 1, 4: 1, 5: 1, 6: 1, 7: 1, 8: 1} ","PASS , {1: 1, 2: 1, 3: 1, 4: 1} ",14:32:35_17-09-25
736,703,8617,005076,"BV25362313170 , T253617603 ",FF00FFA50010600D1FD0761C0106389901508C85000100C800300001000DDBCD0301839A8245009C0A10,PASS,"PASS, {1: 1, 2: 1, 3: 1, 4: 1, 5: 1, 6: 1, 7: 1, 8: 1, 9: 1, 10: 1, 11: 1}","PASS, {1: 1, 2: 1, 3: 1, 4: 1, 5: 1, 6: 1, 7: 1, 8: 1, 9: 1, 10: 1}","PASS , {1: 1, 2: 1, 3: 1, 4: 1, 5: 1, 6: 1, 7: 1, 8: 1} ","PASS , {1: 1, 2: 1, 3: 1, 4: 1} ",14:33:48_17-09-25
737,704,8617,005076,"BV25362313169 , T253617594 ",FF00FFA50010600D1FD0761C0106389901508C85000100C800300001000DDBCD0301839A8245009C0A10,PASS,"PASS, {1: 1, 2: 1, 3: 1, 4: 1, 5: 1, 6: 1, 7: 1, 8: 1, 9: 1, 10: 1, 11: 1}","PASS, {1: 1, 2: 1, 3: 1, 4: 1, 5: 1, 6: 1, 7: 1, 8: 1, 9: 1, 10: 1}","PASS , {1: 1, 2: 1, 3: 1, 4: 1, 5: 1, 6: 1, 7: 1, 8: 1} ","PASS , {1: 1, 2: 1, 3: 1, 4: 1} ",14:35:01_17-09-25
738,705,8617,005076,"BV25362313168 , T253617604 ",FF00FFA50010600D1FD0761C0106389901508C85000100C800300001000DDBCD0301839A8245009C0A10,PASS,"PASS, {1: 1, 2: 1, 3: 1, 4: 1, 5: 1, 6: 1, 7: 1, 8: 1, 9: 1, 10: 1, 11: 1}","PASS, {1: 1, 2: 1, 3: 1, 4: 1, 5: 1, 6: 1, 7: 1, 8: 1, 9: 1, 10: 1}","PASS , {1: 1, 2: 1, 3: 1, 4: 1, 5: 1, 6: 1, 7: 1, 8: 1} ","PASS , {1: 1, 2: 1, 3: 1, 4: 1} ",14:36:13_17-09-25
739,706,8617,005076,"BV25362313167 , T253617597 ",FF00FFA50010600D1FD0761C0106389901508C85000100C800300001000DDBCD0301839A8245009C0A10,PASS,"PASS, {1: 1, 2: 1, 3: 1, 4: 1, 5: 1, 6: 1, 7: 1, 8: 1, 9: 1, 10: 1, 11: 1}","PASS, {1: 1, 2: 1, 3: 1, 4: 1, 5: 1, 6: 1, 7: 1, 8: 1, 9: 1, 10: 1}","PASS , {1: 1, 2: 1, 3: 1, 4: 1, 5: 1, 6: 1, 7: 1, 8: 1} ","PASS , {1: 1, 2: 1, 3: 1, 4: 1} ",14:37:25_17-09-25
740,707,8617,005076,"BV25362313167 , T253617597 ",FF00FFA50010600D1FD0761C0106389901508C85000100C800300001000DDBCD0301839A8245009C0A10,PASS,"PASS, {1: 1, 2: 1, 3: 1, 4: 1, 5: 1, 6: 1, 7: 1, 8: 1, 9: 1, 10: 1, 11: 1}","PASS, {1: 1, 2: 1, 3: 1, 4: 1, 5: 1, 6: 1, 7: 1, 8: 1, 9: 1, 10: 1}","PASS , {1: 1, 2: 1, 3: 1, 4: 1, 5: 1, 6: 1, 7: 1, 8: 1} ","PASS , {1: 1, 2: 1, 3: 1, 4: 1} ",14:38:49_17-09-25
741,708,8617,005076,"BV25362313166 , T253617595 ",FF00FFA50010600D1FD0761C0106389901508C85000100C800300001000DDBCD0301839A8245009C0A10,PASS,"PASS, {1: 1, 2: 1, 3: 1, 4: 1, 5: 1, 6: 1, 7: 1, 8: 1, 9: 1, 10: 1, 11: 1}","PASS, {1: 1, 2: 1, 3: 1, 4: 1, 5: 1, 6: 1, 7: 1, 8: 1, 9: 1, 10: 1}","PASS , {1: 1, 2: 1, 3: 1, 4: 1, 5: 1, 6: 1, 7: 1, 8: 1} ","PASS , {1: 1, 2: 1, 3: 1, 4: 1} ",14:40:04_17-09-25
742,709,8617,005076,"BV25362313165 , T253617426 ",FF00FFA50010600D1FD0761C0106389901508C85000100C800300001000DDBCD0301839A8245009C0A10,PASS,"PASS, {1: 1, 2: 1, 3: 1, 4: 1, 5: 1, 6: 1, 7: 1, 8: 1, 9: 1, 10: 1, 11: 1}","PASS, {1: 1, 2: 1, 3: 1, 4: 1, 5: 1, 6: 1, 7: 1, 8: 1, 9: 1, 10: 1}","PASS , {1: 1, 2: 1, 3: 1, 4: 1, 5: 1, 6: 1, 7: 1, 8: 1} ","PASS , {1: 1, 2: 1, 3: 1, 4: 1} ",14:41:16_17-09-25
743,710,8617,005076,"BV25362313164 , T253617442 ",FF00FFA50010600D1FD0761C0106389901508C85000100C800300001000DDBCD0301839A8245009C0A10,PASS,"PASS, {1: 1, 2: 1, 3: 1, 4: 1, 5: 1, 6: 1, 7: 1, 8: 1, 9: 1, 10: 1, 11: 1}","PASS, {1: 1, 2: 1, 3: 1, 4: 1, 5: 1, 6: 1, 7: 1, 8: 1, 9: 1, 10: 1}","PASS , {1: 1, 2: 1, 3: 1, 4: 1, 5: 1, 6: 1, 7: 1, 8: 1} ","PASS , {1: 1, 2: 1, 3: 1, 4: 1} ",14:42:29_17-09-25
744,711,8617,005076,"BV25362313163 , T253617443 ",FF00FFA50010600D1FD0761C0106389901508C85000100C800300001000DDBCD0301839A8245009C0A10,PASS,"PASS, {1: 1, 2: 1, 3: 1, 4: 1, 5: 1, 6: 1, 7: 1, 8: 1, 9: 1, 10: 1, 11: 1}","PASS, {1: 1, 2: 1, 3: 1, 4: 1, 5: 1, 6: 1, 7: 1, 8: 1, 9: 1, 10: 1}","PASS , {1: 1, 2: 1, 3: 1, 4: 1, 5: 1, 6: 1, 7: 1, 8: 1} ","PASS , {1: 1, 2: 1, 3: 1, 4: 1} ",14:43:41_17-09-25
745,712,8617,005076,"BV25362313200 , T253619207 ",FF00FFA50010600D1FD0761C0106389901508C85000100C800300001000DDBCD0301839A8245009C0A10,PASS,"PASS, {1: 1, 2: 1, 3: 1, 4: 1, 5: 1, 6: 1, 7: 1, 8: 1, 9: 1, 10: 1, 11: 1}","PASS, {1: 1, 2: 1, 3: 1, 4: 1, 5: 1, 6: 1, 7: 1, 8: 1, 9: 1, 10: 1}","PASS , {1: 1, 2: 1, 3: 1, 4: 1, 5: 1, 6: 1, 7: 1, 8: 1} ","PASS , {1: 1, 2: 1, 3: 1, 4: 1} ",14:44:56_17-09-25
746,713,8617,005076,"BV25362313199 , T253618980 ",FF00FFA50010600D1FD0761C0106389901508C85000100C800300001000DDBCD0301839A8245009C0A10,PASS,"PASS, {1: 1, 2: 1, 3: 1, 4: 1, 5: 1, 6: 1, 7: 1, 8: 1, 9: 1, 10: 1, 11: 1}","PASS, {1: 1, 2: 1, 3: 1, 4: 1, 5: 1, 6: 1, 7: 1, 8: 1, 9: 1, 10: 1}","PASS , {1: 1, 2: 1, 3: 1, 4: 1, 5: 1, 6: 1, 7: 1, 8: 1} ","PASS , {1: 1, 2: 1, 3: 1, 4: 1} ",14:46:09_17-09-25
747,714,8617,005076,"BV25362313162 , T253617427 ",FF00FFA50010600D1FD0761C0106389901508C85000100C800300001000DDBCD0301839A8245009C0A10,PASS,"PASS, {1: 1, 2: 1, 3: 1, 4: 1, 5: 1, 6: 1, 7: 1, 8: 1, 9: 1, 10: 1, 11: 1}","PASS, {1: 1, 2: 1, 3: 1, 4: 1, 5: 1, 6: 1, 7: 1, 8: 1, 9: 1, 10: 1}","PASS , {1: 1, 2: 1, 3: 1, 4: 1, 5: 1, 6: 1, 7: 1, 8: 1} ","PASS , {1: 1, 2: 1, 3: 1, 4: 1} ",14:47:26_17-09-25
748,715,8617,005076,"BV25362313174 , T253617441 ",FF00FFA50010600D1FD0761C0106389901508C85000100C800300001000DDBCD0301839A8245009C0A10,PASS,"PASS, {1: 1, 2: 1, 3: 1, 4: 1, 5: 1, 6: 1, 7: 1, 8: 1, 9: 1, 10: 1, 11: 1}","PASS, {1: 1, 2: 1, 3: 1, 4: 1, 5: 1, 6: 1, 7: 1, 8: 1, 9: 1, 10: 1}","PASS , {1: 1, 2: 1, 3: 1, 4: 1, 5: 1, 6: 1, 7: 1, 8: 1} ","PASS , {1: 1, 2: 1, 3: 1, 4: 1} ",14:48:44_17-09-25
749,716,8617,005076,"BV25362313173 , T253617439 ",FF00FFA50010600D1FD0761C0106389901508C85000100C800300001000DDBCD0301839A8245009C0A10,PASS,"PASS, {1: 1, 2: 1, 3: 1, 4: 1, 5: 1, 6: 1, 7: 1, 8: 1, 9: 1, 10: 1, 11: 1}","PASS, {1: 1, 2: 1, 3: 1, 4: 1, 5: 1, 6: 1, 7: 1, 8: 1, 9: 1, 10: 1}","PASS , {1: 1, 2: 1, 3: 1, 4: 1, 5: 1, 6: 1, 7: 1, 8: 1} ","PASS , {1: 1, 2: 1, 3: 1, 4: 1} ",14:49:57_17-09-25
750,717,8617,005076,"BV25362313172 , T253617601 ",FF00FFA50010600D1FD0761C0106389901508C85000100C800300001000DDBCD0301839A8245009C0A10,PASS,"PASS, {1: 1, 2: 1, 3: 1, 4: 1, 5: 1, 6: 1, 7: 1, 8: 1, 9: 1, 10: 1, 11: 1}","PASS, {1: 1, 2: 1, 3: 1, 4: 1, 5: 1, 6: 1, 7: 1, 8: 1, 9: 1, 10: 1}","PASS , {1: 1, 2: 1, 3: 1, 4: 1, 5: 1, 6: 1, 7: 1, 8: 1} ","PASS , {1: 1, 2: 1, 3: 1, 4: 1} ",14:51:12_17-09-25
751,718,8617,005076,"BV25362313203 , T253614133 ",FF00FFA50010600D1FD0761C0106389901508C85000100C800300001000DDBCD0301839A8245009C0A10,PASS,"PASS, {1: 1, 2: 1, 3: 1, 4: 1, 5: 1, 6: 1, 7: 1, 8: 1, 9: 1, 10: 1, 11: 1}","PASS, {1: 1, 2: 1, 3: 1, 4: 1, 5: 1, 6: 1, 7: 1, 8: 1, 9: 1, 10: 1}","PASS , {1: 1, 2: 1, 3: 1, 4: 1, 5: 1, 6: 1, 7: 1, 8: 1} ","PASS , {1: 1, 2: 1, 3: 1, 4: 1} ",14:52:31_17-09-25
752,719,8617,005076,"BV25362313201 , T253619205 ",FF00FFA50010600D1FD0761C0106389901508C85000100C800300001000DDBCD0301839A8245009C0A10,PASS,"PASS, {1: 1, 2: 1, 3: 1, 4: 1, 5: 1, 6: 1, 7: 1, 8: 1, 9: 1, 10: 1, 11: 1}","PASS, {1: 1, 2: 1, 3: 1, 4: 1, 5: 1, 6: 1, 7: 1, 8: 1, 9: 1, 10: 1}","PASS , {1: 1, 2: 1, 3: 1, 4: 1, 5: 1, 6: 1, 7: 1, 8: 1} ","PASS , {1: 1, 2: 1, 3: 1, 4: 1} ",14:53:44_17-09-25
753,720,8617,005076,"BV25362313204 , T253615179 ",FF00FFA50010600D1FD0761C0106389901508C85000100C800300001000DDBCD0301839A8245009C0A10,PASS,"PASS, {1: 1, 2: 1, 3: 1, 4: 1, 5: 1, 6: 1, 7: 1, 8: 1, 9: 1, 10: 1, 11: 1}","PASS, {1: 1, 2: 1, 3: 1, 4: 1, 5: 1, 6: 1, 7: 1, 8: 1, 9: 1, 10: 1}","PASS , {1: 1, 2: 1, 3: 1, 4: 1, 5: 1, 6: 1, 7: 1, 8: 1} ","PASS , {1: 1, 2: 1, 3: 1, 4: 1} ",14:54:56_17-09-25
754,720,8617,005076,"BV25362313202 , T253614857 ",FF00FFA50010600D1FD0761C0106389901508C85000100C800300001000DDBCD0301839A8245009C0A10,PASS,"PASS, {1: 1, 2: 1, 3: 1, 4: 1, 5: 1, 6: 1, 7: 1, 8: 1, 9: 1, 10: 1, 11: 1}","PASS, {1: 1, 2: 1, 3: 1, 4: 1, 5: 1, 6: 1, 7: 1, 8: 1, 9: 1, 10: 1}","PASS , {1: 1, 2: 1, 3: 1, 4: 1, 5: 1, 6: 1, 7: 1, 8: 1} ","FAIL , {1: 1, 2: 0, 3: 1, 4: 1} ",14:56:13_17-09-25
755,721,8617,005076,"BV25362313198 , T253619209 ",FF00FFA50010600D1FD0761C0106389901508C85000100C800300001000DDBCD0301839A8245009C0A10,PASS,"PASS, {1: 1, 2: 1, 3: 1, 4: 1, 5: 1, 6: 1, 7: 1, 8: 1, 9: 1, 10: 1, 11: 1}","PASS, {1: 1, 2: 1, 3: 1, 4: 1, 5: 1, 6: 1, 7: 1, 8: 1, 9: 1, 10: 1}","PASS , {1: 1, 2: 1, 3: 1, 4: 1, 5: 1, 6: 1, 7: 1, 8: 1} ","PASS , {1: 1, 2: 1, 3: 1, 4: 1} ",14:57:25_17-09-25
756,721,8617,005076,"BV25362313197 , T253619218 ",FF00FFA50010600D1FD0761C0106389901508C85000100C800300001000DDBCD0301839A8245009C0A10,PASS,"PASS, {1: 1, 2: 1, 3: 1, 4: 1, 5: 1, 6: 1, 7: 1, 8: 1, 9: 1, 10: 1, 11: 1}","PASS, {1: 1, 2: 1, 3: 1, 4: 1, 5: 1, 6: 1, 7: 1, 8: 1, 9: 1, 10: 1}","FAIL , {1: 0, 2: 1, 3: 1, 4: 1, 5: 1, 6: 1, 7: 1, 8: 1} ","PASS , {1: 1, 2: 1, 3: 1, 4: 1} ",14:58:42_17-09-25
757,722,8617,005076,"BV25362313188 , T253619222 ",FF00FFA50010600D1FD0761C0106389901508C85000100C800300001000DDBCD0301839A8245009C0A10,PASS,"PASS, {1: 1, 2: 1, 3: 1, 4: 1, 5: 1, 6: 1, 7: 1, 8: 1, 9: 1, 10: 1, 11: 1}","PASS, {1: 1, 2: 1, 3: 1, 4: 1, 5: 1, 6: 1, 7: 1, 8: 1, 9: 1, 10: 1}","PASS , {1: 1, 2: 1, 3: 1, 4: 1, 5: 1, 6: 1, 7: 1, 8: 1} ","PASS , {1: 1, 2: 1, 3: 1, 4: 1} ",14:59:55_17-09-25
758,723,8617,005076,"BV25362313205 , T253615084 ",FF00FFA50010600D1FD0761C0106389901508C85000100C800300001000DDBCD0301839A8245009C0A10,PASS,"PASS, {1: 1, 2: 1, 3: 1, 4: 1, 5: 1, 6: 1, 7: 1, 8: 1, 9: 1, 10: 1, 11: 1}","PASS, {1: 1, 2: 1, 3: 1, 4: 1, 5: 1, 6: 1, 7: 1, 8: 1, 9: 1, 10: 1}","PASS , {1: 1, 2: 1, 3: 1, 4: 1, 5: 1, 6: 1, 7: 1, 8: 1} ","PASS , {1: 1, 2: 1, 3: 1, 4: 1} ",15:01:07_17-09-25
759,724,8617,005076,"BV25362313181 , T253617197 ",FF00FFA50010600D1FD0761C0106389901508C85000100C800300001000DDBCD0301839A8245009C0A10,PASS,"PASS, {1: 1, 2: 1, 3: 1, 4: 1, 5: 1, 6: 1, 7: 1, 8: 1, 9: 1, 10: 1, 11: 1}","PASS, {1: 1, 2: 1, 3: 1, 4: 1, 5: 1, 6: 1, 7: 1, 8: 1, 9: 1, 10: 1}","PASS , {1: 1, 2: 1, 3: 1, 4: 1, 5: 1, 6: 1, 7: 1, 8: 1} ","PASS , {1: 1, 2: 1, 3: 1, 4: 1} ",15:02:20_17-09-25
760,725,8617,005076,"BV25362313179 , T253617596 ",FF00FFA50010600D1FD0761C0106389901508C85000100C800300001000DDBCD0301839A8245009C0A10,PASS,"PASS, {1: 1, 2: 1, 3: 1, 4: 1, 5: 1, 6: 1, 7: 1, 8: 1, 9: 1, 10: 1, 11: 1}","PASS, {1: 1, 2: 1, 3: 1, 4: 1, 5: 1, 6: 1, 7: 1, 8: 1, 9: 1, 10: 1}","PASS , {1: 1, 2: 1, 3: 1, 4: 1, 5: 1, 6: 1, 7: 1, 8: 1} ","PASS , {1: 1, 2: 1, 3: 1, 4: 1} ",15:03:33_17-09-25
761,726,8617,005076,"BV25362313180 , T253617598 ",FF00FFA50010600D1FD0761C0106389901508C85000100C800300001000DDBCD0301839A8245009C0A10,PASS,"PASS, {1: 1, 2: 1, 3: 1, 4: 1, 5: 1, 6: 1, 7: 1, 8: 1, 9: 1, 10: 1, 11: 1}","PASS, {1: 1, 2: 1, 3: 1, 4: 1, 5: 1, 6: 1, 7: 1, 8: 1, 9: 1, 10: 1}","PASS , {1: 1, 2: 1, 3: 1, 4: 1, 5: 1, 6: 1, 7: 1, 8: 1} ","PASS , {1: 1, 2: 1, 3: 1, 4: 1} ",15:04:50_17-09-25
762,727,8617,005076,"BV25362313183 , T253617429 ",FF00FFA50010600D1FD0761C0106389901508C85000100C800300001000DDBCD0301839A8245009C0A10,PASS,"PASS, {1: 1, 2: 1, 3: 1, 4: 1, 5: 1, 6: 1, 7: 1, 8: 1, 9: 1, 10: 1, 11: 1}","PASS, {1: 1, 2: 1, 3: 1, 4: 1, 5: 1, 6: 1, 7: 1, 8: 1, 9: 1, 10: 1}","PASS , {1: 1, 2: 1, 3: 1, 4: 1, 5: 1, 6: 1, 7: 1, 8: 1} ","PASS , {1: 1, 2: 1, 3: 1, 4: 1} ",15:06:04_17-09-25
763,728,8617,005076,"BV25362313184 , T253617447 ",FF00FFA50010600D1FD0761C0106389901508C85000100C800300001000DDBCD0301839A8245009C0A10,PASS,"PASS, {1: 1, 2: 1, 3: 1, 4: 1, 5: 1, 6: 1, 7: 1, 8: 1, 9: 1, 10: 1, 11: 1}","PASS, {1: 1, 2: 1, 3: 1, 4: 1, 5: 1, 6: 1, 7: 1, 8: 1, 9: 1, 10: 1}","PASS , {1: 1, 2: 1, 3: 1, 4: 1, 5: 1, 6: 1, 7: 1, 8: 1} ","PASS , {1: 1, 2: 1, 3: 1, 4: 1} ",15:07:16_17-09-25
764,729,8617,005076,"BV25362313209 , T253614136 ",FF00FFA50010600D1FD0761C0106389901508C85000100C800300001000DDBCD0301839A8245009C0A10,PASS,"PASS, {1: 1, 2: 1, 3: 1, 4: 1, 5: 1, 6: 1, 7: 1, 8: 1, 9: 1, 10: 1, 11: 1}","PASS, {1: 1, 2: 1, 3: 1, 4: 1, 5: 1, 6: 1, 7: 1, 8: 1, 9: 1, 10: 1}","PASS , {1: 1, 2: 1, 3: 1, 4: 1, 5: 1, 6: 1, 7: 1, 8: 1} ","PASS , {1: 1, 2: 1, 3: 1, 4: 1} ",15:08:28_17-09-25
765,730,8617,005076,"BV25362313210 , T253617204 ",FF00FFA50010600D1FD0761C0106389901508C85000100C800300001000DDBCD0301839A8245009C0A10,PASS,"PASS, {1: 1, 2: 1, 3: 1, 4: 1, 5: 1, 6: 1, 7: 1, 8: 1, 9: 1, 10: 1, 11: 1}","PASS, {1: 1, 2: 1, 3: 1, 4: 1, 5: 1, 6: 1, 7: 1, 8: 1, 9: 1, 10: 1}","PASS , {1: 1, 2: 1, 3: 1, 4: 1, 5: 1, 6: 1, 7: 1, 8: 1} ","PASS , {1: 1, 2: 1, 3: 1, 4: 1} ",15:09:42_17-09-25
766,731,8617,005076,"BV25362313212 , T253612908 ",FF00FFA50010600D1FD0761C0106389901508C85000100C800300001000DDBCD0301839A8245009C0A10,PASS,"PASS, {1: 1, 2: 1, 3: 1, 4: 1, 5: 1, 6: 1, 7: 1, 8: 1, 9: 1, 10: 1, 11: 1}","PASS, {1: 1, 2: 1, 3: 1, 4: 1, 5: 1, 6: 1, 7: 1, 8: 1, 9: 1, 10: 1}","PASS , {1: 1, 2: 1, 3: 1, 4: 1, 5: 1, 6: 1, 7: 1, 8: 1} ","PASS , {1: 1, 2: 1, 3: 1, 4: 1} ",15:10:54_17-09-25
767,732,8617,005076,"BV25362313211 , T253612907 ",FF00FFA50010600D1FD0761C0106389901508C85000100C800300001000DDBCD0301839A8245009C0A10,PASS,"PASS, {1: 1, 2: 1, 3: 1, 4: 1, 5: 1, 6: 1, 7: 1, 8: 1, 9: 1, 10: 1, 11: 1}","PASS, {1: 1, 2: 1, 3: 1, 4: 1, 5: 1, 6: 1, 7: 1, 8: 1, 9: 1, 10: 1}","PASS , {1: 1, 2: 1, 3: 1, 4: 1, 5: 1, 6: 1, 7: 1, 8: 1} ","PASS , {1: 1, 2: 1, 3: 1, 4: 1} ",15:12:09_17-09-25
768,733,8617,005076,"BV25362313214 , T253614041 ",FF00FFA50010600D1FD0761C0106389901508C85000100C800300001000DDBCD0301839A8245009C0A10,PASS,"PASS, {1: 1, 2: 1, 3: 1, 4: 1, 5: 1, 6: 1, 7: 1, 8: 1, 9: 1, 10: 1, 11: 1}","PASS, {1: 1, 2: 1, 3: 1, 4: 1, 5: 1, 6: 1, 7: 1, 8: 1, 9: 1, 10: 1}","PASS , {1: 1, 2: 1, 3: 1, 4: 1, 5: 1, 6: 1, 7: 1, 8: 1} ","PASS , {1: 1, 2: 1, 3: 1, 4: 1} ",15:13:21_17-09-25
769,734,8617,005076,"BV25362313219 , T253615875 ",FF00FFA50010600D1FD0761C0106389901508C85000100C800300001000DDBCD0301839A8245009C0A10,PASS,"PASS, {1: 1, 2: 1, 3: 1, 4: 1, 5: 1, 6: 1, 7: 1, 8: 1, 9: 1, 10: 1, 11: 1}","PASS, {1: 1, 2: 1, 3: 1, 4: 1, 5: 1, 6: 1, 7: 1, 8: 1, 9: 1, 10: 1}","PASS , {1: 1, 2: 1, 3: 1, 4: 1, 5: 1, 6: 1, 7: 1, 8: 1} ","PASS , {1: 1, 2: 1, 3: 1, 4: 1} ",15:14:32_17-09-25
770,735,8617,005076,"BV25362313215 , T253615178 ",FF00FFA50010600D1FD0761C0106389901508C85000100C800300001000DDBCD0301839A8245009C0A10,PASS,"PASS, {1: 1, 2: 1, 3: 1, 4: 1, 5: 1, 6: 1, 7: 1, 8: 1, 9: 1, 10: 1, 11: 1}","PASS, {1: 1, 2: 1, 3: 1, 4: 1, 5: 1, 6: 1, 7: 1, 8: 1, 9: 1, 10: 1}","PASS , {1: 1, 2: 1, 3: 1, 4: 1, 5: 1, 6: 1, 7: 1, 8: 1} ","PASS , {1: 1, 2: 1, 3: 1, 4: 1} ",15:15:46_17-09-25
771,735,8617,005076,"BV25362313221 , T253615181 ",FF00FFA50010600D1FD0761C0106389901508C85000100C800300001000DDBCD0301839A8245009C0A10,PASS,"PASS, {1: 1, 2: 1, 3: 1, 4: 1, 5: 1, 6: 1, 7: 1, 8: 1, 9: 1, 10: 1, 11: 1}","PASS, {1: 1, 2: 1, 3: 1, 4: 1, 5: 1, 6: 1, 7: 1, 8: 1, 9: 1, 10: 1}","PASS , {1: 1, 2: 1, 3: 1, 4: 1, 5: 1, 6: 1, 7: 1, 8: 1} ","FAIL , {1: 1, 2: 0, 3: 1, 4: 1} ",15:17:03_17-09-25
772,736,8617,005076,"BV25362313223 , T253614132 ",FF00FFA50010600D1FD0761C0106389901508C85000100C800300001000DDBCD0301839A8245009C0A10,PASS,"PASS, {1: 1, 2: 1, 3: 1, 4: 1, 5: 1, 6: 1, 7: 1, 8: 1, 9: 1, 10: 1, 11: 1}","PASS, {1: 1, 2: 1, 3: 1, 4: 1, 5: 1, 6: 1, 7: 1, 8: 1, 9: 1, 10: 1}","PASS , {1: 1, 2: 1, 3: 1, 4: 1, 5: 1, 6: 1, 7: 1, 8: 1} ","PASS , {1: 1, 2: 1, 3: 1, 4: 1} ",15:18:14_17-09-25
773,737,8617,005076,"BV25362313222 , T253614043 ",FF00FFA50010600D1FD0761C0106389901508C85000100C800300001000DDBCD0301839A8245009C0A10,PASS,"PASS, {1: 1, 2: 1, 3: 1, 4: 1, 5: 1, 6: 1, 7: 1, 8: 1, 9: 1, 10: 1, 11: 1}","PASS, {1: 1, 2: 1, 3: 1, 4: 1, 5: 1, 6: 1, 7: 1, 8: 1, 9: 1, 10: 1}","PASS , {1: 1, 2: 1, 3: 1, 4: 1, 5: 1, 6: 1, 7: 1, 8: 1} ","PASS , {1: 1, 2: 1, 3: 1, 4: 1} ",15:19:27_17-09-25
774,738,8617,005076,"BV25362313220 , T253612910 ",FF00FFA50010600D1FD0761C0106389901508C85000100C800300001000DDBCD0301839A8245009C0A10,PASS,"PASS, {1: 1, 2: 1, 3: 1, 4: 1, 5: 1, 6: 1, 7: 1, 8: 1, 9: 1, 10: 1, 11: 1}","PASS, {1: 1, 2: 1, 3: 1, 4: 1, 5: 1, 6: 1, 7: 1, 8: 1, 9: 1, 10: 1}","PASS , {1: 1, 2: 1, 3: 1, 4: 1, 5: 1, 6: 1, 7: 1, 8: 1} ","PASS , {1: 1, 2: 1, 3: 1, 4: 1} ",15:20:40_17-09-25
775,739,8617,005076,"BV25362313213 , T253614137 ",FF00FFA50010600D1FD0761C0106389901508C85000100C800300001000DDBCD0301839A8245009C0A10,PASS,"PASS, {1: 1, 2: 1, 3: 1, 4: 1, 5: 1, 6: 1, 7: 1, 8: 1, 9: 1, 10: 1, 11: 1}","PASS, {1: 1, 2: 1, 3: 1, 4: 1, 5: 1, 6: 1, 7: 1, 8: 1, 9: 1, 10: 1}","PASS , {1: 1, 2: 1, 3: 1, 4: 1, 5: 1, 6: 1, 7: 1, 8: 1} ","PASS , {1: 1, 2: 1, 3: 1, 4: 1} ",15:21:54_17-09-25
776,740,8617,005076,"BV25362313186 , T253619220 ",FF00FFA50010600D1FD0761C0106389901508C85000100C800300001000DDBCD0301839A8245009C0A10,PASS,"PASS, {1: 1, 2: 1, 3: 1, 4: 1, 5: 1, 6: 1, 7: 1, 8: 1, 9: 1, 10: 1, 11: 1}","PASS, {1: 1, 2: 1, 3: 1, 4: 1, 5: 1, 6: 1, 7: 1, 8: 1, 9: 1, 10: 1}","PASS , {1: 1, 2: 1, 3: 1, 4: 1, 5: 1, 6: 1, 7: 1, 8: 1} ","PASS , {1: 1, 2: 1, 3: 1, 4: 1} ",15:23:09_17-09-25
777,741,8617,005076,"BV25362313225 , T253614134 ",FF00FFA50010600D1FD0761C0106389901508C85000100C800300001000DDBCD0301839A8245009C0A10,PASS,"PASS, {1: 1, 2: 1, 3: 1, 4: 1, 5: 1, 6: 1, 7: 1, 8: 1, 9: 1, 10: 1, 11: 1}","PASS, {1: 1, 2: 1, 3: 1, 4: 1, 5: 1, 6: 1, 7: 1, 8: 1, 9: 1, 10: 1}","PASS , {1: 1, 2: 1, 3: 1, 4: 1, 5: 1, 6: 1, 7: 1, 8: 1} ","PASS , {1: 1, 2: 1, 3: 1, 4: 1} ",15:24:22_17-09-25
778,742,8617,005076,"BV25362313231 , T253615086 ",FF00FFA50010600D1FD0761C0106389901508C85000100C800300001000DDBCD0301839A8245009C0A10,PASS,"PASS, {1: 1, 2: 1, 3: 1, 4: 1, 5: 1, 6: 1, 7: 1, 8: 1, 9: 1, 10: 1, 11: 1}","PASS, {1: 1, 2: 1, 3: 1, 4: 1, 5: 1, 6: 1, 7: 1, 8: 1, 9: 1, 10: 1}","PASS , {1: 1, 2: 1, 3: 1, 4: 1, 5: 1, 6: 1, 7: 1, 8: 1} ","PASS , {1: 1, 2: 1, 3: 1, 4: 1} ",15:25:34_17-09-25
779,743,8617,005076,"BV25362313233 , T253617196 ",FF00FFA50010600D1FD0761C0106389901508C85000100C800300001000DDBCD0301839A8245009C0A10,PASS,"PASS, {1: 1, 2: 1, 3: 1, 4: 1, 5: 1, 6: 1, 7: 1, 8: 1, 9: 1, 10: 1, 11: 1}","PASS, {1: 1, 2: 1, 3: 1, 4: 1, 5: 1, 6: 1, 7: 1, 8: 1, 9: 1, 10: 1}","PASS , {1: 1, 2: 1, 3: 1, 4: 1, 5: 1, 6: 1, 7: 1, 8: 1} ","PASS , {1: 1, 2: 1, 3: 1, 4: 1} ",15:27:23_17-09-25
780,744,8617,005076,"BV25362313229 , T253614039 ",FF00FFA50010600D1FD0761C0106389901508C85000100C800300001000DDBCD0301839A8245009C0A10,PASS,"PASS, {1: 1, 2: 1, 3: 1, 4: 1, 5: 1, 6: 1, 7: 1, 8: 1, 9: 1, 10: 1, 11: 1}","PASS, {1: 1, 2: 1, 3: 1, 4: 1, 5: 1, 6: 1, 7: 1, 8: 1, 9: 1, 10: 1}","PASS , {1: 1, 2: 1, 3: 1, 4: 1, 5: 1, 6: 1, 7: 1, 8: 1} ","PASS , {1: 1, 2: 1, 3: 1, 4: 1} ",15:28:52_17-09-25
781,745,8617,005076,"BV25362313224 , T253615085 ",FF00FFA50010600D1FD0761C0106389901508C85000100C800300001000DDBCD0301839A8245009C0A10,PASS,"PASS, {1: 1, 2: 1, 3: 1, 4: 1, 5: 1, 6: 1, 7: 1, 8: 1, 9: 1, 10: 1, 11: 1}","PASS, {1: 1, 2: 1, 3: 1, 4: 1, 5: 1, 6: 1, 7: 1, 8: 1, 9: 1, 10: 1}","PASS , {1: 1, 2: 1, 3: 1, 4: 1, 5: 1, 6: 1, 7: 1, 8: 1} ","PASS , {1: 1, 2: 1, 3: 1, 4: 1} ",15:30:14_17-09-25
782,746,8617,005076,"BV25362313236 , T253618635 ",FF00FFA50010600D1FD0761C0106389901508C85000100C800300001000DDBCD0301839A8245009C0A10,PASS,"PASS, {1: 1, 2: 1, 3: 1, 4: 1, 5: 1, 6: 1, 7: 1, 8: 1, 9: 1, 10: 1, 11: 1}","PASS, {1: 1, 2: 1, 3: 1, 4: 1, 5: 1, 6: 1, 7: 1, 8: 1, 9: 1, 10: 1}","PASS , {1: 1, 2: 1, 3: 1, 4: 1, 5: 1, 6: 1, 7: 1, 8: 1} ","PASS , {1: 1, 2: 1, 3: 1, 4: 1} ",15:31:44_17-09-25
783,747,8617,005076,"BV25362313243 , T253618089 ",FF00FFA50010600D1FD0761C0106389901508C85000100C800300001000DDBCD0301839A8245009C0A10,PASS,"PASS, {1: 1, 2: 1, 3: 1, 4: 1, 5: 1, 6: 1, 7: 1, 8: 1, 9: 1, 10: 1, 11: 1}","PASS, {1: 1, 2: 1, 3: 1, 4: 1, 5: 1, 6: 1, 7: 1, 8: 1, 9: 1, 10: 1}","PASS , {1: 1, 2: 1, 3: 1, 4: 1, 5: 1, 6: 1, 7: 1, 8: 1} ","PASS , {1: 1, 2: 1, 3: 1, 4: 1} ",15:33:12_17-09-25
784,748,8617,005076,"BV25362313241 , T253618088 ",FF00FFA50010600D1FD0761C0106389901508C85000100C800300001000DDBCD0301839A8245009C0A10,PASS,"PASS, {1: 1, 2: 1, 3: 1, 4: 1, 5: 1, 6: 1, 7: 1, 8: 1, 9: 1, 10: 1, 11: 1}","PASS, {1: 1, 2: 1, 3: 1, 4: 1, 5: 1, 6: 1, 7: 1, 8: 1, 9: 1, 10: 1}","PASS , {1: 1, 2: 1, 3: 1, 4: 1, 5: 1, 6: 1, 7: 1, 8: 1} ","PASS , {1: 1, 2: 1, 3: 1, 4: 1} ",15:34:46_17-09-25
785,749,8617,005076,"BV25362313247 , T253618091 ",FF00FFA50010600D1FD0761C0106389901508C85000100C800300001000DDBCD0301839A8245009C0A10,PASS,"PASS, {1: 1, 2: 1, 3: 1, 4: 1, 5: 1, 6: 1, 7: 1, 8: 1, 9: 1, 10: 1, 11: 1}","PASS, {1: 1, 2: 1, 3: 1, 4: 1, 5: 1, 6: 1, 7: 1, 8: 1, 9: 1, 10: 1}","PASS , {1: 1, 2: 1, 3: 1, 4: 1, 5: 1, 6: 1, 7: 1, 8: 1} ","PASS , {1: 1, 2: 1, 3: 1, 4: 1} ",15:36:01_17-09-25
786,750,8617,005076,"BV25362313246 , T253618087 ",FF00FFA50010600D1FD0761C0106389901508C85000100C800300001000DDBCD0301839A8245009C0A10,PASS,"PASS, {1: 1, 2: 1, 3: 1, 4: 1, 5: 1, 6: 1, 7: 1, 8: 1, 9: 1, 10: 1, 11: 1}","PASS, {1: 1, 2: 1, 3: 1, 4: 1, 5: 1, 6: 1, 7: 1, 8: 1, 9: 1, 10: 1}","PASS , {1: 1, 2: 1, 3: 1, 4: 1, 5: 1, 6: 1, 7: 1, 8: 1} ","PASS , {1: 1, 2: 1, 3: 1, 4: 1} ",15:37:13_17-09-25
787,751,8617,005076,"BV25362313248 , T253618086 ",FF00FFA50010600D1FD0761C0106389901508C85000100C800300001000DDBCD0301839A8245009C0A10,PASS,"PASS, {1: 1, 2: 1, 3: 1, 4: 1, 5: 1, 6: 1, 7: 1, 8: 1, 9: 1, 10: 1, 11: 1}","PASS, {1: 1, 2: 1, 3: 1, 4: 1, 5: 1, 6: 1, 7: 1, 8: 1, 9: 1, 10: 1}","PASS , {1: 1, 2: 1, 3: 1, 4: 1, 5: 1, 6: 1, 7: 1, 8: 1} ","PASS , {1: 1, 2: 1, 3: 1, 4: 1} ",15:38:27_17-09-25
788,751,8617,005076,"BV25362313240 , T253618668 ",FF00FFA50010600D1FD0761C0106389901508C85000100C800300001000DDBCD0301839A8245009C0A10,PASS,"PASS, {1: 1, 2: 1, 3: 1, 4: 1, 5: 1, 6: 1, 7: 1, 8: 1, 9: 1, 10: 1, 11: 1}","PASS, {1: 1, 2: 1, 3: 1, 4: 1, 5: 1, 6: 1, 7: 1, 8: 1, 9: 1, 10: 1}","FAIL , {1: 1, 2: 1, 3: 1, 4: 1, 5: 0, 6: 1, 7: 1, 8: 1} ","PASS , {1: 1, 2: 1, 3: 1, 4: 1} ",15:39:43_17-09-25
789,752,8617,005076,"BV25362313227 , T253615876 ",FF00FFA50010600D1FD0761C0106389901508C85000100C800300001000DDBCD0301839A8245009C0A10,PASS,"PASS, {1: 1, 2: 1, 3: 1, 4: 1, 5: 1, 6: 1, 7: 1, 8: 1, 9: 1, 10: 1, 11: 1}","PASS, {1: 1, 2: 1, 3: 1, 4: 1, 5: 1, 6: 1, 7: 1, 8: 1, 9: 1, 10: 1}","PASS , {1: 1, 2: 1, 3: 1, 4: 1, 5: 1, 6: 1, 7: 1, 8: 1} ","PASS , {1: 1, 2: 1, 3: 1, 4: 1} ",15:40:56_17-09-25
790,753,8617,005076,"BV25362313253 , T253614252 ",FF00FFA50010600D1FD0761C0106389901508C85000100C800300001000DDBCD0301839A8245009C0A10,PASS,"PASS, {1: 1, 2: 1, 3: 1, 4: 1, 5: 1, 6: 1, 7: 1, 8: 1, 9: 1, 10: 1, 11: 1}","PASS, {1: 1, 2: 1, 3: 1, 4: 1, 5: 1, 6: 1, 7: 1, 8: 1, 9: 1, 10: 1}","PASS , {1: 1, 2: 1, 3: 1, 4: 1, 5: 1, 6: 1, 7: 1, 8: 1} ","PASS , {1: 1, 2: 1, 3: 1, 4: 1} ",15:42:09_17-09-25
791,754,8617,005076,"BV25362313130 , T253618738 ",FF00FFA50010600D1FD0761C0106389901508C85000100C800300001000DDBCD0301839A8245009C0A10,PASS,"PASS, {1: 1, 2: 1, 3: 1, 4: 1, 5: 1, 6: 1, 7: 1, 8: 1, 9: 1, 10: 1, 11: 1}","PASS, {1: 1, 2: 1, 3: 1, 4: 1, 5: 1, 6: 1, 7: 1, 8: 1, 9: 1, 10: 1}","PASS , {1: 1, 2: 1, 3: 1, 4: 1, 5: 1, 6: 1, 7: 1, 8: 1} ","PASS , {1: 1, 2: 1, 3: 1, 4: 1} ",15:43:22_17-09-25
792,755,8617,005076,"BV25362313197 , T253619218 ",FF00FFA50010600D1FD0761C0106389901508C85000100C800300001000DDBCD0301839A8245009C0A10,PASS,"PASS, {1: 1, 2: 1, 3: 1, 4: 1, 5: 1, 6: 1, 7: 1, 8: 1, 9: 1, 10: 1, 11: 1}","PASS, {1: 1, 2: 1, 3: 1, 4: 1, 5: 1, 6: 1, 7: 1, 8: 1, 9: 1, 10: 1}","PASS , {1: 1, 2: 1, 3: 1, 4: 1, 5: 1, 6: 1, 7: 1, 8: 1} ","PASS , {1: 1, 2: 1, 3: 1, 4: 1} ",15:44:38_17-09-25
793,756,8617,005076,"BV25362313252 , T253618082 ",FF00FFA50010600D1FD0761C0106389901508C85000100C800300001000DDBCD0301839A8245009C0A10,PASS,"PASS, {1: 1, 2: 1, 3: 1, 4: 1, 5: 1, 6: 1, 7: 1, 8: 1, 9: 1, 10: 1, 11: 1}","PASS, {1: 1, 2: 1, 3: 1, 4: 1, 5: 1, 6: 1, 7: 1, 8: 1, 9: 1, 10: 1}","PASS , {1: 1, 2: 1, 3: 1, 4: 1, 5: 1, 6: 1, 7: 1, 8: 1} ","PASS , {1: 1, 2: 1, 3: 1, 4: 1} ",15:45:50_17-09-25
794,757,8617,005076,"BV25362313251 , T253618085 ",FF00FFA50010600D1FD0761C0106389901508C85000100C800300001000DDBCD0301839A8245009C0A10,PASS,"PASS, {1: 1, 2: 1, 3: 1, 4: 1, 5: 1, 6: 1, 7: 1, 8: 1, 9: 1, 10: 1, 11: 1}","PASS, {1: 1, 2: 1, 3: 1, 4: 1, 5: 1, 6: 1, 7: 1, 8: 1, 9: 1, 10: 1}","PASS , {1: 1, 2: 1, 3: 1, 4: 1, 5: 1, 6: 1, 7: 1, 8: 1} ","PASS , {1: 1, 2: 1, 3: 1, 4: 1} ",15:47:04_17-09-25
795,758,8617,005076,"BV25362313256 , T253614253 ",FF00FFA50010600D1FD0761C0106389901508C85000100C800300001000DDBCD0301839A8245009C0A10,PASS,"PASS, {1: 1, 2: 1, 3: 1, 4: 1, 5: 1, 6: 1, 7: 1, 8: 1, 9: 1, 10: 1, 11: 1}","PASS, {1: 1, 2: 1, 3: 1, 4: 1, 5: 1, 6: 1, 7: 1, 8: 1, 9: 1, 10: 1}","PASS , {1: 1, 2: 1, 3: 1, 4: 1, 5: 1, 6: 1, 7: 1, 8: 1} ","PASS , {1: 1, 2: 1, 3: 1, 4: 1} ",15:48:16_17-09-25
796,759,8617,005076,"BV25362313250 , T253618083 ",FF00FFA50010600D1FD0761C0106389901508C85000100C800300001000DDBCD0301839A8245009C0A10,PASS,"PASS, {1: 1, 2: 1, 3: 1, 4: 1, 5: 1, 6: 1, 7: 1, 8: 1, 9: 1, 10: 1, 11: 1}","PASS, {1: 1, 2: 1, 3: 1, 4: 1, 5: 1, 6: 1, 7: 1, 8: 1, 9: 1, 10: 1}","PASS , {1: 1, 2: 1, 3: 1, 4: 1, 5: 1, 6: 1, 7: 1, 8: 1} ","PASS , {1: 1, 2: 1, 3: 1, 4: 1} ",15:50:00_17-09-25
797,760,8617,005076,"BV25362313259 , T253614251 ",FF00FFA50010600D1FD0761C0106389901508C85000100C800300001000DDBCD0301839A8245009C0A10,PASS,"PASS, {1: 1, 2: 1, 3: 1, 4: 1, 5: 1, 6: 1, 7: 1, 8: 1, 9: 1, 10: 1, 11: 1}","PASS, {1: 1, 2: 1, 3: 1, 4: 1, 5: 1, 6: 1, 7: 1, 8: 1, 9: 1, 10: 1}","PASS , {1: 1, 2: 1, 3: 1, 4: 1, 5: 1, 6: 1, 7: 1, 8: 1} ","PASS , {1: 1, 2: 1, 3: 1, 4: 1} ",15:51:13_17-09-25
798,761,8617,005076,"BV25362313257 , T253614249 ",FF00FFA50010600D1FD0761C0106389901508C85000100C800300001000DDBCD0301839A8245009C0A10,PASS,"PASS, {1: 1, 2: 1, 3: 1, 4: 1, 5: 1, 6: 1, 7: 1, 8: 1, 9: 1, 10: 1, 11: 1}","PASS, {1: 1, 2: 1, 3: 1, 4: 1, 5: 1, 6: 1, 7: 1, 8: 1, 9: 1, 10: 1}","PASS , {1: 1, 2: 1, 3: 1, 4: 1, 5: 1, 6: 1, 7: 1, 8: 1} ","PASS , {1: 1, 2: 1, 3: 1, 4: 1} ",15:52:26_17-09-25
799,762,8617,005076,"BV25362313249 , T253618084 ",FF00FFA50010600D1FD0761C0106389901508C85000100C800300001000DDBCD0301839A8245009C0A10,PASS,"PASS, {1: 1, 2: 1, 3: 1, 4: 1, 5: 1, 6: 1, 7: 1, 8: 1, 9: 1, 10: 1, 11: 1}","PASS, {1: 1, 2: 1, 3: 1, 4: 1, 5: 1, 6: 1, 7: 1, 8: 1, 9: 1, 10: 1}","PASS , {1: 1, 2: 1, 3: 1, 4: 1, 5: 1, 6: 1, 7: 1, 8: 1} ","PASS , {1: 1, 2: 1, 3: 1, 4: 1} ",15:53:40_17-09-25
800,763,8617,005076,"BV25362313226 , T253614042 ",FF00FFA50010600D1FD0761C0106389901508C85000100C800300001000DDBCD0301839A8245009C0A10,PASS,"PASS, {1: 1, 2: 1, 3: 1, 4: 1, 5: 1, 6: 1, 7: 1, 8: 1, 9: 1, 10: 1, 11: 1}","PASS, {1: 1, 2: 1, 3: 1, 4: 1, 5: 1, 6: 1, 7: 1, 8: 1, 9: 1, 10: 1}","PASS , {1: 1, 2: 1, 3: 1, 4: 1, 5: 1, 6: 1, 7: 1, 8: 1} ","PASS , {1: 1, 2: 1, 3: 1, 4: 1} ",15:54:56_17-09-25
801,764,8617,005076,"BV25362313228 , T253615873 ",FF00FFA50010600D1FD0761C0106389901508C85000100C800300001000DDBCD0301839A8245009C0A10,PASS,"PASS, {1: 1, 2: 1, 3: 1, 4: 1, 5: 1, 6: 1, 7: 1, 8: 1, 9: 1, 10: 1, 11: 1}","PASS, {1: 1, 2: 1, 3: 1, 4: 1, 5: 1, 6: 1, 7: 1, 8: 1, 9: 1, 10: 1}","PASS , {1: 1, 2: 1, 3: 1, 4: 1, 5: 1, 6: 1, 7: 1, 8: 1} ","PASS , {1: 1, 2: 1, 3: 1, 4: 1} ",15:56:09_17-09-25
802,765,8617,005076,"BV25362313232 , T253617200 ",FF00FFA50010600D1FD0761C0106389901508C85000100C800300001000DDBCD0301839A8245009C0A10,PASS,"PASS, {1: 1, 2: 1, 3: 1, 4: 1, 5: 1, 6: 1, 7: 1, 8: 1, 9: 1, 10: 1, 11: 1}","PASS, {1: 1, 2: 1, 3: 1, 4: 1, 5: 1, 6: 1, 7: 1, 8: 1, 9: 1, 10: 1}","PASS , {1: 1, 2: 1, 3: 1, 4: 1, 5: 1, 6: 1, 7: 1, 8: 1} ","PASS , {1: 1, 2: 1, 3: 1, 4: 1} ",15:57:21_17-09-25
803,766,8617,005076,"BV25362313230 , T253614044 ",FF00FFA50010600D1FD0761C0106389901508C85000100C800300001000DDBCD0301839A8245009C0A10,PASS,"PASS, {1: 1, 2: 1, 3: 1, 4: 1, 5: 1, 6: 1, 7: 1, 8: 1, 9: 1, 10: 1, 11: 1}","PASS, {1: 1, 2: 1, 3: 1, 4: 1, 5: 1, 6: 1, 7: 1, 8: 1, 9: 1, 10: 1}","PASS , {1: 1, 2: 1, 3: 1, 4: 1, 5: 1, 6: 1, 7: 1, 8: 1} ","PASS , {1: 1, 2: 1, 3: 1, 4: 1} ",15:58:35_17-09-25
804,767,8617,005076,"BV25362313234 , T253615083 ",FF00FFA50010600D1FD0761C0106389901508C85000100C800300001000DDBCD0301839A8245009C0A10,PASS,"PASS, {1: 1, 2: 1, 3: 1, 4: 1, 5: 1, 6: 1, 7: 1, 8: 1, 9: 1, 10: 1, 11: 1}","PASS, {1: 1, 2: 1, 3: 1, 4: 1, 5: 1, 6: 1, 7: 1, 8: 1, 9: 1, 10: 1}","PASS , {1: 1, 2: 1, 3: 1, 4: 1, 5: 1, 6: 1, 7: 1, 8: 1} ","PASS , {1: 1, 2: 1, 3: 1, 4: 1} ",15:59:48_17-09-25
805,768,8617,005076,"BV25362313239 , T253618671 ",FF00FFA50010600D1FD0761C0106389901508C85000100C800300001000DDBCD0301839A8245009C0A10,PASS,"PASS, {1: 1, 2: 1, 3: 1, 4: 1, 5: 1, 6: 1, 7: 1, 8: 1, 9: 1, 10: 1, 11: 1}","PASS, {1: 1, 2: 1, 3: 1, 4: 1, 5: 1, 6: 1, 7: 1, 8: 1, 9: 1, 10: 1}","PASS , {1: 1, 2: 1, 3: 1, 4: 1, 5: 1, 6: 1, 7: 1, 8: 1} ","PASS , {1: 1, 2: 1, 3: 1, 4: 1} ",16:01:05_17-09-25
806,769,8617,005076,"BV25362313239 , T253618671 ",FF00FFA50010600D1FD0761C0106389901508C85000100C800300001000DDBCD0301839A8245009C0A10,PASS,"PASS, {1: 1, 2: 1, 3: 1, 4: 1, 5: 1, 6: 1, 7: 1, 8: 1, 9: 1, 10: 1, 11: 1}","PASS, {1: 1, 2: 1, 3: 1, 4: 1, 5: 1, 6: 1, 7: 1, 8: 1, 9: 1, 10: 1}","PASS , {1: 1, 2: 1, 3: 1, 4: 1, 5: 1, 6: 1, 7: 1, 8: 1} ","PASS , {1: 1, 2: 1, 3: 1, 4: 1} ",16:02:19_17-09-25
807,770,8617,005076,"BV25362313238 , T253618633 ",FF00FFA50010600D1FD0761C0106389901508C85000100C800300001000DDBCD0301839A8245009C0A10,PASS,"PASS, {1: 1, 2: 1, 3: 1, 4: 1, 5: 1, 6: 1, 7: 1, 8: 1, 9: 1, 10: 1, 11: 1}","PASS, {1: 1, 2: 1, 3: 1, 4: 1, 5: 1, 6: 1, 7: 1, 8: 1, 9: 1, 10: 1}","PASS , {1: 1, 2: 1, 3: 1, 4: 1, 5: 1, 6: 1, 7: 1, 8: 1} ","PASS , {1: 1, 2: 1, 3: 1, 4: 1} ",16:03:32_17-09-25
808,771,8617,005076,"BV25362313237 , T253618667 ",FF00FFA50010600D1FD0761C0106389901508C85000100C800300001000DDBCD0301839A8245009C0A10,PASS,"PASS, {1: 1, 2: 1, 3: 1, 4: 1, 5: 1, 6: 1, 7: 1, 8: 1, 9: 1, 10: 1, 11: 1}","PASS, {1: 1, 2: 1, 3: 1, 4: 1, 5: 1, 6: 1, 7: 1, 8: 1, 9: 1, 10: 1}","PASS , {1: 1, 2: 1, 3: 1, 4: 1, 5: 1, 6: 1, 7: 1, 8: 1} ","PASS , {1: 1, 2: 1, 3: 1, 4: 1} ",16:04:48_17-09-25
809,772,8617,005076,"BV25362313235 , T253618669 ",FF00FFA50010600D1FD0761C0106389901508C85000100C800300001000DDBCD0301839A8245009C0A10,PASS,"PASS, {1: 1, 2: 1, 3: 1, 4: 1, 5: 1, 6: 1, 7: 1, 8: 1, 9: 1, 10: 1, 11: 1}","PASS, {1: 1, 2: 1, 3: 1, 4: 1, 5: 1, 6: 1, 7: 1, 8: 1, 9: 1, 10: 1}","PASS , {1: 1, 2: 1, 3: 1, 4: 1, 5: 1, 6: 1, 7: 1, 8: 1} ","PASS , {1: 1, 2: 1, 3: 1, 4: 1} ",16:06:08_17-09-25
810,773,8617,005076,"BV25362313255 , T253618101 ",FF00FFA50010600D1FD0761C0106389901508C85000100C800300001000DDBCD0301839A8245009C0A10,PASS,"PASS, {1: 1, 2: 1, 3: 1, 4: 1, 5: 1, 6: 1, 7: 1, 8: 1, 9: 1, 10: 1, 11: 1}","PASS, {1: 1, 2: 1, 3: 1, 4: 1, 5: 1, 6: 1, 7: 1, 8: 1, 9: 1, 10: 1}","PASS , {1: 1, 2: 1, 3: 1, 4: 1, 5: 1, 6: 1, 7: 1, 8: 1} ","PASS , {1: 1, 2: 1, 3: 1, 4: 1} ",16:07:20_17-09-25
811,774,8617,005076,"BV25362313254 , T253614248 ",FF00FFA50010600D1FD0761C0106389901508C85000100C800300001000DDBCD0301839A8245009C0A10,PASS,"PASS, {1: 1, 2: 1, 3: 1, 4: 1, 5: 1, 6: 1, 7: 1, 8: 1, 9: 1, 10: 1, 11: 1}","PASS, {1: 1, 2: 1, 3: 1, 4: 1, 5: 1, 6: 1, 7: 1, 8: 1, 9: 1, 10: 1}","PASS , {1: 1, 2: 1, 3: 1, 4: 1, 5: 1, 6: 1, 7: 1, 8: 1} ","PASS , {1: 1, 2: 1, 3: 1, 4: 1} ",16:08:32_17-09-25
812,775,8617,005076,"BV25362313258 , T253614250 ",FF00FFA50010600D1FD0761C0106389901508C85000100C800300001000DDBCD0301839A8245009C0A10,PASS,"PASS, {1: 1, 2: 1, 3: 1, 4: 1, 5: 1, 6: 1, 7: 1, 8: 1, 9: 1, 10: 1, 11: 1}","PASS, {1: 1, 2: 1, 3: 1, 4: 1, 5: 1, 6: 1, 7: 1, 8: 1, 9: 1, 10: 1}","PASS , {1: 1, 2: 1, 3: 1, 4: 1, 5: 1, 6: 1, 7: 1, 8: 1} ","PASS , {1: 1, 2: 1, 3: 1, 4: 1} ",16:09:49_17-09-25
813,776,8617,005076,"BV25362313285 , T253619427 ",FF00FFA50010600D1FD0761C0106389901508C85000100C800300001000DDBCD0301839A8245009C0A10,PASS,"PASS, {1: 1, 2: 1, 3: 1, 4: 1, 5: 1, 6: 1, 7: 1, 8: 1, 9: 1, 10: 1, 11: 1}","PASS, {1: 1, 2: 1, 3: 1, 4: 1, 5: 1, 6: 1, 7: 1, 8: 1, 9: 1, 10: 1}","PASS , {1: 1, 2: 1, 3: 1, 4: 1, 5: 1, 6: 1, 7: 1, 8: 1} ","PASS , {1: 1, 2: 1, 3: 1, 4: 1} ",16:11:00_17-09-25
814,777,8617,005076,"BV25362313240 , T253618668 ",FF00FFA50010600D1FD0761C0106389901508C85000100C800300001000DDBCD0301839A8245009C0A10,PASS,"PASS, {1: 1, 2: 1, 3: 1, 4: 1, 5: 1, 6: 1, 7: 1, 8: 1, 9: 1, 10: 1, 11: 1}","PASS, {1: 1, 2: 1, 3: 1, 4: 1, 5: 1, 6: 1, 7: 1, 8: 1, 9: 1, 10: 1}","PASS , {1: 1, 2: 1, 3: 1, 4: 1, 5: 1, 6: 1, 7: 1, 8: 1} ","PASS , {1: 1, 2: 1, 3: 1, 4: 1} ",16:12:12_17-09-25
815,778,8617,005076,"BV25362313291 , T253619004 ",FF00FFA50010600D1FD0761C0106389901508C85000100C800300001000DDBCD0301839A8245009C0A10,PASS,"PASS, {1: 1, 2: 1, 3: 1, 4: 1, 5: 1, 6: 1, 7: 1, 8: 1, 9: 1, 10: 1, 11: 1}","PASS, {1: 1, 2: 1, 3: 1, 4: 1, 5: 1, 6: 1, 7: 1, 8: 1, 9: 1, 10: 1}","PASS , {1: 1, 2: 1, 3: 1, 4: 1, 5: 1, 6: 1, 7: 1, 8: 1} ","PASS , {1: 1, 2: 1, 3: 1, 4: 1} ",16:13:28_17-09-25
816,778,8617,005076,"BV25362313290 , T253619003 ",FF00FFA50010600D1FD0761C0106389901508C85000100C800300001000DDBCD0301839A8245009C0A10,PASS,"PASS, {1: 1, 2: 1, 3: 1, 4: 1, 5: 1, 6: 1, 7: 1, 8: 1, 9: 1, 10: 1, 11: 1}","PASS, {1: 1, 2: 1, 3: 1, 4: 1, 5: 1, 6: 1, 7: 1, 8: 1, 9: 1, 10: 1}","PASS , {1: 1, 2: 1, 3: 1, 4: 1, 5: 1, 6: 1, 7: 1, 8: 1} ","FAIL , {1: 1, 2: 1, 3: 1, 4: 0} ",16:14:44_17-09-25
817,779,8617,005076,"BV25362313292 , T253618985 ",FF00FFA50010600D1FD0761C0106389901508C85000100C800300001000DDBCD0301839A8245009C0A10,PASS,"PASS, {1: 1, 2: 1, 3: 1, 4: 1, 5: 1, 6: 1, 7: 1, 8: 1, 9: 1, 10: 1, 11: 1}","PASS, {1: 1, 2: 1, 3: 1, 4: 1, 5: 1, 6: 1, 7: 1, 8: 1, 9: 1, 10: 1}","PASS , {1: 1, 2: 1, 3: 1, 4: 1, 5: 1, 6: 1, 7: 1, 8: 1} ","PASS , {1: 1, 2: 1, 3: 1, 4: 1} ",16:15:54_17-09-25
818,780,8617,005076,"BV25362313299 , T253614234 ",FF00FFA50010600D1FD0761C0106389901508C85000100C800300001000DDBCD0301839A8245009C0A10,PASS,"PASS, {1: 1, 2: 1, 3: 1, 4: 1, 5: 1, 6: 1, 7: 1, 8: 1, 9: 1, 10: 1, 11: 1}","PASS, {1: 1, 2: 1, 3: 1, 4: 1, 5: 1, 6: 1, 7: 1, 8: 1, 9: 1, 10: 1}","PASS , {1: 1, 2: 1, 3: 1, 4: 1, 5: 1, 6: 1, 7: 1, 8: 1} ","PASS , {1: 1, 2: 1, 3: 1, 4: 1} ",16:17:06_17-09-25
819,781,8617,005076,"BV25362313298 , T253619137 ",FF00FFA50010600D1FD0761C0106389901508C85000100C800300001000DDBCD0301839A8245009C0A10,PASS,"PASS, {1: 1, 2: 1, 3: 1, 4: 1, 5: 1, 6: 1, 7: 1, 8: 1, 9: 1, 10: 1, 11: 1}","PASS, {1: 1, 2: 1, 3: 1, 4: 1, 5: 1, 6: 1, 7: 1, 8: 1, 9: 1, 10: 1}","PASS , {1: 1, 2: 1, 3: 1, 4: 1, 5: 1, 6: 1, 7: 1, 8: 1} ","PASS , {1: 1, 2: 1, 3: 1, 4: 1} ",16:18:18_17-09-25
820,782,8617,005076,"BV25362313282 , T253618658 ",FF00FFA50010600D1FD0761C0106389901508C85000100C800300001000DDBCD0301839A8245009C0A10,PASS,"PASS, {1: 1, 2: 1, 3: 1, 4: 1, 5: 1, 6: 1, 7: 1, 8: 1, 9: 1, 10: 1, 11: 1}","PASS, {1: 1, 2: 1, 3: 1, 4: 1, 5: 1, 6: 1, 7: 1, 8: 1, 9: 1, 10: 1}","PASS , {1: 1, 2: 1, 3: 1, 4: 1, 5: 1, 6: 1, 7: 1, 8: 1} ","PASS , {1: 1, 2: 1, 3: 1, 4: 1} ",16:19:38_17-09-25
821,783,8617,005076,"BV25362313281 , T253619484 ",FF00FFA50010600D1FD0761C0106389901508C85000100C800300001000DDBCD0301839A8245009C0A10,PASS,"PASS, {1: 1, 2: 1, 3: 1, 4: 1, 5: 1, 6: 1, 7: 1, 8: 1, 9: 1, 10: 1, 11: 1}","PASS, {1: 1, 2: 1, 3: 1, 4: 1, 5: 1, 6: 1, 7: 1, 8: 1, 9: 1, 10: 1}","PASS , {1: 1, 2: 1, 3: 1, 4: 1, 5: 1, 6: 1, 7: 1, 8: 1} ","PASS , {1: 1, 2: 1, 3: 1, 4: 1} ",16:20:53_17-09-25
822,784,8617,005076,"BV25362313281 , T253619484 ",FF00FFA50010600D1FD0761C0106389901508C85000100C800300001000DDBCD0301839A8245009C0A10,PASS,"PASS, {1: 1, 2: 1, 3: 1, 4: 1, 5: 1, 6: 1, 7: 1, 8: 1, 9: 1, 10: 1, 11: 1}","PASS, {1: 1, 2: 1, 3: 1, 4: 1, 5: 1, 6: 1, 7: 1, 8: 1, 9: 1, 10: 1}","PASS , {1: 1, 2: 1, 3: 1, 4: 1, 5: 1, 6: 1, 7: 1, 8: 1} ","PASS , {1: 1, 2: 1, 3: 1, 4: 1} ",16:22:18_17-09-25
823,785,8617,005076,"BV25362313275 , T253619293 ",FF00FFA50010600D1FD0761C0106389901508C85000100C800300001000DDBCD0301839A8245009C0A10,PASS,"PASS, {1: 1, 2: 1, 3: 1, 4: 1, 5: 1, 6: 1, 7: 1, 8: 1, 9: 1, 10: 1, 11: 1}","PASS, {1: 1, 2: 1, 3: 1, 4: 1, 5: 1, 6: 1, 7: 1, 8: 1, 9: 1, 10: 1}","PASS , {1: 1, 2: 1, 3: 1, 4: 1, 5: 1, 6: 1, 7: 1, 8: 1} ","PASS , {1: 1, 2: 1, 3: 1, 4: 1} ",16:23:33_17-09-25
824,786,8617,005076,"BV25362313278 , T253618543 ",FF00FFA50010600D1FD0761C0106389901508C85000100C800300001000DDBCD0301839A8245009C0A10,PASS,"PASS, {1: 1, 2: 1, 3: 1, 4: 1, 5: 1, 6: 1, 7: 1, 8: 1, 9: 1, 10: 1, 11: 1}","PASS, {1: 1, 2: 1, 3: 1, 4: 1, 5: 1, 6: 1, 7: 1, 8: 1, 9: 1, 10: 1}","PASS , {1: 1, 2: 1, 3: 1, 4: 1, 5: 1, 6: 1, 7: 1, 8: 1} ","PASS , {1: 1, 2: 1, 3: 1, 4: 1} ",16:24:47_17-09-25
825,787,8617,005076,"BV25362313277 , T253619485 ",FF00FFA50010600D1FD0761C0106389901508C85000100C800300001000DDBCD0301839A8245009C0A10,PASS,"PASS, {1: 1, 2: 1, 3: 1, 4: 1, 5: 1, 6: 1, 7: 1, 8: 1, 9: 1, 10: 1, 11: 1}","PASS, {1: 1, 2: 1, 3: 1, 4: 1, 5: 1, 6: 1, 7: 1, 8: 1, 9: 1, 10: 1}","PASS , {1: 1, 2: 1, 3: 1, 4: 1, 5: 1, 6: 1, 7: 1, 8: 1} ","PASS , {1: 1, 2: 1, 3: 1, 4: 1} ",16:25:58_17-09-25
826,788,8617,005076,"BV25362313301 , T253619431 ",FF00FFA50010600D1FD0761C0106389901508C85000100C800300001000DDBCD0301839A8245009C0A10,PASS,"PASS, {1: 1, 2: 1, 3: 1, 4: 1, 5: 1, 6: 1, 7: 1, 8: 1, 9: 1, 10: 1, 11: 1}","PASS, {1: 1, 2: 1, 3: 1, 4: 1, 5: 1, 6: 1, 7: 1, 8: 1, 9: 1, 10: 1}","PASS , {1: 1, 2: 1, 3: 1, 4: 1, 5: 1, 6: 1, 7: 1, 8: 1} ","PASS , {1: 1, 2: 1, 3: 1, 4: 1} ",16:27:10_17-09-25
826,788,8617,005076,"BV25362313302 , T253619432 ",FAIL,FAIL,FAIL,FAIL,FAIL,FAIL,16:27:42_17-09-25
826,788,8617,005076,"BV25362313302 , T253619432 ",FAIL,FAIL,FAIL,FAIL,FAIL,FAIL,16:28:16_17-09-25
827,789,8617,005076,"BV25362313303 , T253614235 ",FF00FFA50010600D1FD0761C0106389901508C85000100C800300001000DDBCD0301839A8245009C0A10,PASS,"PASS, {1: 1, 2: 1, 3: 1, 4: 1, 5: 1, 6: 1, 7: 1, 8: 1, 9: 1, 10: 1, 11: 1}","PASS, {1: 1, 2: 1, 3: 1, 4: 1, 5: 1, 6: 1, 7: 1, 8: 1, 9: 1, 10: 1}","PASS , {1: 1, 2: 1, 3: 1, 4: 1, 5: 1, 6: 1, 7: 1, 8: 1} ","PASS , {1: 1, 2: 1, 3: 1, 4: 1} ",16:29:25_17-09-25
827,789,8617,005076,"BV25362313306 , T253619133 ",FAIL,FAIL,FAIL,FAIL,FAIL,FAIL,16:29:55_17-09-25
828,790,8617,005076,"BV25362313279 , T253619292 ",FF00FFA50010600D1FD0761C0106389901508C85000100C800300001000DDBCD0301839A8245009C0A10,PASS,"PASS, {1: 1, 2: 1, 3: 1, 4: 1, 5: 1, 6: 1, 7: 1, 8: 1, 9: 1, 10: 1, 11: 1}","PASS, {1: 1, 2: 1, 3: 1, 4: 1, 5: 1, 6: 1, 7: 1, 8: 1, 9: 1, 10: 1}","PASS , {1: 1, 2: 1, 3: 1, 4: 1, 5: 1, 6: 1, 7: 1, 8: 1} ","PASS , {1: 1, 2: 1, 3: 1, 4: 1} ",16:31:06_17-09-25
829,791,8617,005076,"BV25362313310 , T253618105 ",FF00FFA50010600D1FD0761C0106389901508C85000100C800300001000DDBCD0301839A8245009C0A10,PASS,"PASS, {1: 1, 2: 1, 3: 1, 4: 1, 5: 1, 6: 1, 7: 1, 8: 1, 9: 1, 10: 1, 11: 1}","PASS, {1: 1, 2: 1, 3: 1, 4: 1, 5: 1, 6: 1, 7: 1, 8: 1, 9: 1, 10: 1}","PASS , {1: 1, 2: 1, 3: 1, 4: 1, 5: 1, 6: 1, 7: 1, 8: 1} ","PASS , {1: 1, 2: 1, 3: 1, 4: 1} ",16:32:18_17-09-25
830,792,8617,005076,"BV25362313315 , T253618098 ",FF00FFA50010600D1FD0761C0106389901508C85000100C800300001000DDBCD0301839A8245009C0A10,PASS,"PASS, {1: 1, 2: 1, 3: 1, 4: 1, 5: 1, 6: 1, 7: 1, 8: 1, 9: 1, 10: 1, 11: 1}","PASS, {1: 1, 2: 1, 3: 1, 4: 1, 5: 1, 6: 1, 7: 1, 8: 1, 9: 1, 10: 1}","PASS , {1: 1, 2: 1, 3: 1, 4: 1, 5: 1, 6: 1, 7: 1, 8: 1} ","PASS , {1: 1, 2: 1, 3: 1, 4: 1} ",16:33:31_17-09-25
831,793,8617,005076,"BV25362313319 , T253618099 ",FF00FFA50010600D1FD0761C0106389901508C85000100C800300001000DDBCD0301839A8245009C0A10,PASS,"PASS, {1: 1, 2: 1, 3: 1, 4: 1, 5: 1, 6: 1, 7: 1, 8: 1, 9: 1, 10: 1, 11: 1}","PASS, {1: 1, 2: 1, 3: 1, 4: 1, 5: 1, 6: 1, 7: 1, 8: 1, 9: 1, 10: 1}","PASS , {1: 1, 2: 1, 3: 1, 4: 1, 5: 1, 6: 1, 7: 1, 8: 1} ","PASS , {1: 1, 2: 1, 3: 1, 4: 1} ",16:35:27_17-09-25
831,793,8617,005076,"BV25362313320 , T253618096 ",FAIL,FAIL,FAIL,FAIL,FAIL,FAIL,16:36:00_17-09-25
831,793,8617,005076,"BV25362313320 , T253618096 ",FAIL,FAIL,FAIL,FAIL,FAIL,FAIL,16:36:33_17-09-25
832,794,8617,005076,"BV25362313317 , T253618095 ",FF00FFA50010600D1FD0761C0106389901508C85000100C800300001000DDBCD0301839A8245009C0A10,PASS,"PASS, {1: 1, 2: 1, 3: 1, 4: 1, 5: 1, 6: 1, 7: 1, 8: 1, 9: 1, 10: 1, 11: 1}","PASS, {1: 1, 2: 1, 3: 1, 4: 1, 5: 1, 6: 1, 7: 1, 8: 1, 9: 1, 10: 1}","PASS , {1: 1, 2: 1, 3: 1, 4: 1, 5: 1, 6: 1, 7: 1, 8: 1} ","PASS , {1: 1, 2: 1, 3: 1, 4: 1} ",16:37:44_17-09-25
833,795,8617,005076,"BV25362313311 , T253618100 ",FF00FFA50010600D1FD0761C0106389901508C85000100C800300001000DDBCD0301839A8245009C0A10,PASS,"PASS, {1: 1, 2: 1, 3: 1, 4: 1, 5: 1, 6: 1, 7: 1, 8: 1, 9: 1, 10: 1, 11: 1}","PASS, {1: 1, 2: 1, 3: 1, 4: 1, 5: 1, 6: 1, 7: 1, 8: 1, 9: 1, 10: 1}","PASS , {1: 1, 2: 1, 3: 1, 4: 1, 5: 1, 6: 1, 7: 1, 8: 1} ","PASS , {1: 1, 2: 1, 3: 1, 4: 1} ",16:38:56_17-09-25
834,796,8617,005076,"BV25362313313 , T253618097 ",FF00FFA50010600D1FD0761C0106389901508C85000100C800300001000DDBCD0301839A8245009C0A10,PASS,"PASS, {1: 1, 2: 1, 3: 1, 4: 1, 5: 1, 6: 1, 7: 1, 8: 1, 9: 1, 10: 1, 11: 1}","PASS, {1: 1, 2: 1, 3: 1, 4: 1, 5: 1, 6: 1, 7: 1, 8: 1, 9: 1, 10: 1}","PASS , {1: 1, 2: 1, 3: 1, 4: 1, 5: 1, 6: 1, 7: 1, 8: 1} ","PASS , {1: 1, 2: 1, 3: 1, 4: 1} ",16:40:10_17-09-25
835,797,8617,005076,"BV25362313314 , T253618103 ",FF00FFA50010600D1FD0761C0106389901508C85000100C800300001000DDBCD0301839A8245009C0A10,PASS,"PASS, {1: 1, 2: 1, 3: 1, 4: 1, 5: 1, 6: 1, 7: 1, 8: 1, 9: 1, 10: 1, 11: 1}","PASS, {1: 1, 2: 1, 3: 1, 4: 1, 5: 1, 6: 1, 7: 1, 8: 1, 9: 1, 10: 1}","PASS , {1: 1, 2: 1, 3: 1, 4: 1, 5: 1, 6: 1, 7: 1, 8: 1} ","PASS , {1: 1, 2: 1, 3: 1, 4: 1} ",16:41:25_17-09-25
836,798,8617,005076,"BV25362313312 , T253618104 ",FF00FFA50010600D1FD0761C0106389901508C85000100C800300001000DDBCD0301839A8245009C0A10,PASS,"PASS, {1: 1, 2: 1, 3: 1, 4: 1, 5: 1, 6: 1, 7: 1, 8: 1, 9: 1, 10: 1, 11: 1}","PASS, {1: 1, 2: 1, 3: 1, 4: 1, 5: 1, 6: 1, 7: 1, 8: 1, 9: 1, 10: 1}","PASS , {1: 1, 2: 1, 3: 1, 4: 1, 5: 1, 6: 1, 7: 1, 8: 1} ","PASS , {1: 1, 2: 1, 3: 1, 4: 1} ",16:42:37_17-09-25
837,799,8617,005076,"BV25362313280 , T253618546 ",FF00FFA50010600D1FD0761C0106389901508C85000100C800300001000DDBCD0301839A8245009C0A10,PASS,"PASS, {1: 1, 2: 1, 3: 1, 4: 1, 5: 1, 6: 1, 7: 1, 8: 1, 9: 1, 10: 1, 11: 1}","PASS, {1: 1, 2: 1, 3: 1, 4: 1, 5: 1, 6: 1, 7: 1, 8: 1, 9: 1, 10: 1}","PASS , {1: 1, 2: 1, 3: 1, 4: 1, 5: 1, 6: 1, 7: 1, 8: 1} ","PASS , {1: 1, 2: 1, 3: 1, 4: 1} ",16:43:50_17-09-25
838,800,8617,005076,"BV25362313284 , T253619486 ",FF00FFA50010600D1FD0761C0106389901508C85000100C800300001000DDBCD0301839A8245009C0A10,PASS,"PASS, {1: 1, 2: 1, 3: 1, 4: 1, 5: 1, 6: 1, 7: 1, 8: 1, 9: 1, 10: 1, 11: 1}","PASS, {1: 1, 2: 1, 3: 1, 4: 1, 5: 1, 6: 1, 7: 1, 8: 1, 9: 1, 10: 1}","PASS , {1: 1, 2: 1, 3: 1, 4: 1, 5: 1, 6: 1, 7: 1, 8: 1} ","PASS , {1: 1, 2: 1, 3: 1, 4: 1} ",16:45:02_17-09-25
839,801,8617,005076,"BV25362313283 , T253618657 ",FF00FFA50010600D1FD0761C0106389901508C85000100C800300001000DDBCD0301839A8245009C0A10,PASS,"PASS, {1: 1, 2: 1, 3: 1, 4: 1, 5: 1, 6: 1, 7: 1, 8: 1, 9: 1, 10: 1, 11: 1}","PASS, {1: 1, 2: 1, 3: 1, 4: 1, 5: 1, 6: 1, 7: 1, 8: 1, 9: 1, 10: 1}","PASS , {1: 1, 2: 1, 3: 1, 4: 1, 5: 1, 6: 1, 7: 1, 8: 1} ","PASS , {1: 1, 2: 1, 3: 1, 4: 1} ",16:46:16_17-09-25
840,802,8617,005076,"BV25362313297 , T253614230 ",FF00FFA50010600D1FD0761C0106389901508C85000100C800300001000DDBCD0301839A8245009C0A10,PASS,"PASS, {1: 1, 2: 1, 3: 1, 4: 1, 5: 1, 6: 1, 7: 1, 8: 1, 9: 1, 10: 1, 11: 1}","PASS, {1: 1, 2: 1, 3: 1, 4: 1, 5: 1, 6: 1, 7: 1, 8: 1, 9: 1, 10: 1}","PASS , {1: 1, 2: 1, 3: 1, 4: 1, 5: 1, 6: 1, 7: 1, 8: 1} ","PASS , {1: 1, 2: 1, 3: 1, 4: 1} ",16:47:32_17-09-25
841,803,8617,005076,"BV25362313296 , T253618986 ",FF00FFA50010600D1FD0761C0106389901508C85000100C800300001000DDBCD0301839A8245009C0A10,PASS,"PASS, {1: 1, 2: 1, 3: 1, 4: 1, 5: 1, 6: 1, 7: 1, 8: 1, 9: 1, 10: 1, 11: 1}","PASS, {1: 1, 2: 1, 3: 1, 4: 1, 5: 1, 6: 1, 7: 1, 8: 1, 9: 1, 10: 1}","PASS , {1: 1, 2: 1, 3: 1, 4: 1, 5: 1, 6: 1, 7: 1, 8: 1} ","PASS , {1: 1, 2: 1, 3: 1, 4: 1} ",16:48:45_17-09-25
842,804,8617,005076,"BV25362313293 , T253618982 ",FF00FFA50010600D1FD0761C0106389901508C85000100C800300001000DDBCD0301839A8245009C0A10,PASS,"PASS, {1: 1, 2: 1, 3: 1, 4: 1, 5: 1, 6: 1, 7: 1, 8: 1, 9: 1, 10: 1, 11: 1}","PASS, {1: 1, 2: 1, 3: 1, 4: 1, 5: 1, 6: 1, 7: 1, 8: 1, 9: 1, 10: 1}","PASS , {1: 1, 2: 1, 3: 1, 4: 1, 5: 1, 6: 1, 7: 1, 8: 1} ","PASS , {1: 1, 2: 1, 3: 1, 4: 1} ",16:49:58_17-09-25
843,805,8617,005076,"BV25362313295 , T253614231 ",FF00FFA50010600D1FD0761C0106389901508C85000100C800300001000DDBCD0301839A8245009C0A10,PASS,"PASS, {1: 1, 2: 1, 3: 1, 4: 1, 5: 1, 6: 1, 7: 1, 8: 1, 9: 1, 10: 1, 11: 1}","PASS, {1: 1, 2: 1, 3: 1, 4: 1, 5: 1, 6: 1, 7: 1, 8: 1, 9: 1, 10: 1}","PASS , {1: 1, 2: 1, 3: 1, 4: 1, 5: 1, 6: 1, 7: 1, 8: 1} ","PASS , {1: 1, 2: 1, 3: 1, 4: 1} ",16:51:17_17-09-25
844,806,8617,005076,"BV25362313328 , T253618114 ",FF00FFA50010600D1FD0761C0106389901508C85000100C800300001000DDBCD0301839A8245009C0A10,PASS,"PASS, {1: 1, 2: 1, 3: 1, 4: 1, 5: 1, 6: 1, 7: 1, 8: 1, 9: 1, 10: 1, 11: 1}","PASS, {1: 1, 2: 1, 3: 1, 4: 1, 5: 1, 6: 1, 7: 1, 8: 1, 9: 1, 10: 1}","PASS , {1: 1, 2: 1, 3: 1, 4: 1, 5: 1, 6: 1, 7: 1, 8: 1} ","PASS , {1: 1, 2: 1, 3: 1, 4: 1} ",16:52:30_17-09-25
845,807,8617,005076,"BV25362313329 , T253618117 ",FF00FFA50010600D1FD0761C0106389901508C85000100C800300001000DDBCD0301839A8245009C0A10,PASS,"PASS, {1: 1, 2: 1, 3: 1, 4: 1, 5: 1, 6: 1, 7: 1, 8: 1, 9: 1, 10: 1, 11: 1}","PASS, {1: 1, 2: 1, 3: 1, 4: 1, 5: 1, 6: 1, 7: 1, 8: 1, 9: 1, 10: 1}","PASS , {1: 1, 2: 1, 3: 1, 4: 1, 5: 1, 6: 1, 7: 1, 8: 1} ","PASS , {1: 1, 2: 1, 3: 1, 4: 1} ",16:53:43_17-09-25
846,808,8617,005076,"BV25362313336 , T253612816 ",FF00FFA50010600D1FD0761C0106389901508C85000100C800300001000DDBCD0301839A8245009C0A10,PASS,"PASS, {1: 1, 2: 1, 3: 1, 4: 1, 5: 1, 6: 1, 7: 1, 8: 1, 9: 1, 10: 1, 11: 1}","PASS, {1: 1, 2: 1, 3: 1, 4: 1, 5: 1, 6: 1, 7: 1, 8: 1, 9: 1, 10: 1}","PASS , {1: 1, 2: 1, 3: 1, 4: 1, 5: 1, 6: 1, 7: 1, 8: 1} ","PASS , {1: 1, 2: 1, 3: 1, 4: 1} ",16:54:55_17-09-25
847,809,8617,005076,"BV25362313338 , T253612805 ",FF00FFA50010600D1FD0761C0106389901508C85000100C800300001000DDBCD0301839A8245009C0A10,PASS,"PASS, {1: 1, 2: 1, 3: 1, 4: 1, 5: 1, 6: 1, 7: 1, 8: 1, 9: 1, 10: 1, 11: 1}","PASS, {1: 1, 2: 1, 3: 1, 4: 1, 5: 1, 6: 1, 7: 1, 8: 1, 9: 1, 10: 1}","PASS , {1: 1, 2: 1, 3: 1, 4: 1, 5: 1, 6: 1, 7: 1, 8: 1} ","PASS , {1: 1, 2: 1, 3: 1, 4: 1} ",16:56:08_17-09-25
848,810,8617,005076,"BV25362313337 , T253612820 ",FF00FFA50010600D1FD0761C0106389901508C85000100C800300001000DDBCD0301839A8245009C0A10,PASS,"PASS, {1: 1, 2: 1, 3: 1, 4: 1, 5: 1, 6: 1, 7: 1, 8: 1, 9: 1, 10: 1, 11: 1}","PASS, {1: 1, 2: 1, 3: 1, 4: 1, 5: 1, 6: 1, 7: 1, 8: 1, 9: 1, 10: 1}","PASS , {1: 1, 2: 1, 3: 1, 4: 1, 5: 1, 6: 1, 7: 1, 8: 1} ","PASS , {1: 1, 2: 1, 3: 1, 4: 1} ",16:58:15_17-09-25
849,811,8617,005076,"BV25362313335 , T253612813 ",FF00FFA50010600D1FD0761C0106389901508C85000100C800300001000DDBCD0301839A8245009C0A10,PASS,"PASS, {1: 1, 2: 1, 3: 1, 4: 1, 5: 1, 6: 1, 7: 1, 8: 1, 9: 1, 10: 1, 11: 1}","PASS, {1: 1, 2: 1, 3: 1, 4: 1, 5: 1, 6: 1, 7: 1, 8: 1, 9: 1, 10: 1}","PASS , {1: 1, 2: 1, 3: 1, 4: 1, 5: 1, 6: 1, 7: 1, 8: 1} ","PASS , {1: 1, 2: 1, 3: 1, 4: 1} ",16:59:28_17-09-25
850,812,8617,005076,"BV25362313294 , T253618987 ",FF00FFA50010600D1FD0761C0106389901508C85000100C800300001000DDBCD0301839A8245009C0A10,PASS,"PASS, {1: 1, 2: 1, 3: 1, 4: 1, 5: 1, 6: 1, 7: 1, 8: 1, 9: 1, 10: 1, 11: 1}","PASS, {1: 1, 2: 1, 3: 1, 4: 1, 5: 1, 6: 1, 7: 1, 8: 1, 9: 1, 10: 1}","PASS , {1: 1, 2: 1, 3: 1, 4: 1, 5: 1, 6: 1, 7: 1, 8: 1} ","PASS , {1: 1, 2: 1, 3: 1, 4: 1} ",17:00:41_17-09-25
851,813,8617,005076,"BV25362313344 , T253612815 ",FF00FFA50010600D1FD0761C0106389901508C85000100C800300001000DDBCD0301839A8245009C0A10,PASS,"PASS, {1: 1, 2: 1, 3: 1, 4: 1, 5: 1, 6: 1, 7: 1, 8: 1, 9: 1, 10: 1, 11: 1}","PASS, {1: 1, 2: 1, 3: 1, 4: 1, 5: 1, 6: 1, 7: 1, 8: 1, 9: 1, 10: 1}","PASS , {1: 1, 2: 1, 3: 1, 4: 1, 5: 1, 6: 1, 7: 1, 8: 1} ","PASS , {1: 1, 2: 1, 3: 1, 4: 1} ",17:01:53_17-09-25
852,814,8617,005076,"BV25362313346 , T253612818 ",FF00FFA50010600D1FD0761C0106389901508C85000100C800300001000DDBCD0301839A8245009C0A10,PASS,"PASS, {1: 1, 2: 1, 3: 1, 4: 1, 5: 1, 6: 1, 7: 1, 8: 1, 9: 1, 10: 1, 11: 1}","PASS, {1: 1, 2: 1, 3: 1, 4: 1, 5: 1, 6: 1, 7: 1, 8: 1, 9: 1, 10: 1}","PASS , {1: 1, 2: 1, 3: 1, 4: 1, 5: 1, 6: 1, 7: 1, 8: 1} ","PASS , {1: 1, 2: 1, 3: 1, 4: 1} ",17:03:06_17-09-25
853,815,8617,005076,"BV25362313348 , T253612827 ",FF00FFA50010600D1FD0761C0106389901508C85000100C800300001000DDBCD0301839A8245009C0A10,PASS,"PASS, {1: 1, 2: 1, 3: 1, 4: 1, 5: 1, 6: 1, 7: 1, 8: 1, 9: 1, 10: 1, 11: 1}","PASS, {1: 1, 2: 1, 3: 1, 4: 1, 5: 1, 6: 1, 7: 1, 8: 1, 9: 1, 10: 1}","PASS , {1: 1, 2: 1, 3: 1, 4: 1, 5: 1, 6: 1, 7: 1, 8: 1} ","PASS , {1: 1, 2: 1, 3: 1, 4: 1} ",17:04:18_17-09-25
854,816,8617,005076,"BV25362313349 , T253612823 ",FF00FFA50010600D1FD0761C0106389901508C85000100C800300001000DDBCD0301839A8245009C0A10,PASS,"PASS, {1: 1, 2: 1, 3: 1, 4: 1, 5: 1, 6: 1, 7: 1, 8: 1, 9: 1, 10: 1, 11: 1}","PASS, {1: 1, 2: 1, 3: 1, 4: 1, 5: 1, 6: 1, 7: 1, 8: 1, 9: 1, 10: 1}","PASS , {1: 1, 2: 1, 3: 1, 4: 1, 5: 1, 6: 1, 7: 1, 8: 1} ","PASS , {1: 1, 2: 1, 3: 1, 4: 1} ",17:05:30_17-09-25
855,817,8617,005076,"BV25362313352 , T253612819 ",FF00FFA50010600D1FD0761C0106389901508C85000100C800300001000DDBCD0301839A8245009C0A10,PASS,"PASS, {1: 1, 2: 1, 3: 1, 4: 1, 5: 1, 6: 1, 7: 1, 8: 1, 9: 1, 10: 1, 11: 1}","PASS, {1: 1, 2: 1, 3: 1, 4: 1, 5: 1, 6: 1, 7: 1, 8: 1, 9: 1, 10: 1}","PASS , {1: 1, 2: 1, 3: 1, 4: 1, 5: 1, 6: 1, 7: 1, 8: 1} ","PASS , {1: 1, 2: 1, 3: 1, 4: 1} ",17:06:46_17-09-25
856,818,8617,005076,"BV25362313353 , T253612826 ",FF00FFA50010600D1FD0761C0106389901508C85000100C800300001000DDBCD0301839A8245009C0A10,PASS,"PASS, {1: 1, 2: 1, 3: 1, 4: 1, 5: 1, 6: 1, 7: 1, 8: 1, 9: 1, 10: 1, 11: 1}","PASS, {1: 1, 2: 1, 3: 1, 4: 1, 5: 1, 6: 1, 7: 1, 8: 1, 9: 1, 10: 1}","PASS , {1: 1, 2: 1, 3: 1, 4: 1, 5: 1, 6: 1, 7: 1, 8: 1} ","PASS , {1: 1, 2: 1, 3: 1, 4: 1} ",17:07:59_17-09-25
857,819,8617,005076,"BV25362313355 , T253612831 ",FF00FFA50010600D1FD0761C0106389901508C85000100C800300001000DDBCD0301839A8245009C0A10,PASS,"PASS, {1: 1, 2: 1, 3: 1, 4: 1, 5: 1, 6: 1, 7: 1, 8: 1, 9: 1, 10: 1, 11: 1}","PASS, {1: 1, 2: 1, 3: 1, 4: 1, 5: 1, 6: 1, 7: 1, 8: 1, 9: 1, 10: 1}","PASS , {1: 1, 2: 1, 3: 1, 4: 1, 5: 1, 6: 1, 7: 1, 8: 1} ","PASS , {1: 1, 2: 1, 3: 1, 4: 1} ",17:09:12_17-09-25
858,820,8617,005076,"BV25362313357 , T253612833 ",FF00FFA50010600D1FD0761C0106389901508C85000100C800300001000DDBCD0301839A8245009C0A10,PASS,"PASS, {1: 1, 2: 1, 3: 1, 4: 1, 5: 1, 6: 1, 7: 1, 8: 1, 9: 1, 10: 1, 11: 1}","PASS, {1: 1, 2: 1, 3: 1, 4: 1, 5: 1, 6: 1, 7: 1, 8: 1, 9: 1, 10: 1}","PASS , {1: 1, 2: 1, 3: 1, 4: 1, 5: 1, 6: 1, 7: 1, 8: 1} ","PASS , {1: 1, 2: 1, 3: 1, 4: 1} ",17:10:25_17-09-25
859,821,8617,005076,"BV25362313358 , T253613326 ",FF00FFA50010600D1FD0761C0106389901508C85000100C800300001000DDBCD0301839A8245009C0A10,PASS,"PASS, {1: 1, 2: 1, 3: 1, 4: 1, 5: 1, 6: 1, 7: 1, 8: 1, 9: 1, 10: 1, 11: 1}","PASS, {1: 1, 2: 1, 3: 1, 4: 1, 5: 1, 6: 1, 7: 1, 8: 1, 9: 1, 10: 1}","PASS , {1: 1, 2: 1, 3: 1, 4: 1, 5: 1, 6: 1, 7: 1, 8: 1} ","PASS , {1: 1, 2: 1, 3: 1, 4: 1} ",17:11:38_17-09-25
860,822,8617,005076,"BV25362313359 , T253612830 ",FF00FFA50010600D1FD0761C0106389901508C85000100C800300001000DDBCD0301839A8245009C0A10,PASS,"PASS, {1: 1, 2: 1, 3: 1, 4: 1, 5: 1, 6: 1, 7: 1, 8: 1, 9: 1, 10: 1, 11: 1}","PASS, {1: 1, 2: 1, 3: 1, 4: 1, 5: 1, 6: 1, 7: 1, 8: 1, 9: 1, 10: 1}","PASS , {1: 1, 2: 1, 3: 1, 4: 1, 5: 1, 6: 1, 7: 1, 8: 1} ","PASS , {1: 1, 2: 1, 3: 1, 4: 1} ",17:12:56_17-09-25
861,823,8617,005076,"BV25362313356 , T253613330 ",FF00FFA50010600D1FD0761C0106389901508C85000100C800300001000DDBCD0301839A8245009C0A10,PASS,"PASS, {1: 1, 2: 1, 3: 1, 4: 1, 5: 1, 6: 1, 7: 1, 8: 1, 9: 1, 10: 1, 11: 1}","PASS, {1: 1, 2: 1, 3: 1, 4: 1, 5: 1, 6: 1, 7: 1, 8: 1, 9: 1, 10: 1}","PASS , {1: 1, 2: 1, 3: 1, 4: 1, 5: 1, 6: 1, 7: 1, 8: 1} ","PASS , {1: 1, 2: 1, 3: 1, 4: 1} ",17:14:09_17-09-25
862,824,8617,005076,"BV25362313365 , T253618807 ",FF00FFA50010600D1FD0761C0106389901508C85000100C800300001000DDBCD0301839A8245009C0A10,PASS,"PASS, {1: 1, 2: 1, 3: 1, 4: 1, 5: 1, 6: 1, 7: 1, 8: 1, 9: 1, 10: 1, 11: 1}","PASS, {1: 1, 2: 1, 3: 1, 4: 1, 5: 1, 6: 1, 7: 1, 8: 1, 9: 1, 10: 1}","PASS , {1: 1, 2: 1, 3: 1, 4: 1, 5: 1, 6: 1, 7: 1, 8: 1} ","PASS , {1: 1, 2: 1, 3: 1, 4: 1} ",17:15:22_17-09-25
863,825,8617,005076,"BV25362313367 , T253618811 ",FF00FFA50010600D1FD0761C0106389901508C85000100C800300001000DDBCD0301839A8245009C0A10,PASS,"PASS, {1: 1, 2: 1, 3: 1, 4: 1, 5: 1, 6: 1, 7: 1, 8: 1, 9: 1, 10: 1, 11: 1}","PASS, {1: 1, 2: 1, 3: 1, 4: 1, 5: 1, 6: 1, 7: 1, 8: 1, 9: 1, 10: 1}","PASS , {1: 1, 2: 1, 3: 1, 4: 1, 5: 1, 6: 1, 7: 1, 8: 1} ","PASS , {1: 1, 2: 1, 3: 1, 4: 1} ",17:16:35_17-09-25
864,826,8617,005076,"BV25362313376 , T253618337 ",FF00FFA50010600D1FD0761C0106389901508C85000100C800300001000DDBCD0301839A8245009C0A10,PASS,"PASS, {1: 1, 2: 1, 3: 1, 4: 1, 5: 1, 6: 1, 7: 1, 8: 1, 9: 1, 10: 1, 11: 1}","PASS, {1: 1, 2: 1, 3: 1, 4: 1, 5: 1, 6: 1, 7: 1, 8: 1, 9: 1, 10: 1}","PASS , {1: 1, 2: 1, 3: 1, 4: 1, 5: 1, 6: 1, 7: 1, 8: 1} ","PASS , {1: 1, 2: 1, 3: 1, 4: 1} ",17:17:49_17-09-25
865,827,8617,005076,"BV25362313377 , T253618328 ",FF00FFA50010600D1FD0761C0106389901508C85000100C800300001000DDBCD0301839A8245009C0A10,PASS,"PASS, {1: 1, 2: 1, 3: 1, 4: 1, 5: 1, 6: 1, 7: 1, 8: 1, 9: 1, 10: 1, 11: 1}","PASS, {1: 1, 2: 1, 3: 1, 4: 1, 5: 1, 6: 1, 7: 1, 8: 1, 9: 1, 10: 1}","PASS , {1: 1, 2: 1, 3: 1, 4: 1, 5: 1, 6: 1, 7: 1, 8: 1} ","PASS , {1: 1, 2: 1, 3: 1, 4: 1} ",17:19:03_17-09-25
866,828,8617,005076,"BV25362313384 , T253618333 ",FF00FFA50010600D1FD0761C0106389901508C85000100C800300001000DDBCD0301839A8245009C0A10,PASS,"PASS, {1: 1, 2: 1, 3: 1, 4: 1, 5: 1, 6: 1, 7: 1, 8: 1, 9: 1, 10: 1, 11: 1}","PASS, {1: 1, 2: 1, 3: 1, 4: 1, 5: 1, 6: 1, 7: 1, 8: 1, 9: 1, 10: 1}","PASS , {1: 1, 2: 1, 3: 1, 4: 1, 5: 1, 6: 1, 7: 1, 8: 1} ","PASS , {1: 1, 2: 1, 3: 1, 4: 1} ",17:20:17_17-09-25
867,829,8617,005076,"BV25362313382 , T253618344 ",FF00FFA50010600D1FD0761C0106389901508C85000100C800300001000DDBCD0301839A8245009C0A10,PASS,"PASS, {1: 1, 2: 1, 3: 1, 4: 1, 5: 1, 6: 1, 7: 1, 8: 1, 9: 1, 10: 1, 11: 1}","PASS, {1: 1, 2: 1, 3: 1, 4: 1, 5: 1, 6: 1, 7: 1, 8: 1, 9: 1, 10: 1}","PASS , {1: 1, 2: 1, 3: 1, 4: 1, 5: 1, 6: 1, 7: 1, 8: 1} ","PASS , {1: 1, 2: 1, 3: 1, 4: 1} ",17:21:30_17-09-25
868,830,8617,005076,"BV25362313382 , T253618344 ",FF00FFA50010600D1FD0761C0106389901508C85000100C800300001000DDBCD0301839A8245009C0A10,PASS,"PASS, {1: 1, 2: 1, 3: 1, 4: 1, 5: 1, 6: 1, 7: 1, 8: 1, 9: 1, 10: 1, 11: 1}","PASS, {1: 1, 2: 1, 3: 1, 4: 1, 5: 1, 6: 1, 7: 1, 8: 1, 9: 1, 10: 1}","PASS , {1: 1, 2: 1, 3: 1, 4: 1, 5: 1, 6: 1, 7: 1, 8: 1} ","PASS , {1: 1, 2: 1, 3: 1, 4: 1} ",17:22:59_17-09-25
869,831,8617,005076,"BV25362313375 , T253618331 ",FF00FFA50010600D1FD0761C0106389901508C85000100C800300001000DDBCD0301839A8245009C0A10,PASS,"PASS, {1: 1, 2: 1, 3: 1, 4: 1, 5: 1, 6: 1, 7: 1, 8: 1, 9: 1, 10: 1, 11: 1}","PASS, {1: 1, 2: 1, 3: 1, 4: 1, 5: 1, 6: 1, 7: 1, 8: 1, 9: 1, 10: 1}","PASS , {1: 1, 2: 1, 3: 1, 4: 1, 5: 1, 6: 1, 7: 1, 8: 1} ","PASS , {1: 1, 2: 1, 3: 1, 4: 1} ",17:24:13_17-09-25
870,832,8617,005076,"BV25362313366 , T253618814 ",FF00FFA50010600D1FD0761C0106389901508C85000100C800300001000DDBCD0301839A8245009C0A10,PASS,"PASS, {1: 1, 2: 1, 3: 1, 4: 1, 5: 1, 6: 1, 7: 1, 8: 1, 9: 1, 10: 1, 11: 1}","PASS, {1: 1, 2: 1, 3: 1, 4: 1, 5: 1, 6: 1, 7: 1, 8: 1, 9: 1, 10: 1}","PASS , {1: 1, 2: 1, 3: 1, 4: 1, 5: 1, 6: 1, 7: 1, 8: 1} ","PASS , {1: 1, 2: 1, 3: 1, 4: 1} ",17:25:30_17-09-25
871,833,8617,005076,"BV25362313182 , T253613355 ",FF00FFA50010600D1FD0761C0106389901508C85000100C800300001000DDBCD0301839A8245009C0A10,PASS,"PASS, {1: 1, 2: 1, 3: 1, 4: 1, 5: 1, 6: 1, 7: 1, 8: 1, 9: 1, 10: 1, 11: 1}","PASS, {1: 1, 2: 1, 3: 1, 4: 1, 5: 1, 6: 1, 7: 1, 8: 1, 9: 1, 10: 1}","PASS , {1: 1, 2: 1, 3: 1, 4: 1, 5: 1, 6: 1, 7: 1, 8: 1} ","PASS , {1: 1, 2: 1, 3: 1, 4: 1} ",17:26:43_17-09-25
872,834,8617,005076,"BV25362313368 , T253618327 ",FF00FFA50010600D1FD0761C0106389901508C85000100C800300001000DDBCD0301839A8245009C0A10,PASS,"PASS, {1: 1, 2: 1, 3: 1, 4: 1, 5: 1, 6: 1, 7: 1, 8: 1, 9: 1, 10: 1, 11: 1}","PASS, {1: 1, 2: 1, 3: 1, 4: 1, 5: 1, 6: 1, 7: 1, 8: 1, 9: 1, 10: 1}","PASS , {1: 1, 2: 1, 3: 1, 4: 1, 5: 1, 6: 1, 7: 1, 8: 1} ","PASS , {1: 1, 2: 1, 3: 1, 4: 1} ",17:27:55_17-09-25
873,835,8617,005076,"BV25362313397 , T253618846 ",FF00FFA50010600D1FD0761C0106389901508C85000100C800300001000DDBCD0301839A8245009C0A10,PASS,"PASS, {1: 1, 2: 1, 3: 1, 4: 1, 5: 1, 6: 1, 7: 1, 8: 1, 9: 1, 10: 1, 11: 1}","PASS, {1: 1, 2: 1, 3: 1, 4: 1, 5: 1, 6: 1, 7: 1, 8: 1, 9: 1, 10: 1}","PASS , {1: 1, 2: 1, 3: 1, 4: 1, 5: 1, 6: 1, 7: 1, 8: 1} ","PASS , {1: 1, 2: 1, 3: 1, 4: 1} ",17:29:08_17-09-25
874,836,8617,005076,"BV25362313398 , T253618847 ",FF00FFA50010600D1FD0761C0106389901508C85000100C800300001000DDBCD0301839A8245009C0A10,PASS,"PASS, {1: 1, 2: 1, 3: 1, 4: 1, 5: 1, 6: 1, 7: 1, 8: 1, 9: 1, 10: 1, 11: 1}","PASS, {1: 1, 2: 1, 3: 1, 4: 1, 5: 1, 6: 1, 7: 1, 8: 1, 9: 1, 10: 1}","PASS , {1: 1, 2: 1, 3: 1, 4: 1, 5: 1, 6: 1, 7: 1, 8: 1} ","PASS , {1: 1, 2: 1, 3: 1, 4: 1} ",17:30:21_17-09-25
875,837,8617,005076,"BV25362313396 , T253619160 ",FF00FFA50010600D1FD0761C0106389901508C85000100C800300001000DDBCD0301839A8245009C0A10,PASS,"PASS, {1: 1, 2: 1, 3: 1, 4: 1, 5: 1, 6: 1, 7: 1, 8: 1, 9: 1, 10: 1, 11: 1}","PASS, {1: 1, 2: 1, 3: 1, 4: 1, 5: 1, 6: 1, 7: 1, 8: 1, 9: 1, 10: 1}","PASS , {1: 1, 2: 1, 3: 1, 4: 1, 5: 1, 6: 1, 7: 1, 8: 1} ","PASS , {1: 1, 2: 1, 3: 1, 4: 1} ",17:31:33_17-09-25
876,838,8617,005076,"BV25362313404 , T253618670 ",FF00FFA50010600D1FD0761C0106389901508C85000100C800300001000DDBCD0301839A8245009C0A10,PASS,"PASS, {1: 1, 2: 1, 3: 1, 4: 1, 5: 1, 6: 1, 7: 1, 8: 1, 9: 1, 10: 1, 11: 1}","PASS, {1: 1, 2: 1, 3: 1, 4: 1, 5: 1, 6: 1, 7: 1, 8: 1, 9: 1, 10: 1}","PASS , {1: 1, 2: 1, 3: 1, 4: 1, 5: 1, 6: 1, 7: 1, 8: 1} ","PASS , {1: 1, 2: 1, 3: 1, 4: 1} ",17:32:46_17-09-25
877,839,8617,005076,"BV25362313405 , T253618634 ",FF00FFA50010600D1FD0761C0106389901508C85000100C800300001000DDBCD0301839A8245009C0A10,PASS,"PASS, {1: 1, 2: 1, 3: 1, 4: 1, 5: 1, 6: 1, 7: 1, 8: 1, 9: 1, 10: 1, 11: 1}","PASS, {1: 1, 2: 1, 3: 1, 4: 1, 5: 1, 6: 1, 7: 1, 8: 1, 9: 1, 10: 1}","PASS , {1: 1, 2: 1, 3: 1, 4: 1, 5: 1, 6: 1, 7: 1, 8: 1} ","PASS , {1: 1, 2: 1, 3: 1, 4: 1} ",17:33:59_17-09-25
878,840,8617,005076,"BV25362313395 , T253618858 ",FF00FFA50010600D1FD0761C0106389901508C85000100C800300001000DDBCD0301839A8245009C0A10,PASS,"PASS, {1: 1, 2: 1, 3: 1, 4: 1, 5: 1, 6: 1, 7: 1, 8: 1, 9: 1, 10: 1, 11: 1}","PASS, {1: 1, 2: 1, 3: 1, 4: 1, 5: 1, 6: 1, 7: 1, 8: 1, 9: 1, 10: 1}","PASS , {1: 1, 2: 1, 3: 1, 4: 1, 5: 1, 6: 1, 7: 1, 8: 1} ","PASS , {1: 1, 2: 1, 3: 1, 4: 1} ",17:35:12_17-09-25
879,841,8617,005076,"BV25362313394 , T253618853 ",FF00FFA50010600D1FD0761C0106389901508C85000100C800300001000DDBCD0301839A8245009C0A10,PASS,"PASS, {1: 1, 2: 1, 3: 1, 4: 1, 5: 1, 6: 1, 7: 1, 8: 1, 9: 1, 10: 1, 11: 1}","PASS, {1: 1, 2: 1, 3: 1, 4: 1, 5: 1, 6: 1, 7: 1, 8: 1, 9: 1, 10: 1}","PASS , {1: 1, 2: 1, 3: 1, 4: 1, 5: 1, 6: 1, 7: 1, 8: 1} ","PASS , {1: 1, 2: 1, 3: 1, 4: 1} ",17:36:25_17-09-25
880,842,8617,005076,"BV25362313343 , T253612811 ",FF00FFA50010600D1FD0761C0106389901508C85000100C800300001000DDBCD0301839A8245009C0A10,PASS,"PASS, {1: 1, 2: 1, 3: 1, 4: 1, 5: 1, 6: 1, 7: 1, 8: 1, 9: 1, 10: 1, 11: 1}","PASS, {1: 1, 2: 1, 3: 1, 4: 1, 5: 1, 6: 1, 7: 1, 8: 1, 9: 1, 10: 1}","PASS , {1: 1, 2: 1, 3: 1, 4: 1, 5: 1, 6: 1, 7: 1, 8: 1} ","PASS , {1: 1, 2: 1, 3: 1, 4: 1} ",17:37:36_17-09-25
881,843,8617,005076,"BV25362313354 , T253613331 ",FF00FFA50010600D1FD0761C0106389901508C85000100C800300001000DDBCD0301839A8245009C0A10,PASS,"PASS, {1: 1, 2: 1, 3: 1, 4: 1, 5: 1, 6: 1, 7: 1, 8: 1, 9: 1, 10: 1, 11: 1}","PASS, {1: 1, 2: 1, 3: 1, 4: 1, 5: 1, 6: 1, 7: 1, 8: 1, 9: 1, 10: 1}","PASS , {1: 1, 2: 1, 3: 1, 4: 1, 5: 1, 6: 1, 7: 1, 8: 1} ","PASS , {1: 1, 2: 1, 3: 1, 4: 1} ",17:38:49_17-09-25
882,844,8617,005076,"BV25362313351 , T253612822 ",FF00FFA50010600D1FD0761C0106389901508C85000100C800300001000DDBCD0301839A8245009C0A10,PASS,"PASS, {1: 1, 2: 1, 3: 1, 4: 1, 5: 1, 6: 1, 7: 1, 8: 1, 9: 1, 10: 1, 11: 1}","PASS, {1: 1, 2: 1, 3: 1, 4: 1, 5: 1, 6: 1, 7: 1, 8: 1, 9: 1, 10: 1}","PASS , {1: 1, 2: 1, 3: 1, 4: 1, 5: 1, 6: 1, 7: 1, 8: 1} ","PASS , {1: 1, 2: 1, 3: 1, 4: 1} ",17:40:01_17-09-25
883,845,8617,005076,"BV25362313350 , T253612817 ",FF00FFA50010600D1FD0761C0106389901508C85000100C800300001000DDBCD0301839A8245009C0A10,PASS,"PASS, {1: 1, 2: 1, 3: 1, 4: 1, 5: 1, 6: 1, 7: 1, 8: 1, 9: 1, 10: 1, 11: 1}","PASS, {1: 1, 2: 1, 3: 1, 4: 1, 5: 1, 6: 1, 7: 1, 8: 1, 9: 1, 10: 1}","PASS , {1: 1, 2: 1, 3: 1, 4: 1, 5: 1, 6: 1, 7: 1, 8: 1} ","PASS , {1: 1, 2: 1, 3: 1, 4: 1} ",17:41:15_17-09-25
884,846,8617,005076,"BV25362313347 , T253612824 ",FF00FFA50010600D1FD0761C0106389901508C85000100C800300001000DDBCD0301839A8245009C0A10,PASS,"PASS, {1: 1, 2: 1, 3: 1, 4: 1, 5: 1, 6: 1, 7: 1, 8: 1, 9: 1, 10: 1, 11: 1}","PASS, {1: 1, 2: 1, 3: 1, 4: 1, 5: 1, 6: 1, 7: 1, 8: 1, 9: 1, 10: 1}","PASS , {1: 1, 2: 1, 3: 1, 4: 1, 5: 1, 6: 1, 7: 1, 8: 1} ","PASS , {1: 1, 2: 1, 3: 1, 4: 1} ",17:42:30_17-09-25
885,847,8617,005076,"BV25362313345 , T253612828 ",FF00FFA50010600D1FD0761C0106389901508C85000100C800300001000DDBCD0301839A8245009C0A10,PASS,"PASS, {1: 1, 2: 1, 3: 1, 4: 1, 5: 1, 6: 1, 7: 1, 8: 1, 9: 1, 10: 1, 11: 1}","PASS, {1: 1, 2: 1, 3: 1, 4: 1, 5: 1, 6: 1, 7: 1, 8: 1, 9: 1, 10: 1}","PASS , {1: 1, 2: 1, 3: 1, 4: 1, 5: 1, 6: 1, 7: 1, 8: 1} ","PASS , {1: 1, 2: 1, 3: 1, 4: 1} ",17:43:52_17-09-25
886,848,8617,005076,"BV25362313341 , T253612808 ",FF00FFA50010600D1FD0761C0106389901508C85000100C800300001000DDBCD0301839A8245009C0A10,PASS,"PASS, {1: 1, 2: 1, 3: 1, 4: 1, 5: 1, 6: 1, 7: 1, 8: 1, 9: 1, 10: 1, 11: 1}","PASS, {1: 1, 2: 1, 3: 1, 4: 1, 5: 1, 6: 1, 7: 1, 8: 1, 9: 1, 10: 1}","PASS , {1: 1, 2: 1, 3: 1, 4: 1, 5: 1, 6: 1, 7: 1, 8: 1} ","PASS , {1: 1, 2: 1, 3: 1, 4: 1} ",17:45:06_17-09-25
887,849,8617,005076,"BV25362313430 , T253618781 ",FF00FFA50010600D1FD0761C0106389901508C85000100C800300001000DDBCD0301839A8245009C0A10,PASS,"PASS, {1: 1, 2: 1, 3: 1, 4: 1, 5: 1, 6: 1, 7: 1, 8: 1, 9: 1, 10: 1, 11: 1}","PASS, {1: 1, 2: 1, 3: 1, 4: 1, 5: 1, 6: 1, 7: 1, 8: 1, 9: 1, 10: 1}","PASS , {1: 1, 2: 1, 3: 1, 4: 1, 5: 1, 6: 1, 7: 1, 8: 1} ","PASS , {1: 1, 2: 1, 3: 1, 4: 1} ",17:46:24_17-09-25
888,850,8617,005076,"BV25362313339 , T253612821 ",FF00FFA50010600D1FD0761C0106389901508C85000100C800300001000DDBCD0301839A8245009C0A10,PASS,"PASS, {1: 1, 2: 1, 3: 1, 4: 1, 5: 1, 6: 1, 7: 1, 8: 1, 9: 1, 10: 1, 11: 1}","PASS, {1: 1, 2: 1, 3: 1, 4: 1, 5: 1, 6: 1, 7: 1, 8: 1, 9: 1, 10: 1}","PASS , {1: 1, 2: 1, 3: 1, 4: 1, 5: 1, 6: 1, 7: 1, 8: 1} ","PASS , {1: 1, 2: 1, 3: 1, 4: 1} ",17:47:42_17-09-25
889,851,8617,005076,"BV25362313340 , T253612810 ",FF00FFA50010600D1FD0761C0106389901508C85000100C800300001000DDBCD0301839A8245009C0A10,PASS,"PASS, {1: 1, 2: 1, 3: 1, 4: 1, 5: 1, 6: 1, 7: 1, 8: 1, 9: 1, 10: 1, 11: 1}","PASS, {1: 1, 2: 1, 3: 1, 4: 1, 5: 1, 6: 1, 7: 1, 8: 1, 9: 1, 10: 1}","PASS , {1: 1, 2: 1, 3: 1, 4: 1, 5: 1, 6: 1, 7: 1, 8: 1} ","PASS , {1: 1, 2: 1, 3: 1, 4: 1} ",17:48:58_17-09-25
890,852,8617,005076,"BV25362313331 , T253618119 ",FF00FFA50010600D1FD0761C0106389901508C85000100C800300001000DDBCD0301839A8245009C0A10,PASS,"PASS, {1: 1, 2: 1, 3: 1, 4: 1, 5: 1, 6: 1, 7: 1, 8: 1, 9: 1, 10: 1, 11: 1}","PASS, {1: 1, 2: 1, 3: 1, 4: 1, 5: 1, 6: 1, 7: 1, 8: 1, 9: 1, 10: 1}","PASS , {1: 1, 2: 1, 3: 1, 4: 1, 5: 1, 6: 1, 7: 1, 8: 1} ","PASS , {1: 1, 2: 1, 3: 1, 4: 1} ",17:50:12_17-09-25
891,853,8617,005076,"BV25362313332 , T253618113 ",FF00FFA50010600D1FD0761C0106389901508C85000100C800300001000DDBCD0301839A8245009C0A10,PASS,"PASS, {1: 1, 2: 1, 3: 1, 4: 1, 5: 1, 6: 1, 7: 1, 8: 1, 9: 1, 10: 1, 11: 1}","PASS, {1: 1, 2: 1, 3: 1, 4: 1, 5: 1, 6: 1, 7: 1, 8: 1, 9: 1, 10: 1}","PASS , {1: 1, 2: 1, 3: 1, 4: 1, 5: 1, 6: 1, 7: 1, 8: 1} ","PASS , {1: 1, 2: 1, 3: 1, 4: 1} ",17:51:57_17-09-25
892,853,8617,005076,"BV25342311468 , T253405766 ",FF00FFA50010600D1FD0761C0106389901508C85000100C800300001000DDBCD0301839A8245009C0A10,PASS,"PASS, {1: 1, 2: 1, 3: 1, 4: 1, 5: 1, 6: 1, 7: 1, 8: 1, 9: 1, 10: 1, 11: 1}","FAIL, {1: 1, 2: 0, 3: 1, 4: 0, 5: 0, 6: 0, 7: 1, 8: 0, 9: 0, 10: 0}","FAIL , {1: 0, 2: 1, 3: 1, 4: 0, 5: 0, 6: 1, 7: 1, 8: 1} ","PASS , {1: 1, 2: 1, 3: 1, 4: 1} ",20:22:22_17-09-25
893,853,8617,005076,"BV25342311468 , T253405766 ",FF00FFA50010600D1FD0761C0106389901508C85000100C800300001000DDBCD0301839A8245009C0A10,PASS,"PASS, {1: 1, 2: 1, 3: 1, 4: 1, 5: 1, 6: 1, 7: 1, 8: 1, 9: 1, 10: 1, 11: 1}","FAIL, {1: 0, 2: 0, 3: 0, 4: 0, 5: 0, 6: 0, 7: 1, 8: 0, 9: 0, 10: 0}","PASS , {1: 1, 2: 1, 3: 1, 4: 1, 5: 1, 6: 1, 7: 1, 8: 1} ","PASS , {1: 1, 2: 1, 3: 1, 4: 1} ",20:23:42_17-09-25
894,853,8617,005076,"BV25342310196 , T253319137 ",FF00FFA50010600D1FD0761C0106389901508C85000100C800300001000DDBCD0301839A8245009C0A10,PASS,"PASS, {1: 1, 2: 1, 3: 1, 4: 1, 5: 1, 6: 1, 7: 1, 8: 1, 9: 1, 10: 1, 11: 1}","FAIL, {1: 1, 2: 0, 3: 1, 4: 0, 5: 0, 6: 0, 7: 1, 8: 0, 9: 1, 10: 0}","PASS , {1: 1, 2: 1, 3: 1, 4: 1, 5: 1, 6: 1, 7: 1, 8: 1} ","PASS , {1: 1, 2: 1, 3: 1, 4: 1} ",20:25:06_17-09-25
895,854,8617,005076,"BV25342312360 , T253404873 ",FF00FFA50010600D1FD0761C01072E4F01520D6D000200C800300001000DDBCD0301839A8245009C0929,PASS,"PASS, {1: 1, 2: 1, 3: 1, 4: 1, 5: 1, 6: 1, 7: 1, 8: 1, 9: 1, 10: 1, 11: 1}","PASS, {1: 1, 2: 1, 3: 1, 4: 1, 5: 1, 6: 1, 7: 1, 8: 1, 9: 1, 10: 1}","PASS , {1: 1, 2: 1, 3: 1, 4: 1, 5: 1, 6: 1, 7: 1, 8: 1} ","PASS , {1: 1, 2: 1, 3: 1, 4: 1} ",20:26:24_17-09-25
896,855,8617,005076,"BV25342310227 , T253318263 ",FF00FFA50010600D1FD0761C0106389901508C85000100C800300001000DDBCD0301839A8245009C0A10,PASS,"PASS, {1: 1, 2: 1, 3: 1, 4: 1, 5: 1, 6: 1, 7: 1, 8: 1, 9: 1, 10: 1, 11: 1}","PASS, {1: 1, 2: 1, 3: 1, 4: 1, 5: 1, 6: 1, 7: 1, 8: 1, 9: 1, 10: 1}","PASS , {1: 1, 2: 1, 3: 1, 4: 1, 5: 1, 6: 1, 7: 1, 8: 1} ","PASS , {1: 1, 2: 1, 3: 1, 4: 1} ",20:27:55_17-09-25
897,855,8617,005076,"BV25342311181 , T253405725 ",FF00FFA50010600D1FD0761C0106389901508C85000100C800300001000DDBCD0301839A8245009C0A10,PASS,"PASS, {1: 1, 2: 1, 3: 1, 4: 1, 5: 1, 6: 1, 7: 1, 8: 1, 9: 1, 10: 1, 11: 1}","FAIL, {1: 1, 2: 1, 3: 1, 4: 1, 5: 1, 6: 1, 7: 1, 8: 1, 9: 0, 10: 1}","PASS , {1: 1, 2: 1, 3: 1, 4: 1, 5: 1, 6: 1, 7: 1, 8: 1} ","PASS , {1: 1, 2: 1, 3: 1, 4: 1} ",20:30:12_17-09-25
898,856,8617,005076,"BV25342311181 , T253405725 ",FF00FFA50010600D1FD0761C0106389901508C85000100C800300001000DDBCD0301839A8245009C0A10,PASS,"PASS, {1: 1, 2: 1, 3: 1, 4: 1, 5: 1, 6: 1, 7: 1, 8: 1, 9: 1, 10: 1, 11: 1}","PASS, {1: 1, 2: 1, 3: 1, 4: 1, 5: 1, 6: 1, 7: 1, 8: 1, 9: 1, 10: 1}","PASS , {1: 1, 2: 1, 3: 1, 4: 1, 5: 1, 6: 1, 7: 1, 8: 1} ","PASS , {1: 1, 2: 1, 3: 1, 4: 1} ",20:31:28_17-09-25
899,857,8617,005076,"BV25342310788 , T253319127 ",FF00FFA50010600D1FD0761C01072E4F01520D6D000200C800300001000DDBCD0301839A8245009C0929,PASS,"PASS, {1: 1, 2: 1, 3: 1, 4: 1, 5: 1, 6: 1, 7: 1, 8: 1, 9: 1, 10: 1, 11: 1}","PASS, {1: 1, 2: 1, 3: 1, 4: 1, 5: 1, 6: 1, 7: 1, 8: 1, 9: 1, 10: 1}","PASS , {1: 1, 2: 1, 3: 1, 4: 1, 5: 1, 6: 1, 7: 1, 8: 1} ","PASS , {1: 1, 2: 1, 3: 1, 4: 1} ",20:33:13_17-09-25
900,858,8617,005076,"BV25342311040 , T253402051 ",FF00FFA50010600D1FD0761C0106389901508C85000100C800300001000DDBCD0301839A8245009C0A10,PASS,"PASS, {1: 1, 2: 1, 3: 1, 4: 1, 5: 1, 6: 1, 7: 1, 8: 1, 9: 1, 10: 1, 11: 1}","PASS, {1: 1, 2: 1, 3: 1, 4: 1, 5: 1, 6: 1, 7: 1, 8: 1, 9: 1, 10: 1}","PASS , {1: 1, 2: 1, 3: 1, 4: 1, 5: 1, 6: 1, 7: 1, 8: 1} ","PASS , {1: 1, 2: 1, 3: 1, 4: 1} ",20:34:35_17-09-25
901,859,8617,005076,"BV25342310788 , T253319127 ",FF00FFA50010600D1FD0761C01072E4F01520D6D000200C800300001000DDBCD0301839A8245009C0929,PASS,"PASS, {1: 1, 2: 1, 3: 1, 4: 1, 5: 1, 6: 1, 7: 1, 8: 1, 9: 1, 10: 1, 11: 1}","PASS, {1: 1, 2: 1, 3: 1, 4: 1, 5: 1, 6: 1, 7: 1, 8: 1, 9: 1, 10: 1}","PASS , {1: 1, 2: 1, 3: 1, 4: 1, 5: 1, 6: 1, 7: 1, 8: 1} ","PASS , {1: 1, 2: 1, 3: 1, 4: 1} ",20:36:03_17-09-25
902,860,8617,005076,"BV25342311037 , T253402010 ",FF00FFA50010600D1FD0761C0106389901508C85000100C800300001000DDBCD0301839A8245009C0A10,PASS,"PASS, {1: 1, 2: 1, 3: 1, 4: 1, 5: 1, 6: 1, 7: 1, 8: 1, 9: 1, 10: 1, 11: 1}","PASS, {1: 1, 2: 1, 3: 1, 4: 1, 5: 1, 6: 1, 7: 1, 8: 1, 9: 1, 10: 1}","PASS , {1: 1, 2: 1, 3: 1, 4: 1, 5: 1, 6: 1, 7: 1, 8: 1} ","PASS , {1: 1, 2: 1, 3: 1, 4: 1} ",20:37:25_17-09-25
903,861,8617,005076,"BV25342311037 , T253402010 ",FF00FFA50010600D1FD0761C0106389901508C85000100C800300001000DDBCD0301839A8245009C0A10,PASS,"PASS, {1: 1, 2: 1, 3: 1, 4: 1, 5: 1, 6: 1, 7: 1, 8: 1, 9: 1, 10: 1, 11: 1}","PASS, {1: 1, 2: 1, 3: 1, 4: 1, 5: 1, 6: 1, 7: 1, 8: 1, 9: 1, 10: 1}","PASS , {1: 1, 2: 1, 3: 1, 4: 1, 5: 1, 6: 1, 7: 1, 8: 1} ","PASS , {1: 1, 2: 1, 3: 1, 4: 1} ",20:38:43_17-09-25
904,862,8617,005076,"BV25342313434 , T253404094 ",FF00FFA50010600D1FD0761C0106389901508C85000100C800300001000DDBCD0301839A8245009C0A10,PASS,"PASS, {1: 1, 2: 1, 3: 1, 4: 1, 5: 1, 6: 1, 7: 1, 8: 1, 9: 1, 10: 1, 11: 1}","PASS, {1: 1, 2: 1, 3: 1, 4: 1, 5: 1, 6: 1, 7: 1, 8: 1, 9: 1, 10: 1}","PASS , {1: 1, 2: 1, 3: 1, 4: 1, 5: 1, 6: 1, 7: 1, 8: 1} ","PASS , {1: 1, 2: 1, 3: 1, 4: 1} ",20:40:29_17-09-25
905,862,8617,005076,"BV25342312389 , T253401003 ",FF00FFA50010600D1FD0761C0106389901508C85000100C800300001000DDBCD0301839A8245009C0A10,PASS,"PASS, {1: 1, 2: 1, 3: 1, 4: 1, 5: 1, 6: 1, 7: 1, 8: 1, 9: 1, 10: 1, 11: 1}","PASS, {1: 1, 2: 1, 3: 1, 4: 1, 5: 1, 6: 1, 7: 1, 8: 1, 9: 1, 10: 1}","FAIL , {1: 1, 2: 1, 3: 1, 4: 1, 5: 1, 6: 1, 7: 0, 8: 1} ","PASS , {1: 1, 2: 1, 3: 1, 4: 1} ",20:42:12_17-09-25
906,862,8617,005076,"BV25342312389 , T253401003 ",FF00FFA50010600D1FD0761C0106389901508C85000100C800300001000DDBCD0301839A8245009C0A10,PASS,"PASS, {1: 1, 2: 1, 3: 1, 4: 1, 5: 1, 6: 1, 7: 1, 8: 1, 9: 1, 10: 1, 11: 1}","PASS, {1: 1, 2: 1, 3: 1, 4: 1, 5: 1, 6: 1, 7: 1, 8: 1, 9: 1, 10: 1}","FAIL , {1: 1, 2: 1, 3: 1, 4: 1, 5: 1, 6: 1, 7: 0, 8: 1} ","FAIL , {1: 1, 2: 1, 3: 1, 4: 0} ",20:43:57_17-09-25
907,862,8617,005076,"BV25342311049 , T253402032 ",FF00FFA50010600D1FD0761C0106389901508C85000100C800300001000DDBCD0301839A8245009C0A10,PASS,"PASS, {1: 1, 2: 1, 3: 1, 4: 1, 5: 1, 6: 1, 7: 1, 8: 1, 9: 1, 10: 1, 11: 1}","FAIL, {1: 0, 2: 0, 3: 0, 4: 0, 5: 0, 6: 0, 7: 1, 8: 0, 9: 1, 10: 0}","PASS , {1: 1, 2: 1, 3: 1, 4: 1, 5: 1, 6: 1, 7: 1, 8: 1} ","FAIL , {1: 1, 2: 1, 3: 0, 4: 0} ",20:45:15_17-09-25
908,862,8617,005076,"BV25342311049 , BV25342311049 ",FF00FFA50010600D1FD0761C0106389901508C85000100C800300001000DDBCD0301839A8245009C0A10,PASS,"PASS, {1: 1, 2: 1, 3: 1, 4: 1, 5: 1, 6: 1, 7: 1, 8: 1, 9: 1, 10: 1, 11: 1}","FAIL, {1: 1, 2: 0, 3: 1, 4: 0, 5: 0, 6: 0, 7: 1, 8: 0, 9: 1, 10: 1}","PASS , {1: 1, 2: 1, 3: 1, 4: 1, 5: 1, 6: 1, 7: 1, 8: 1} ","PASS , {1: 1, 2: 1, 3: 1, 4: 1} ",20:46:30_17-09-25
909,863,8617,005076,"BV25362310056 , T253401159 ",FF00FFA50010600D1FD0761C0106389901508C85000100C800300001000DDBCD0301839A8245009C0A10,PASS,"PASS, {1: 1, 2: 1, 3: 1, 4: 1, 5: 1, 6: 1, 7: 1, 8: 1, 9: 1, 10: 1, 11: 1}","PASS, {1: 1, 2: 1, 3: 1, 4: 1, 5: 1, 6: 1, 7: 1, 8: 1, 9: 1, 10: 1}","PASS , {1: 1, 2: 1, 3: 1, 4: 1, 5: 1, 6: 1, 7: 1, 8: 1} ","PASS , {1: 1, 2: 1, 3: 1, 4: 1} ",20:48:00_17-09-25
910,864,8617,005076,"BV25342312551 , T253404119 ",FF00FFA50010600D1FD0761C0106389901508C85000100C800300001000DDBCD0301839A8245009C0A10,PASS,"PASS, {1: 1, 2: 1, 3: 1, 4: 1, 5: 1, 6: 1, 7: 1, 8: 1, 9: 1, 10: 1, 11: 1}","PASS, {1: 1, 2: 1, 3: 1, 4: 1, 5: 1, 6: 1, 7: 1, 8: 1, 9: 1, 10: 1}","PASS , {1: 1, 2: 1, 3: 1, 4: 1, 5: 1, 6: 1, 7: 1, 8: 1} ","PASS , {1: 1, 2: 1, 3: 1, 4: 1} ",20:49:31_17-09-25
911,864,8617,005076,"BV25342312696 , T253403201 ",FF00FFA50010600D1FD0761C0106389901508C85000100C800300001000DDBCD0301839A8245009C0A10,PASS,"PASS, {1: 1, 2: 1, 3: 1, 4: 1, 5: 1, 6: 1, 7: 1, 8: 1, 9: 1, 10: 1, 11: 1}","PASS, {1: 1, 2: 1, 3: 1, 4: 1, 5: 1, 6: 1, 7: 1, 8: 1, 9: 1, 10: 1}","FAIL , {1: 1, 2: 1, 3: 1, 4: 1, 5: 1, 6: 1, 7: 0, 8: 1} ","FAIL , {1: 1, 2: 0, 3: 0, 4: 0} ",20:51:14_17-09-25
912,865,8617,005076,"BV25342312554 , T253404124 ",FF00FFA50010600D1FD0761C0106389901508C85000100C800300001000DDBCD0301839A8245009C0A10,PASS,"PASS, {1: 1, 2: 1, 3: 1, 4: 1, 5: 1, 6: 1, 7: 1, 8: 1, 9: 1, 10: 1, 11: 1}","PASS, {1: 1, 2: 1, 3: 1, 4: 1, 5: 1, 6: 1, 7: 1, 8: 1, 9: 1, 10: 1}","PASS , {1: 1, 2: 1, 3: 1, 4: 1, 5: 1, 6: 1, 7: 1, 8: 1} ","PASS , {1: 1, 2: 1, 3: 1, 4: 1} ",20:52:28_17-09-25
913,866,8617,005076,"BV25342312554 , T253404124 ",FF00FFA50010600D1FD0761C0106389901508C85000100C800300001000DDBCD0301839A8245009C0A10,PASS,"PASS, {1: 1, 2: 1, 3: 1, 4: 1, 5: 1, 6: 1, 7: 1, 8: 1, 9: 1, 10: 1, 11: 1}","PASS, {1: 1, 2: 1, 3: 1, 4: 1, 5: 1, 6: 1, 7: 1, 8: 1, 9: 1, 10: 1}","PASS , {1: 1, 2: 1, 3: 1, 4: 1, 5: 1, 6: 1, 7: 1, 8: 1} ","PASS , {1: 1, 2: 1, 3: 1, 4: 1} ",20:53:46_17-09-25
