ID_Prueba,ID,Numero Empleado,Numero Orden,"Codigos serial ,QR",Version Firmware,Comunicación232,Prueba LEDS,Prueba LCDS,Prueba pulsacion Botones,Prueba entradas digitales,Hora y Fecha
1,1,8002,004638,"BV25292310011 , T252716337 ",FF00FFA50010600D1FD0761C0106389901508C85000100C800300001000DDBCD0301839A8245009C0A10,PASS,"PASS, {1: 1, 2: 1, 3: 1, 4: 1, 5: 1, 6: 1, 7: 1, 8: 1, 9: 1, 10: 1, 11: 1}","PASS, {1: 1, 2: 1, 3: 1, 4: 1, 5: 1, 6: 1, 7: 1, 8: 1, 9: 1, 10: 1}","PASS , {1: 1, 2: 1, 3: 1, 4: 1, 5: 1, 6: 1, 7: 1, 8: 1} ","PASS , {1: 1, 2: 1, 3: 1, 4: 1} ",08:59:58_15-07-25
2,2,8002,004638,"BV25292310013 , T252716384 ",FF00FFA50010600D1FD0761C0106389901508C85000100C800300001000DDBCD0301839A8245009C0A10,PASS,"PASS, {1: 1, 2: 1, 3: 1, 4: 1, 5: 1, 6: 1, 7: 1, 8: 1, 9: 1, 10: 1, 11: 1}","PASS, {1: 1, 2: 1, 3: 1, 4: 1, 5: 1, 6: 1, 7: 1, 8: 1, 9: 1, 10: 1}","PASS , {1: 1, 2: 1, 3: 1, 4: 1, 5: 1, 6: 1, 7: 1, 8: 1} ","PASS , {1: 1, 2: 1, 3: 1, 4: 1} ",09:01:22_15-07-25
3,3,8002,004638,"BV25292310015 , T252718934 ",FF00FFA50010600D1FD0761C0106389901508C85000100C800300001000DDBCD0301839A8245009C0A10,PASS,"PASS, {1: 1, 2: 1, 3: 1, 4: 1, 5: 1, 6: 1, 7: 1, 8: 1, 9: 1, 10: 1, 11: 1}","PASS, {1: 1, 2: 1, 3: 1, 4: 1, 5: 1, 6: 1, 7: 1, 8: 1, 9: 1, 10: 1}","PASS , {1: 1, 2: 1, 3: 1, 4: 1, 5: 1, 6: 1, 7: 1, 8: 1} ","PASS , {1: 1, 2: 1, 3: 1, 4: 1} ",09:02:35_15-07-25
4,4,8002,004638,"BV25292310014 , T252720870 ",FF00FFA50010600D1FD0761C0106389901508C85000100C800300001000DDBCD0301839A8245009C0A10,PASS,"PASS, {1: 1, 2: 1, 3: 1, 4: 1, 5: 1, 6: 1, 7: 1, 8: 1, 9: 1, 10: 1, 11: 1}","PASS, {1: 1, 2: 1, 3: 1, 4: 1, 5: 1, 6: 1, 7: 1, 8: 1, 9: 1, 10: 1}","PASS , {1: 1, 2: 1, 3: 1, 4: 1, 5: 1, 6: 1, 7: 1, 8: 1} ","PASS , {1: 1, 2: 1, 3: 1, 4: 1} ",09:03:46_15-07-25
5,5,8002,004638,"BV25292310017 , T252802215 ",FF00FFA50010600D1FD0761C0106389901508C85000100C800300001000DDBCD0301839A8245009C0A10,PASS,"PASS, {1: 1, 2: 1, 3: 1, 4: 1, 5: 1, 6: 1, 7: 1, 8: 1, 9: 1, 10: 1, 11: 1}","PASS, {1: 1, 2: 1, 3: 1, 4: 1, 5: 1, 6: 1, 7: 1, 8: 1, 9: 1, 10: 1}","PASS , {1: 1, 2: 1, 3: 1, 4: 1, 5: 1, 6: 1, 7: 1, 8: 1} ","PASS , {1: 1, 2: 1, 3: 1, 4: 1} ",09:05:02_15-07-25
6,6,8002,004638,"BV25292310019 , T252802230 ",FF00FFA50010600D1FD0761C0106389901508C85000100C800300001000DDBCD0301839A8245009C0A10,PASS,"PASS, {1: 1, 2: 1, 3: 1, 4: 1, 5: 1, 6: 1, 7: 1, 8: 1, 9: 1, 10: 1, 11: 1}","PASS, {1: 1, 2: 1, 3: 1, 4: 1, 5: 1, 6: 1, 7: 1, 8: 1, 9: 1, 10: 1}","PASS , {1: 1, 2: 1, 3: 1, 4: 1, 5: 1, 6: 1, 7: 1, 8: 1} ","PASS , {1: 1, 2: 1, 3: 1, 4: 1} ",09:06:15_15-07-25
7,7,8002,004638,"BV25292310021 , T252802228 ",FF00FFA50010600D1FD0761C0106389901508C85000100C800300001000DDBCD0301839A8245009C0A10,PASS,"PASS, {1: 1, 2: 1, 3: 1, 4: 1, 5: 1, 6: 1, 7: 1, 8: 1, 9: 1, 10: 1, 11: 1}","PASS, {1: 1, 2: 1, 3: 1, 4: 1, 5: 1, 6: 1, 7: 1, 8: 1, 9: 1, 10: 1}","PASS , {1: 1, 2: 1, 3: 1, 4: 1, 5: 1, 6: 1, 7: 1, 8: 1} ","PASS , {1: 1, 2: 1, 3: 1, 4: 1} ",09:07:38_15-07-25
8,8,8002,004638,"BV25292310023 , T252802114 ",FF00FFA50010600D1FD0761C0106389901508C85000100C800300001000DDBCD0301839A8245009C0A10,PASS,"PASS, {1: 1, 2: 1, 3: 1, 4: 1, 5: 1, 6: 1, 7: 1, 8: 1, 9: 1, 10: 1, 11: 1}","PASS, {1: 1, 2: 1, 3: 1, 4: 1, 5: 1, 6: 1, 7: 1, 8: 1, 9: 1, 10: 1}","PASS , {1: 1, 2: 1, 3: 1, 4: 1, 5: 1, 6: 1, 7: 1, 8: 1} ","PASS , {1: 1, 2: 1, 3: 1, 4: 1} ",09:08:49_15-07-25
9,9,8002,004638,"BV25292310106 , T252716154 ",FF00FFA50010600D1FD0761C0106389901508C85000100C800300001000DDBCD0301839A8245009C0A10,PASS,"PASS, {1: 1, 2: 1, 3: 1, 4: 1, 5: 1, 6: 1, 7: 1, 8: 1, 9: 1, 10: 1, 11: 1}","PASS, {1: 1, 2: 1, 3: 1, 4: 1, 5: 1, 6: 1, 7: 1, 8: 1, 9: 1, 10: 1}","PASS , {1: 1, 2: 1, 3: 1, 4: 1, 5: 1, 6: 1, 7: 1, 8: 1} ","PASS , {1: 1, 2: 1, 3: 1, 4: 1} ",09:10:05_15-07-25
10,10,8002,004638,"BV25292310101 , T252716335 ",FF00FFA50010600D1FD0761C0106389901508C85000100C800300001000DDBCD0301839A8245009C0A10,PASS,"PASS, {1: 1, 2: 1, 3: 1, 4: 1, 5: 1, 6: 1, 7: 1, 8: 1, 9: 1, 10: 1, 11: 1}","PASS, {1: 1, 2: 1, 3: 1, 4: 1, 5: 1, 6: 1, 7: 1, 8: 1, 9: 1, 10: 1}","PASS , {1: 1, 2: 1, 3: 1, 4: 1, 5: 1, 6: 1, 7: 1, 8: 1} ","PASS , {1: 1, 2: 1, 3: 1, 4: 1} ",09:11:23_15-07-25
11,11,8002,004638,"BV25292310104 , T252718935 ",FF00FFA50010600D1FD0761C0106389901508C85000100C800300001000DDBCD0301839A8245009C0A10,PASS,"PASS, {1: 1, 2: 1, 3: 1, 4: 1, 5: 1, 6: 1, 7: 1, 8: 1, 9: 1, 10: 1, 11: 1}","PASS, {1: 1, 2: 1, 3: 1, 4: 1, 5: 1, 6: 1, 7: 1, 8: 1, 9: 1, 10: 1}","PASS , {1: 1, 2: 1, 3: 1, 4: 1, 5: 1, 6: 1, 7: 1, 8: 1} ","PASS , {1: 1, 2: 1, 3: 1, 4: 1} ",09:12:37_15-07-25
12,12,8002,004638,"BV25292310102 , T252716463 ",FF00FFA50010600D1FD0761C0106389901508C85000100C800300001000DDBCD0301839A8245009C0A10,PASS,"PASS, {1: 1, 2: 1, 3: 1, 4: 1, 5: 1, 6: 1, 7: 1, 8: 1, 9: 1, 10: 1, 11: 1}","PASS, {1: 1, 2: 1, 3: 1, 4: 1, 5: 1, 6: 1, 7: 1, 8: 1, 9: 1, 10: 1}","PASS , {1: 1, 2: 1, 3: 1, 4: 1, 5: 1, 6: 1, 7: 1, 8: 1} ","PASS , {1: 1, 2: 1, 3: 1, 4: 1} ",09:13:55_15-07-25
13,13,8002,004638,"BV25292310059 , T252716506 ",FF00FFA50010600D1FD0761C0106389901508C85000100C800300001000DDBCD0301839A8245009C0A10,PASS,"PASS, {1: 1, 2: 1, 3: 1, 4: 1, 5: 1, 6: 1, 7: 1, 8: 1, 9: 1, 10: 1, 11: 1}","PASS, {1: 1, 2: 1, 3: 1, 4: 1, 5: 1, 6: 1, 7: 1, 8: 1, 9: 1, 10: 1}","PASS , {1: 1, 2: 1, 3: 1, 4: 1, 5: 1, 6: 1, 7: 1, 8: 1} ","PASS , {1: 1, 2: 1, 3: 1, 4: 1} ",09:15:13_15-07-25
14,14,8002,004638,"BV25292310061 , T252716508 ",FF00FFA50010600D1FD0761C0106389901508C85000100C800300001000DDBCD0301839A8245009C0A10,PASS,"PASS, {1: 1, 2: 1, 3: 1, 4: 1, 5: 1, 6: 1, 7: 1, 8: 1, 9: 1, 10: 1, 11: 1}","PASS, {1: 1, 2: 1, 3: 1, 4: 1, 5: 1, 6: 1, 7: 1, 8: 1, 9: 1, 10: 1}","PASS , {1: 1, 2: 1, 3: 1, 4: 1, 5: 1, 6: 1, 7: 1, 8: 1} ","PASS , {1: 1, 2: 1, 3: 1, 4: 1} ",09:16:27_15-07-25
15,15,8002,004638,"BV25292310062 , T252716406 ",FF00FFA50010600D1FD0761C0106389901508C85000100C800300001000DDBCD0301839A8245009C0A10,PASS,"PASS, {1: 1, 2: 1, 3: 1, 4: 1, 5: 1, 6: 1, 7: 1, 8: 1, 9: 1, 10: 1, 11: 1}","PASS, {1: 1, 2: 1, 3: 1, 4: 1, 5: 1, 6: 1, 7: 1, 8: 1, 9: 1, 10: 1}","PASS , {1: 1, 2: 1, 3: 1, 4: 1, 5: 1, 6: 1, 7: 1, 8: 1} ","PASS , {1: 1, 2: 1, 3: 1, 4: 1} ",09:17:42_15-07-25
16,16,8002,004638,"BV25292310064 , T252716293 ",FF00FFA50010600D1FD0761C0106389901508C85000100C800300001000DDBCD0301839A8245009C0A10,PASS,"PASS, {1: 1, 2: 1, 3: 1, 4: 1, 5: 1, 6: 1, 7: 1, 8: 1, 9: 1, 10: 1, 11: 1}","PASS, {1: 1, 2: 1, 3: 1, 4: 1, 5: 1, 6: 1, 7: 1, 8: 1, 9: 1, 10: 1}","PASS , {1: 1, 2: 1, 3: 1, 4: 1, 5: 1, 6: 1, 7: 1, 8: 1} ","PASS , {1: 1, 2: 1, 3: 1, 4: 1} ",09:18:52_15-07-25
17,17,8002,004638,"BV25292310067 , T252716314 ",FF00FFA50010600D1FD0761C0106389901508C85000100C800300001000DDBCD0301839A8245009C0A10,PASS,"PASS, {1: 1, 2: 1, 3: 1, 4: 1, 5: 1, 6: 1, 7: 1, 8: 1, 9: 1, 10: 1, 11: 1}","PASS, {1: 1, 2: 1, 3: 1, 4: 1, 5: 1, 6: 1, 7: 1, 8: 1, 9: 1, 10: 1}","PASS , {1: 1, 2: 1, 3: 1, 4: 1, 5: 1, 6: 1, 7: 1, 8: 1} ","PASS , {1: 1, 2: 1, 3: 1, 4: 1} ",09:20:02_15-07-25
18,18,8002,004638,"BV25292310068 , T252720867 ",FF00FFA50010600D1FD0761C0106389901508C85000100C800300001000DDBCD0301839A8245009C0A10,PASS,"PASS, {1: 1, 2: 1, 3: 1, 4: 1, 5: 1, 6: 1, 7: 1, 8: 1, 9: 1, 10: 1, 11: 1}","PASS, {1: 1, 2: 1, 3: 1, 4: 1, 5: 1, 6: 1, 7: 1, 8: 1, 9: 1, 10: 1}","PASS , {1: 1, 2: 1, 3: 1, 4: 1, 5: 1, 6: 1, 7: 1, 8: 1} ","PASS , {1: 1, 2: 1, 3: 1, 4: 1} ",09:21:13_15-07-25
19,19,8002,004638,"BV25292310071 , T252720889 ",FF00FFA50010600D1FD0761C0106389901508C85000100C800300001000DDBCD0301839A8245009C0A10,PASS,"PASS, {1: 1, 2: 1, 3: 1, 4: 1, 5: 1, 6: 1, 7: 1, 8: 1, 9: 1, 10: 1, 11: 1}","PASS, {1: 1, 2: 1, 3: 1, 4: 1, 5: 1, 6: 1, 7: 1, 8: 1, 9: 1, 10: 1}","PASS , {1: 1, 2: 1, 3: 1, 4: 1, 5: 1, 6: 1, 7: 1, 8: 1} ","PASS , {1: 1, 2: 1, 3: 1, 4: 1} ",09:22:29_15-07-25
20,20,8002,004638,"BV25292310075 , T252716422 ",FF00FFA50010600D1FD0761C0106389901508C85000100C800300001000DDBCD0301839A8245009C0A10,PASS,"PASS, {1: 1, 2: 1, 3: 1, 4: 1, 5: 1, 6: 1, 7: 1, 8: 1, 9: 1, 10: 1, 11: 1}","PASS, {1: 1, 2: 1, 3: 1, 4: 1, 5: 1, 6: 1, 7: 1, 8: 1, 9: 1, 10: 1}","PASS , {1: 1, 2: 1, 3: 1, 4: 1, 5: 1, 6: 1, 7: 1, 8: 1} ","PASS , {1: 1, 2: 1, 3: 1, 4: 1} ",09:23:42_15-07-25
21,21,8002,004638,"BV25292310074 , T252716307 ",FF00FFA50010600D1FD0761C0106389901508C85000100C800300001000DDBCD0301839A8245009C0A10,PASS,"PASS, {1: 1, 2: 1, 3: 1, 4: 1, 5: 1, 6: 1, 7: 1, 8: 1, 9: 1, 10: 1, 11: 1}","PASS, {1: 1, 2: 1, 3: 1, 4: 1, 5: 1, 6: 1, 7: 1, 8: 1, 9: 1, 10: 1}","PASS , {1: 1, 2: 1, 3: 1, 4: 1, 5: 1, 6: 1, 7: 1, 8: 1} ","PASS , {1: 1, 2: 1, 3: 1, 4: 1} ",09:24:56_15-07-25
22,22,8002,004638,"BV25292310027 , T252802219 ",FF00FFA50010600D1FD0761C0106389901508C85000100C800300001000DDBCD0301839A8245009C0A10,PASS,"PASS, {1: 1, 2: 1, 3: 1, 4: 1, 5: 1, 6: 1, 7: 1, 8: 1, 9: 1, 10: 1, 11: 1}","PASS, {1: 1, 2: 1, 3: 1, 4: 1, 5: 1, 6: 1, 7: 1, 8: 1, 9: 1, 10: 1}","PASS , {1: 1, 2: 1, 3: 1, 4: 1, 5: 1, 6: 1, 7: 1, 8: 1} ","PASS , {1: 1, 2: 1, 3: 1, 4: 1} ",09:26:09_15-07-25
23,23,8002,004638,"BV25292310028 , T252802220 ",FF00FFA50010600D1FD0761C0106389901508C85000100C800300001000DDBCD0301839A8245009C0A10,PASS,"PASS, {1: 1, 2: 1, 3: 1, 4: 1, 5: 1, 6: 1, 7: 1, 8: 1, 9: 1, 10: 1, 11: 1}","PASS, {1: 1, 2: 1, 3: 1, 4: 1, 5: 1, 6: 1, 7: 1, 8: 1, 9: 1, 10: 1}","PASS , {1: 1, 2: 1, 3: 1, 4: 1, 5: 1, 6: 1, 7: 1, 8: 1} ","PASS , {1: 1, 2: 1, 3: 1, 4: 1} ",09:27:22_15-07-25
24,24,8002,004638,"BV25292310029 , T252802232 ",FF00FFA50010600D1FD0761C0106389901508C85000100C800300001000DDBCD0301839A8245009C0A10,PASS,"PASS, {1: 1, 2: 1, 3: 1, 4: 1, 5: 1, 6: 1, 7: 1, 8: 1, 9: 1, 10: 1, 11: 1}","PASS, {1: 1, 2: 1, 3: 1, 4: 1, 5: 1, 6: 1, 7: 1, 8: 1, 9: 1, 10: 1}","PASS , {1: 1, 2: 1, 3: 1, 4: 1, 5: 1, 6: 1, 7: 1, 8: 1} ","PASS , {1: 1, 2: 1, 3: 1, 4: 1} ",09:28:31_15-07-25
25,24,8002,004638,"BV25292310086 , T252802046 ",FF00FFA50010600D1FD0761C0106389901508C85000100C800300001000DDBCD0301839A8245009C0A10,PASS,"PASS, {1: 1, 2: 1, 3: 1, 4: 1, 5: 1, 6: 1, 7: 1, 8: 1, 9: 1, 10: 1, 11: 1}","PASS, {1: 1, 2: 1, 3: 1, 4: 1, 5: 1, 6: 1, 7: 1, 8: 1, 9: 1, 10: 1}","PASS , {1: 1, 2: 1, 3: 1, 4: 1, 5: 1, 6: 1, 7: 1, 8: 1} ","FAIL , {1: 1, 2: 1, 3: 1, 4: 0} ",09:43:59_15-07-25
26,25,8002,004638,"BV25292310087 , T252802229 ",FF00FFA50010600D1FD0761C0106389901508C85000100C800300001000DDBCD0301839A8245009C0A10,PASS,"PASS, {1: 1, 2: 1, 3: 1, 4: 1, 5: 1, 6: 1, 7: 1, 8: 1, 9: 1, 10: 1, 11: 1}","PASS, {1: 1, 2: 1, 3: 1, 4: 1, 5: 1, 6: 1, 7: 1, 8: 1, 9: 1, 10: 1}","PASS , {1: 1, 2: 1, 3: 1, 4: 1, 5: 1, 6: 1, 7: 1, 8: 1} ","PASS , {1: 1, 2: 1, 3: 1, 4: 1} ",09:45:12_15-07-25
27,26,8002,004638,"BV25292310086 , T252802046 ",FF00FFA50010600D1FD0761C0106389901508C85000100C800300001000DDBCD0301839A8245009C0A10,PASS,"PASS, {1: 1, 2: 1, 3: 1, 4: 1, 5: 1, 6: 1, 7: 1, 8: 1, 9: 1, 10: 1, 11: 1}","PASS, {1: 1, 2: 1, 3: 1, 4: 1, 5: 1, 6: 1, 7: 1, 8: 1, 9: 1, 10: 1}","PASS , {1: 1, 2: 1, 3: 1, 4: 1, 5: 1, 6: 1, 7: 1, 8: 1} ","PASS , {1: 1, 2: 1, 3: 1, 4: 1} ",09:46:24_15-07-25
28,27,8002,004638,"BV25292310088 , T252802111 ",FF00FFA50010600D1FD0761C0106389901508C85000100C800300001000DDBCD0301839A8245009C0A10,PASS,"PASS, {1: 1, 2: 1, 3: 1, 4: 1, 5: 1, 6: 1, 7: 1, 8: 1, 9: 1, 10: 1, 11: 1}","PASS, {1: 1, 2: 1, 3: 1, 4: 1, 5: 1, 6: 1, 7: 1, 8: 1, 9: 1, 10: 1}","PASS , {1: 1, 2: 1, 3: 1, 4: 1, 5: 1, 6: 1, 7: 1, 8: 1} ","PASS , {1: 1, 2: 1, 3: 1, 4: 1} ",09:47:36_15-07-25
29,28,8002,004638,"BV25292310089 , T252802048 ",FF00FFA50010600D1FD0761C0106389901508C85000100C800300001000DDBCD0301839A8245009C0A10,PASS,"PASS, {1: 1, 2: 1, 3: 1, 4: 1, 5: 1, 6: 1, 7: 1, 8: 1, 9: 1, 10: 1, 11: 1}","PASS, {1: 1, 2: 1, 3: 1, 4: 1, 5: 1, 6: 1, 7: 1, 8: 1, 9: 1, 10: 1}","PASS , {1: 1, 2: 1, 3: 1, 4: 1, 5: 1, 6: 1, 7: 1, 8: 1} ","PASS , {1: 1, 2: 1, 3: 1, 4: 1} ",09:48:50_15-07-25
30,29,8002,004638,"BV25292310090 , T252802062 ",FF00FFA50010600D1FD0761C0106389901508C85000100C800300001000DDBCD0301839A8245009C0A10,PASS,"PASS, {1: 1, 2: 1, 3: 1, 4: 1, 5: 1, 6: 1, 7: 1, 8: 1, 9: 1, 10: 1, 11: 1}","PASS, {1: 1, 2: 1, 3: 1, 4: 1, 5: 1, 6: 1, 7: 1, 8: 1, 9: 1, 10: 1}","PASS , {1: 1, 2: 1, 3: 1, 4: 1, 5: 1, 6: 1, 7: 1, 8: 1} ","PASS , {1: 1, 2: 1, 3: 1, 4: 1} ",09:50:01_15-07-25
31,30,8002,004638,"BV25292310092 , T252802049 ",FF00FFA50010600D1FD0761C0106389901508C85000100C800300001000DDBCD0301839A8245009C0A10,PASS,"PASS, {1: 1, 2: 1, 3: 1, 4: 1, 5: 1, 6: 1, 7: 1, 8: 1, 9: 1, 10: 1, 11: 1}","PASS, {1: 1, 2: 1, 3: 1, 4: 1, 5: 1, 6: 1, 7: 1, 8: 1, 9: 1, 10: 1}","PASS , {1: 1, 2: 1, 3: 1, 4: 1, 5: 1, 6: 1, 7: 1, 8: 1} ","PASS , {1: 1, 2: 1, 3: 1, 4: 1} ",09:51:11_15-07-25
32,31,8002,004638,"BV25292310091 , T252802222 ",FF00FFA50010600D1FD0761C0106389901508C85000100C800300001000DDBCD0301839A8245009C0A10,PASS,"PASS, {1: 1, 2: 1, 3: 1, 4: 1, 5: 1, 6: 1, 7: 1, 8: 1, 9: 1, 10: 1, 11: 1}","PASS, {1: 1, 2: 1, 3: 1, 4: 1, 5: 1, 6: 1, 7: 1, 8: 1, 9: 1, 10: 1}","PASS , {1: 1, 2: 1, 3: 1, 4: 1, 5: 1, 6: 1, 7: 1, 8: 1} ","PASS , {1: 1, 2: 1, 3: 1, 4: 1} ",09:52:21_15-07-25
33,32,8002,004638,"BV25292310093 , T252716157 ",FF00FFA50010600D1FD0761C0106389901508C85000100C800300001000DDBCD0301839A8245009C0A10,PASS,"PASS, {1: 1, 2: 1, 3: 1, 4: 1, 5: 1, 6: 1, 7: 1, 8: 1, 9: 1, 10: 1, 11: 1}","PASS, {1: 1, 2: 1, 3: 1, 4: 1, 5: 1, 6: 1, 7: 1, 8: 1, 9: 1, 10: 1}","PASS , {1: 1, 2: 1, 3: 1, 4: 1, 5: 1, 6: 1, 7: 1, 8: 1} ","PASS , {1: 1, 2: 1, 3: 1, 4: 1} ",09:53:32_15-07-25
34,33,8002,004638,"BV25292310094 , T252716155 ",FF00FFA50010600D1FD0761C0106389901508C85000100C800300001000DDBCD0301839A8245009C0A10,PASS,"PASS, {1: 1, 2: 1, 3: 1, 4: 1, 5: 1, 6: 1, 7: 1, 8: 1, 9: 1, 10: 1, 11: 1}","PASS, {1: 1, 2: 1, 3: 1, 4: 1, 5: 1, 6: 1, 7: 1, 8: 1, 9: 1, 10: 1}","PASS , {1: 1, 2: 1, 3: 1, 4: 1, 5: 1, 6: 1, 7: 1, 8: 1} ","PASS , {1: 1, 2: 1, 3: 1, 4: 1} ",09:54:41_15-07-25
35,34,8002,004638,"BV25292310095 , T252716332 ",FF00FFA50010600D1FD0761C0106389901508C85000100C800300001000DDBCD0301839A8245009C0A10,PASS,"PASS, {1: 1, 2: 1, 3: 1, 4: 1, 5: 1, 6: 1, 7: 1, 8: 1, 9: 1, 10: 1, 11: 1}","PASS, {1: 1, 2: 1, 3: 1, 4: 1, 5: 1, 6: 1, 7: 1, 8: 1, 9: 1, 10: 1}","PASS , {1: 1, 2: 1, 3: 1, 4: 1, 5: 1, 6: 1, 7: 1, 8: 1} ","PASS , {1: 1, 2: 1, 3: 1, 4: 1} ",09:55:53_15-07-25
36,35,8002,004638,"BV25292310096 , T252716333 ",FF00FFA50010600D1FD0761C0106389901508C85000100C800300001000DDBCD0301839A8245009C0A10,PASS,"PASS, {1: 1, 2: 1, 3: 1, 4: 1, 5: 1, 6: 1, 7: 1, 8: 1, 9: 1, 10: 1, 11: 1}","PASS, {1: 1, 2: 1, 3: 1, 4: 1, 5: 1, 6: 1, 7: 1, 8: 1, 9: 1, 10: 1}","PASS , {1: 1, 2: 1, 3: 1, 4: 1, 5: 1, 6: 1, 7: 1, 8: 1} ","PASS , {1: 1, 2: 1, 3: 1, 4: 1} ",09:57:06_15-07-25
37,36,8002,004638,"BV25292310097 , T252716562 ",FF00FFA50010600D1FD0761C0106389901508C85000100C800300001000DDBCD0301839A8245009C0A10,PASS,"PASS, {1: 1, 2: 1, 3: 1, 4: 1, 5: 1, 6: 1, 7: 1, 8: 1, 9: 1, 10: 1, 11: 1}","PASS, {1: 1, 2: 1, 3: 1, 4: 1, 5: 1, 6: 1, 7: 1, 8: 1, 9: 1, 10: 1}","PASS , {1: 1, 2: 1, 3: 1, 4: 1, 5: 1, 6: 1, 7: 1, 8: 1} ","PASS , {1: 1, 2: 1, 3: 1, 4: 1} ",09:58:17_15-07-25
38,37,8002,004638,"BV25292310163 , T252716488 ",FF00FFA50010600D1FD0761C0106389901508C85000100C800300001000DDBCD0301839A8245009C0A10,PASS,"PASS, {1: 1, 2: 1, 3: 1, 4: 1, 5: 1, 6: 1, 7: 1, 8: 1, 9: 1, 10: 1, 11: 1}","PASS, {1: 1, 2: 1, 3: 1, 4: 1, 5: 1, 6: 1, 7: 1, 8: 1, 9: 1, 10: 1}","PASS , {1: 1, 2: 1, 3: 1, 4: 1, 5: 1, 6: 1, 7: 1, 8: 1} ","PASS , {1: 1, 2: 1, 3: 1, 4: 1} ",09:59:28_15-07-25
39,38,8002,004638,"BV25292310161 , T252716146 ",FF00FFA50010600D1FD0761C0106389901508C85000100C800300001000DDBCD0301839A8245009C0A10,PASS,"PASS, {1: 1, 2: 1, 3: 1, 4: 1, 5: 1, 6: 1, 7: 1, 8: 1, 9: 1, 10: 1, 11: 1}","PASS, {1: 1, 2: 1, 3: 1, 4: 1, 5: 1, 6: 1, 7: 1, 8: 1, 9: 1, 10: 1}","PASS , {1: 1, 2: 1, 3: 1, 4: 1, 5: 1, 6: 1, 7: 1, 8: 1} ","PASS , {1: 1, 2: 1, 3: 1, 4: 1} ",10:00:39_15-07-25
40,39,8002,004638,"BV25292310158 , T252720888 ",FF00FFA50010600D1FD0761C0106389901508C85000100C800300001000DDBCD0301839A8245009C0A10,PASS,"PASS, {1: 1, 2: 1, 3: 1, 4: 1, 5: 1, 6: 1, 7: 1, 8: 1, 9: 1, 10: 1, 11: 1}","PASS, {1: 1, 2: 1, 3: 1, 4: 1, 5: 1, 6: 1, 7: 1, 8: 1, 9: 1, 10: 1}","PASS , {1: 1, 2: 1, 3: 1, 4: 1, 5: 1, 6: 1, 7: 1, 8: 1} ","PASS , {1: 1, 2: 1, 3: 1, 4: 1} ",10:01:50_15-07-25
41,40,8002,004638,"BV25292310156 , T252720868 ",FF00FFA50010600D1FD0761C0106389901508C85000100C800300001000DDBCD0301839A8245009C0A10,PASS,"PASS, {1: 1, 2: 1, 3: 1, 4: 1, 5: 1, 6: 1, 7: 1, 8: 1, 9: 1, 10: 1, 11: 1}","PASS, {1: 1, 2: 1, 3: 1, 4: 1, 5: 1, 6: 1, 7: 1, 8: 1, 9: 1, 10: 1}","PASS , {1: 1, 2: 1, 3: 1, 4: 1, 5: 1, 6: 1, 7: 1, 8: 1} ","PASS , {1: 1, 2: 1, 3: 1, 4: 1} ",10:03:01_15-07-25
42,41,8002,004638,"BV25292310152 , T252802183 ",FF00FFA50010600D1FD0761C0106389901508C85000100C800300001000DDBCD0301839A8245009C0A10,PASS,"PASS, {1: 1, 2: 1, 3: 1, 4: 1, 5: 1, 6: 1, 7: 1, 8: 1, 9: 1, 10: 1, 11: 1}","PASS, {1: 1, 2: 1, 3: 1, 4: 1, 5: 1, 6: 1, 7: 1, 8: 1, 9: 1, 10: 1}","PASS , {1: 1, 2: 1, 3: 1, 4: 1, 5: 1, 6: 1, 7: 1, 8: 1} ","PASS , {1: 1, 2: 1, 3: 1, 4: 1} ",10:04:13_15-07-25
45,41,8002,004638,"BV25292310053 , T252716407 ",FF00FFA50010600D1FD0761C0106389901508C85000100C800300001000DDBCD0301839A8245009C0A10,PASS,"PASS, {1: 1, 2: 1, 3: 1, 4: 1, 5: 1, 6: 1, 7: 1, 8: 1, 9: 1, 10: 1, 11: 1}","PASS, {1: 1, 2: 1, 3: 1, 4: 1, 5: 1, 6: 1, 7: 1, 8: 1, 9: 1, 10: 1}","FAIL , {1: 1, 2: 1, 3: 1, 4: 1, 5: 0, 6: 1, 7: 1, 8: 1} ","PASS , {1: 1, 2: 1, 3: 1, 4: 1} ",10:07:21_15-07-25
46,42,8002,004638,"BV25292310056 , T252716321 ",FF00FFA50010600D1FD0761C0106389901508C85000100C800300001000DDBCD0301839A8245009C0A10,PASS,"PASS, {1: 1, 2: 1, 3: 1, 4: 1, 5: 1, 6: 1, 7: 1, 8: 1, 9: 1, 10: 1, 11: 1}","PASS, {1: 1, 2: 1, 3: 1, 4: 1, 5: 1, 6: 1, 7: 1, 8: 1, 9: 1, 10: 1}","PASS , {1: 1, 2: 1, 3: 1, 4: 1, 5: 1, 6: 1, 7: 1, 8: 1} ","PASS , {1: 1, 2: 1, 3: 1, 4: 1} ",10:08:35_15-07-25
47,43,8002,004638,"BV25292310107 , T252718933 ",FF00FFA50010600D1FD0761C0106389901508C85000100C800300001000DDBCD0301839A8245009C0A10,PASS,"PASS, {1: 1, 2: 1, 3: 1, 4: 1, 5: 1, 6: 1, 7: 1, 8: 1, 9: 1, 10: 1, 11: 1}","PASS, {1: 1, 2: 1, 3: 1, 4: 1, 5: 1, 6: 1, 7: 1, 8: 1, 9: 1, 10: 1}","PASS , {1: 1, 2: 1, 3: 1, 4: 1, 5: 1, 6: 1, 7: 1, 8: 1} ","PASS , {1: 1, 2: 1, 3: 1, 4: 1} ",10:09:45_15-07-25
50,44,8002,004638,"BV25292310055 , T252716320 ",FF00FFA50010600D1FD0761C0106389901508C85000100C800300001000DDBCD0301839A8245009C0A10,PASS,"PASS, {1: 1, 2: 1, 3: 1, 4: 1, 5: 1, 6: 1, 7: 1, 8: 1, 9: 1, 10: 1, 11: 1}","PASS, {1: 1, 2: 1, 3: 1, 4: 1, 5: 1, 6: 1, 7: 1, 8: 1, 9: 1, 10: 1}","PASS , {1: 1, 2: 1, 3: 1, 4: 1, 5: 1, 6: 1, 7: 1, 8: 1} ","PASS , {1: 1, 2: 1, 3: 1, 4: 1} ",10:13:16_15-07-25
51,45,8002,004638,"BV25292310054 , T252716409 ",FF00FFA50010600D1FD0761C0106389901508C85000100C800300001000DDBCD0301839A8245009C0A10,PASS,"PASS, {1: 1, 2: 1, 3: 1, 4: 1, 5: 1, 6: 1, 7: 1, 8: 1, 9: 1, 10: 1, 11: 1}","PASS, {1: 1, 2: 1, 3: 1, 4: 1, 5: 1, 6: 1, 7: 1, 8: 1, 9: 1, 10: 1}","PASS , {1: 1, 2: 1, 3: 1, 4: 1, 5: 1, 6: 1, 7: 1, 8: 1} ","PASS , {1: 1, 2: 1, 3: 1, 4: 1} ",10:14:31_15-07-25
52,45,8002,004638,"BV25292310052 , T252716408 ",FF00FFA50010600D1FD0761C0106389901508C85000100000000000000000000000000000000000004DE,FAIL,"PASS, {1: 1, 2: 1, 3: 1, 4: 1, 5: 1, 6: 1, 7: 1, 8: 1, 9: 1, 10: 1, 11: 1}","PASS, {1: 1, 2: 1, 3: 1, 4: 1, 5: 1, 6: 1, 7: 1, 8: 1, 9: 1, 10: 1}","PASS , {1: 1, 2: 1, 3: 1, 4: 1, 5: 1, 6: 1, 7: 1, 8: 1} ","PASS , {1: 1, 2: 1, 3: 1, 4: 1} ",10:15:43_15-07-25
53,45,8002,004638,"BV25292310051 , T252716295 ",FF00FFA50010600D1FD0761C0106389901508C85000100000000000000000000000000000000000004DE,FAIL,"PASS, {1: 1, 2: 1, 3: 1, 4: 1, 5: 1, 6: 1, 7: 1, 8: 1, 9: 1, 10: 1, 11: 1}","PASS, {1: 1, 2: 1, 3: 1, 4: 1, 5: 1, 6: 1, 7: 1, 8: 1, 9: 1, 10: 1}","PASS , {1: 1, 2: 1, 3: 1, 4: 1, 5: 1, 6: 1, 7: 1, 8: 1} ","PASS , {1: 1, 2: 1, 3: 1, 4: 1} ",10:16:58_15-07-25
54,46,8002,004638,"BV25292310153 , T252802181 ",FF00FFA50010600D1FD0761C0106389901508C85000100C800300001000DDBCD0301839A8245009C0A10,PASS,"PASS, {1: 1, 2: 1, 3: 1, 4: 1, 5: 1, 6: 1, 7: 1, 8: 1, 9: 1, 10: 1, 11: 1}","PASS, {1: 1, 2: 1, 3: 1, 4: 1, 5: 1, 6: 1, 7: 1, 8: 1, 9: 1, 10: 1}","PASS , {1: 1, 2: 1, 3: 1, 4: 1, 5: 1, 6: 1, 7: 1, 8: 1} ","PASS , {1: 1, 2: 1, 3: 1, 4: 1} ",10:18:27_15-07-25
55,47,8002,004638,"BV25292310154 , T252802187 ",FF00FFA50010600D1FD0761C0106389901508C85000100C800300001000DDBCD0301839A8245009C0A10,PASS,"PASS, {1: 1, 2: 1, 3: 1, 4: 1, 5: 1, 6: 1, 7: 1, 8: 1, 9: 1, 10: 1, 11: 1}","PASS, {1: 1, 2: 1, 3: 1, 4: 1, 5: 1, 6: 1, 7: 1, 8: 1, 9: 1, 10: 1}","PASS , {1: 1, 2: 1, 3: 1, 4: 1, 5: 1, 6: 1, 7: 1, 8: 1} ","PASS , {1: 1, 2: 1, 3: 1, 4: 1} ",10:19:40_15-07-25
56,48,8002,004638,"BV25292310155 , T252802191 ",FF00FFA50010600D1FD0761C0106389901508C85000100C800300001000DDBCD0301839A8245009C0A10,PASS,"PASS, {1: 1, 2: 1, 3: 1, 4: 1, 5: 1, 6: 1, 7: 1, 8: 1, 9: 1, 10: 1, 11: 1}","PASS, {1: 1, 2: 1, 3: 1, 4: 1, 5: 1, 6: 1, 7: 1, 8: 1, 9: 1, 10: 1}","PASS , {1: 1, 2: 1, 3: 1, 4: 1, 5: 1, 6: 1, 7: 1, 8: 1} ","PASS , {1: 1, 2: 1, 3: 1, 4: 1} ",10:21:12_15-07-25
57,49,8002,004638,"BV25292310157 , T252716305 ",FF00FFA50010600D1FD0761C0106389901508C85000100C800300001000DDBCD0301839A8245009C0A10,PASS,"PASS, {1: 1, 2: 1, 3: 1, 4: 1, 5: 1, 6: 1, 7: 1, 8: 1, 9: 1, 10: 1, 11: 1}","PASS, {1: 1, 2: 1, 3: 1, 4: 1, 5: 1, 6: 1, 7: 1, 8: 1, 9: 1, 10: 1}","PASS , {1: 1, 2: 1, 3: 1, 4: 1, 5: 1, 6: 1, 7: 1, 8: 1} ","PASS , {1: 1, 2: 1, 3: 1, 4: 1} ",10:22:28_15-07-25
58,49,8002,004638,"BV25292310159 , T252716493 ",FF00FFA50010600D1FD0761C0106389901508C85000100C800300001000DDBCD0301839A8245009C0A10,PASS,"PASS, {1: 1, 2: 1, 3: 1, 4: 1, 5: 1, 6: 1, 7: 1, 8: 1, 9: 1, 10: 1, 11: 1}","FAIL, {1: 0, 2: 1, 3: 1, 4: 1, 5: 1, 6: 1, 7: 1, 8: 1, 9: 1, 10: 1}","PASS , {1: 1, 2: 1, 3: 1, 4: 1, 5: 1, 6: 1, 7: 1, 8: 1} ","PASS , {1: 1, 2: 1, 3: 1, 4: 1} ",10:24:07_15-07-25
59,50,8002,004638,"BV25292310160 , T252716289 ",FF00FFA50010600D1FD0761C0106389901508C85000100C800300001000DDBCD0301839A8245009C0A10,PASS,"PASS, {1: 1, 2: 1, 3: 1, 4: 1, 5: 1, 6: 1, 7: 1, 8: 1, 9: 1, 10: 1, 11: 1}","PASS, {1: 1, 2: 1, 3: 1, 4: 1, 5: 1, 6: 1, 7: 1, 8: 1, 9: 1, 10: 1}","PASS , {1: 1, 2: 1, 3: 1, 4: 1, 5: 1, 6: 1, 7: 1, 8: 1} ","PASS , {1: 1, 2: 1, 3: 1, 4: 1} ",10:25:21_15-07-25
60,51,8002,004638,"BV25292310162 , T252716276 ",FF00FFA50010600D1FD0761C0106389901508C85000100C800300001000DDBCD0301839A8245009C0A10,PASS,"PASS, {1: 1, 2: 1, 3: 1, 4: 1, 5: 1, 6: 1, 7: 1, 8: 1, 9: 1, 10: 1, 11: 1}","PASS, {1: 1, 2: 1, 3: 1, 4: 1, 5: 1, 6: 1, 7: 1, 8: 1, 9: 1, 10: 1}","PASS , {1: 1, 2: 1, 3: 1, 4: 1, 5: 1, 6: 1, 7: 1, 8: 1} ","PASS , {1: 1, 2: 1, 3: 1, 4: 1} ",10:26:35_15-07-25
61,52,8002,004638,"BV25292310098 , T252716334 ",FF00FFA50010600D1FD0761C0106389901508C85000100C800300001000DDBCD0301839A8245009C0A10,PASS,"PASS, {1: 1, 2: 1, 3: 1, 4: 1, 5: 1, 6: 1, 7: 1, 8: 1, 9: 1, 10: 1, 11: 1}","PASS, {1: 1, 2: 1, 3: 1, 4: 1, 5: 1, 6: 1, 7: 1, 8: 1, 9: 1, 10: 1}","PASS , {1: 1, 2: 1, 3: 1, 4: 1, 5: 1, 6: 1, 7: 1, 8: 1} ","PASS , {1: 1, 2: 1, 3: 1, 4: 1} ",10:28:01_15-07-25
62,53,8002,004638,"BV25292310099 , T252716561 ",FF00FFA50010600D1FD0761C0106389901508C85000100C800300001000DDBCD0301839A8245009C0A10,PASS,"PASS, {1: 1, 2: 1, 3: 1, 4: 1, 5: 1, 6: 1, 7: 1, 8: 1, 9: 1, 10: 1, 11: 1}","PASS, {1: 1, 2: 1, 3: 1, 4: 1, 5: 1, 6: 1, 7: 1, 8: 1, 9: 1, 10: 1}","PASS , {1: 1, 2: 1, 3: 1, 4: 1, 5: 1, 6: 1, 7: 1, 8: 1} ","PASS , {1: 1, 2: 1, 3: 1, 4: 1} ",10:29:15_15-07-25
63,54,8002,004638,"BV25292310133 , T252802104 ",FF00FFA50010600D1FD0761C0106389901508C85000100C800300001000DDBCD0301839A8245009C0A10,PASS,"PASS, {1: 1, 2: 1, 3: 1, 4: 1, 5: 1, 6: 1, 7: 1, 8: 1, 9: 1, 10: 1, 11: 1}","PASS, {1: 1, 2: 1, 3: 1, 4: 1, 5: 1, 6: 1, 7: 1, 8: 1, 9: 1, 10: 1}","PASS , {1: 1, 2: 1, 3: 1, 4: 1, 5: 1, 6: 1, 7: 1, 8: 1} ","PASS , {1: 1, 2: 1, 3: 1, 4: 1} ",10:30:35_15-07-25
64,55,8002,004638,"BV25292310135 , T252802103 ",FF00FFA50010600D1FD0761C0106389901508C85000100C800300001000DDBCD0301839A8245009C0A10,PASS,"PASS, {1: 1, 2: 1, 3: 1, 4: 1, 5: 1, 6: 1, 7: 1, 8: 1, 9: 1, 10: 1, 11: 1}","PASS, {1: 1, 2: 1, 3: 1, 4: 1, 5: 1, 6: 1, 7: 1, 8: 1, 9: 1, 10: 1}","PASS , {1: 1, 2: 1, 3: 1, 4: 1, 5: 1, 6: 1, 7: 1, 8: 1} ","PASS , {1: 1, 2: 1, 3: 1, 4: 1} ",10:31:49_15-07-25
65,56,8002,004638,"BV25292310138 , T252802066 ",FF00FFA50010600D1FD0761C0106389901508C85000100C800300001000DDBCD0301839A8245009C0A10,PASS,"PASS, {1: 1, 2: 1, 3: 1, 4: 1, 5: 1, 6: 1, 7: 1, 8: 1, 9: 1, 10: 1, 11: 1}","PASS, {1: 1, 2: 1, 3: 1, 4: 1, 5: 1, 6: 1, 7: 1, 8: 1, 9: 1, 10: 1}","PASS , {1: 1, 2: 1, 3: 1, 4: 1, 5: 1, 6: 1, 7: 1, 8: 1} ","PASS , {1: 1, 2: 1, 3: 1, 4: 1} ",10:32:59_15-07-25
66,57,8002,004638,"BV25292310140 , T252718391 ",FF00FFA50010600D1FD0761C0106389901508C85000100C800300001000DDBCD0301839A8245009C0A10,PASS,"PASS, {1: 1, 2: 1, 3: 1, 4: 1, 5: 1, 6: 1, 7: 1, 8: 1, 9: 1, 10: 1, 11: 1}","PASS, {1: 1, 2: 1, 3: 1, 4: 1, 5: 1, 6: 1, 7: 1, 8: 1, 9: 1, 10: 1}","PASS , {1: 1, 2: 1, 3: 1, 4: 1, 5: 1, 6: 1, 7: 1, 8: 1} ","PASS , {1: 1, 2: 1, 3: 1, 4: 1} ",10:34:10_15-07-25
67,58,8002,004638,"BV25292310144 , T252716489 ",FF00FFA50010600D1FD0761C0106389901508C85000100C800300001000DDBCD0301839A8245009C0A10,PASS,"PASS, {1: 1, 2: 1, 3: 1, 4: 1, 5: 1, 6: 1, 7: 1, 8: 1, 9: 1, 10: 1, 11: 1}","PASS, {1: 1, 2: 1, 3: 1, 4: 1, 5: 1, 6: 1, 7: 1, 8: 1, 9: 1, 10: 1}","PASS , {1: 1, 2: 1, 3: 1, 4: 1, 5: 1, 6: 1, 7: 1, 8: 1} ","PASS , {1: 1, 2: 1, 3: 1, 4: 1} ",10:35:28_15-07-25
68,59,8002,004638,"BV25292310147 , T252802176 ",FF00FFA50010600D1FD0761C0106389901508C85000100C800300001000DDBCD0301839A8245009C0A10,PASS,"PASS, {1: 1, 2: 1, 3: 1, 4: 1, 5: 1, 6: 1, 7: 1, 8: 1, 9: 1, 10: 1, 11: 1}","PASS, {1: 1, 2: 1, 3: 1, 4: 1, 5: 1, 6: 1, 7: 1, 8: 1, 9: 1, 10: 1}","PASS , {1: 1, 2: 1, 3: 1, 4: 1, 5: 1, 6: 1, 7: 1, 8: 1} ","PASS , {1: 1, 2: 1, 3: 1, 4: 1} ",10:36:39_15-07-25
69,60,8002,004638,"BV25292310150 , T252715843 ",FF00FFA50010600D1FD0761C0106389901508C85000100C800300001000DDBCD0301839A8245009C0A10,PASS,"PASS, {1: 1, 2: 1, 3: 1, 4: 1, 5: 1, 6: 1, 7: 1, 8: 1, 9: 1, 10: 1, 11: 1}","PASS, {1: 1, 2: 1, 3: 1, 4: 1, 5: 1, 6: 1, 7: 1, 8: 1, 9: 1, 10: 1}","PASS , {1: 1, 2: 1, 3: 1, 4: 1, 5: 1, 6: 1, 7: 1, 8: 1} ","PASS , {1: 1, 2: 1, 3: 1, 4: 1} ",10:37:50_15-07-25
70,61,8002,004638,"BV25292310166 , T252802182 ",FF00FFA50010600D1FD0761C0106389901508C85000100C800300001000DDBCD0301839A8245009C0A10,PASS,"PASS, {1: 1, 2: 1, 3: 1, 4: 1, 5: 1, 6: 1, 7: 1, 8: 1, 9: 1, 10: 1, 11: 1}","PASS, {1: 1, 2: 1, 3: 1, 4: 1, 5: 1, 6: 1, 7: 1, 8: 1, 9: 1, 10: 1}","PASS , {1: 1, 2: 1, 3: 1, 4: 1, 5: 1, 6: 1, 7: 1, 8: 1} ","PASS , {1: 1, 2: 1, 3: 1, 4: 1} ",10:39:04_15-07-25
71,62,8002,004638,"BV25292310168 , T252802175 ",FF00FFA50010600D1FD0761C0106389901508C85000100C800300001000DDBCD0301839A8245009C0A10,PASS,"PASS, {1: 1, 2: 1, 3: 1, 4: 1, 5: 1, 6: 1, 7: 1, 8: 1, 9: 1, 10: 1, 11: 1}","PASS, {1: 1, 2: 1, 3: 1, 4: 1, 5: 1, 6: 1, 7: 1, 8: 1, 9: 1, 10: 1}","PASS , {1: 1, 2: 1, 3: 1, 4: 1, 5: 1, 6: 1, 7: 1, 8: 1} ","PASS , {1: 1, 2: 1, 3: 1, 4: 1} ",10:41:02_15-07-25
72,63,8002,004638,"BV25292310167 , T252802180 ",FF00FFA50010600D1FD0761C0106389901508C85000100C800300001000DDBCD0301839A8245009C0A10,PASS,"PASS, {1: 1, 2: 1, 3: 1, 4: 1, 5: 1, 6: 1, 7: 1, 8: 1, 9: 1, 10: 1, 11: 1}","PASS, {1: 1, 2: 1, 3: 1, 4: 1, 5: 1, 6: 1, 7: 1, 8: 1, 9: 1, 10: 1}","PASS , {1: 1, 2: 1, 3: 1, 4: 1, 5: 1, 6: 1, 7: 1, 8: 1} ","PASS , {1: 1, 2: 1, 3: 1, 4: 1} ",10:42:13_15-07-25
73,64,8002,004638,"BV25292310148 , T252802179 ",FF00FFA50010600D1FD0761C0106389901508C85000100C800300001000DDBCD0301839A8245009C0A10,PASS,"PASS, {1: 1, 2: 1, 3: 1, 4: 1, 5: 1, 6: 1, 7: 1, 8: 1, 9: 1, 10: 1, 11: 1}","PASS, {1: 1, 2: 1, 3: 1, 4: 1, 5: 1, 6: 1, 7: 1, 8: 1, 9: 1, 10: 1}","PASS , {1: 1, 2: 1, 3: 1, 4: 1, 5: 1, 6: 1, 7: 1, 8: 1} ","PASS , {1: 1, 2: 1, 3: 1, 4: 1} ",10:43:23_15-07-25
74,65,8002,004638,"BV25292310146 , T252802184 ",FF00FFA50010600D1FD0761C0106389901508C85000100C800300001000DDBCD0301839A8245009C0A10,PASS,"PASS, {1: 1, 2: 1, 3: 1, 4: 1, 5: 1, 6: 1, 7: 1, 8: 1, 9: 1, 10: 1, 11: 1}","PASS, {1: 1, 2: 1, 3: 1, 4: 1, 5: 1, 6: 1, 7: 1, 8: 1, 9: 1, 10: 1}","PASS , {1: 1, 2: 1, 3: 1, 4: 1, 5: 1, 6: 1, 7: 1, 8: 1} ","PASS , {1: 1, 2: 1, 3: 1, 4: 1} ",10:44:33_15-07-25
75,66,8002,004638,"BV25292310145 , T252715842 ",FF00FFA50010600D1FD0761C0106389901508C85000100C800300001000DDBCD0301839A8245009C0A10,PASS,"PASS, {1: 1, 2: 1, 3: 1, 4: 1, 5: 1, 6: 1, 7: 1, 8: 1, 9: 1, 10: 1, 11: 1}","PASS, {1: 1, 2: 1, 3: 1, 4: 1, 5: 1, 6: 1, 7: 1, 8: 1, 9: 1, 10: 1}","PASS , {1: 1, 2: 1, 3: 1, 4: 1, 5: 1, 6: 1, 7: 1, 8: 1} ","PASS , {1: 1, 2: 1, 3: 1, 4: 1} ",10:45:44_15-07-25
76,67,8002,004638,"BV25292310143 , T252720886 ",FF00FFA50010600D1FD0761C0106389901508C85000100C800300001000DDBCD0301839A8245009C0A10,PASS,"PASS, {1: 1, 2: 1, 3: 1, 4: 1, 5: 1, 6: 1, 7: 1, 8: 1, 9: 1, 10: 1, 11: 1}","PASS, {1: 1, 2: 1, 3: 1, 4: 1, 5: 1, 6: 1, 7: 1, 8: 1, 9: 1, 10: 1}","PASS , {1: 1, 2: 1, 3: 1, 4: 1, 5: 1, 6: 1, 7: 1, 8: 1} ","PASS , {1: 1, 2: 1, 3: 1, 4: 1} ",10:46:56_15-07-25
77,68,8002,004638,"BV25292310142 , T252802185 ",FF00FFA50010600D1FD0761C0106389901508C85000100C800300001000DDBCD0301839A8245009C0A10,PASS,"PASS, {1: 1, 2: 1, 3: 1, 4: 1, 5: 1, 6: 1, 7: 1, 8: 1, 9: 1, 10: 1, 11: 1}","PASS, {1: 1, 2: 1, 3: 1, 4: 1, 5: 1, 6: 1, 7: 1, 8: 1, 9: 1, 10: 1}","PASS , {1: 1, 2: 1, 3: 1, 4: 1, 5: 1, 6: 1, 7: 1, 8: 1} ","PASS , {1: 1, 2: 1, 3: 1, 4: 1} ",10:48:07_15-07-25
78,69,8002,004638,"BV25292310139 , T252718390 ",FF00FFA50010600D1FD0761C0106389901508C85000100C800300001000DDBCD0301839A8245009C0A10,PASS,"PASS, {1: 1, 2: 1, 3: 1, 4: 1, 5: 1, 6: 1, 7: 1, 8: 1, 9: 1, 10: 1, 11: 1}","PASS, {1: 1, 2: 1, 3: 1, 4: 1, 5: 1, 6: 1, 7: 1, 8: 1, 9: 1, 10: 1}","PASS , {1: 1, 2: 1, 3: 1, 4: 1, 5: 1, 6: 1, 7: 1, 8: 1} ","PASS , {1: 1, 2: 1, 3: 1, 4: 1} ",10:49:17_15-07-25
79,70,8002,004638,"BV25292310136 , T252802070 ",FF00FFA50010600D1FD0761C0106389901508C85000100C800300001000DDBCD0301839A8245009C0A10,PASS,"PASS, {1: 1, 2: 1, 3: 1, 4: 1, 5: 1, 6: 1, 7: 1, 8: 1, 9: 1, 10: 1, 11: 1}","PASS, {1: 1, 2: 1, 3: 1, 4: 1, 5: 1, 6: 1, 7: 1, 8: 1, 9: 1, 10: 1}","PASS , {1: 1, 2: 1, 3: 1, 4: 1, 5: 1, 6: 1, 7: 1, 8: 1} ","PASS , {1: 1, 2: 1, 3: 1, 4: 1} ",10:50:28_15-07-25
80,71,8002,004638,"BV25292310137 , T252802102 ",FF00FFA50010600D1FD0761C0106389901508C85000100C800300001000DDBCD0301839A8245009C0A10,PASS,"PASS, {1: 1, 2: 1, 3: 1, 4: 1, 5: 1, 6: 1, 7: 1, 8: 1, 9: 1, 10: 1, 11: 1}","PASS, {1: 1, 2: 1, 3: 1, 4: 1, 5: 1, 6: 1, 7: 1, 8: 1, 9: 1, 10: 1}","PASS , {1: 1, 2: 1, 3: 1, 4: 1, 5: 1, 6: 1, 7: 1, 8: 1} ","PASS , {1: 1, 2: 1, 3: 1, 4: 1} ",10:51:41_15-07-25
81,72,8002,004638,"BV25292310134 , T252211338 ",FF00FFA50010600D1FD0761C0106389901508C85000100C800300001000DDBCD0301839A8245009C0A10,PASS,"PASS, {1: 1, 2: 1, 3: 1, 4: 1, 5: 1, 6: 1, 7: 1, 8: 1, 9: 1, 10: 1, 11: 1}","PASS, {1: 1, 2: 1, 3: 1, 4: 1, 5: 1, 6: 1, 7: 1, 8: 1, 9: 1, 10: 1}","PASS , {1: 1, 2: 1, 3: 1, 4: 1, 5: 1, 6: 1, 7: 1, 8: 1} ","PASS , {1: 1, 2: 1, 3: 1, 4: 1} ",10:52:55_15-07-25
82,73,8002,004638,"BV25292310141 , T252802189 ",FF00FFA50010600D1FD0761C0106389901508C85000100C800300001000DDBCD0301839A8245009C0A10,PASS,"PASS, {1: 1, 2: 1, 3: 1, 4: 1, 5: 1, 6: 1, 7: 1, 8: 1, 9: 1, 10: 1, 11: 1}","PASS, {1: 1, 2: 1, 3: 1, 4: 1, 5: 1, 6: 1, 7: 1, 8: 1, 9: 1, 10: 1}","PASS , {1: 1, 2: 1, 3: 1, 4: 1, 5: 1, 6: 1, 7: 1, 8: 1} ","PASS , {1: 1, 2: 1, 3: 1, 4: 1} ",10:54:12_15-07-25
83,74,8002,004638,"BV25292310100 , T252716560 ",FF00FFA50010600D1FD0761C0106389901508C85000100C800300001000DDBCD0301839A8245009C0A10,PASS,"PASS, {1: 1, 2: 1, 3: 1, 4: 1, 5: 1, 6: 1, 7: 1, 8: 1, 9: 1, 10: 1, 11: 1}","PASS, {1: 1, 2: 1, 3: 1, 4: 1, 5: 1, 6: 1, 7: 1, 8: 1, 9: 1, 10: 1}","PASS , {1: 1, 2: 1, 3: 1, 4: 1, 5: 1, 6: 1, 7: 1, 8: 1} ","PASS , {1: 1, 2: 1, 3: 1, 4: 1} ",10:55:23_15-07-25
84,75,8002,004638,"BV25292310030 , T252802231 ",FF00FFA50010600D1FD0761C0106389901508C85000100C800300001000DDBCD0301839A8245009C0A10,PASS,"PASS, {1: 1, 2: 1, 3: 1, 4: 1, 5: 1, 6: 1, 7: 1, 8: 1, 9: 1, 10: 1, 11: 1}","PASS, {1: 1, 2: 1, 3: 1, 4: 1, 5: 1, 6: 1, 7: 1, 8: 1, 9: 1, 10: 1}","PASS , {1: 1, 2: 1, 3: 1, 4: 1, 5: 1, 6: 1, 7: 1, 8: 1} ","PASS , {1: 1, 2: 1, 3: 1, 4: 1} ",10:56:38_15-07-25
85,76,8002,004638,"BV25292310031 , T252802226 ",FF00FFA50010600D1FD0761C0106389901508C85000100C800300001000DDBCD0301839A8245009C0A10,PASS,"PASS, {1: 1, 2: 1, 3: 1, 4: 1, 5: 1, 6: 1, 7: 1, 8: 1, 9: 1, 10: 1, 11: 1}","PASS, {1: 1, 2: 1, 3: 1, 4: 1, 5: 1, 6: 1, 7: 1, 8: 1, 9: 1, 10: 1}","PASS , {1: 1, 2: 1, 3: 1, 4: 1, 5: 1, 6: 1, 7: 1, 8: 1} ","PASS , {1: 1, 2: 1, 3: 1, 4: 1} ",10:57:52_15-07-25
86,77,8002,004638,"BV25292310032 , T252718930 ",FF00FFA50010600D1FD0761C0106389901508C85000100C800300001000DDBCD0301839A8245009C0A10,PASS,"PASS, {1: 1, 2: 1, 3: 1, 4: 1, 5: 1, 6: 1, 7: 1, 8: 1, 9: 1, 10: 1, 11: 1}","PASS, {1: 1, 2: 1, 3: 1, 4: 1, 5: 1, 6: 1, 7: 1, 8: 1, 9: 1, 10: 1}","PASS , {1: 1, 2: 1, 3: 1, 4: 1, 5: 1, 6: 1, 7: 1, 8: 1} ","PASS , {1: 1, 2: 1, 3: 1, 4: 1} ",10:59:04_15-07-25
87,78,8002,004638,"BV25292310033 , T252802116 ",FF00FFA50010600D1FD0761C0106389901508C85000100C800300001000DDBCD0301839A8245009C0A10,PASS,"PASS, {1: 1, 2: 1, 3: 1, 4: 1, 5: 1, 6: 1, 7: 1, 8: 1, 9: 1, 10: 1, 11: 1}","PASS, {1: 1, 2: 1, 3: 1, 4: 1, 5: 1, 6: 1, 7: 1, 8: 1, 9: 1, 10: 1}","PASS , {1: 1, 2: 1, 3: 1, 4: 1, 5: 1, 6: 1, 7: 1, 8: 1} ","PASS , {1: 1, 2: 1, 3: 1, 4: 1} ",11:00:20_15-07-25
88,79,8002,004638,"BV25292310169 , T252802178 ",FF00FFA50010600D1FD0761C0106389901508C85000100C800300001000DDBCD0301839A8245009C0A10,PASS,"PASS, {1: 1, 2: 1, 3: 1, 4: 1, 5: 1, 6: 1, 7: 1, 8: 1, 9: 1, 10: 1, 11: 1}","PASS, {1: 1, 2: 1, 3: 1, 4: 1, 5: 1, 6: 1, 7: 1, 8: 1, 9: 1, 10: 1}","PASS , {1: 1, 2: 1, 3: 1, 4: 1, 5: 1, 6: 1, 7: 1, 8: 1} ","PASS , {1: 1, 2: 1, 3: 1, 4: 1} ",11:01:42_15-07-25
89,80,8002,004638,"BV25292310132 , T252802077 ",FF00FFA50010600D1FD0761C0106389901508C85000100C800300001000DDBCD0301839A8245009C0A10,PASS,"PASS, {1: 1, 2: 1, 3: 1, 4: 1, 5: 1, 6: 1, 7: 1, 8: 1, 9: 1, 10: 1, 11: 1}","PASS, {1: 1, 2: 1, 3: 1, 4: 1, 5: 1, 6: 1, 7: 1, 8: 1, 9: 1, 10: 1}","PASS , {1: 1, 2: 1, 3: 1, 4: 1, 5: 1, 6: 1, 7: 1, 8: 1} ","PASS , {1: 1, 2: 1, 3: 1, 4: 1} ",11:03:06_15-07-25
90,81,8002,004638,"BV25292310131 , T252802213 ",FF00FFA50010600D1FD0761C0106389901508C85000100C800300001000DDBCD0301839A8245009C0A10,PASS,"PASS, {1: 1, 2: 1, 3: 1, 4: 1, 5: 1, 6: 1, 7: 1, 8: 1, 9: 1, 10: 1, 11: 1}","PASS, {1: 1, 2: 1, 3: 1, 4: 1, 5: 1, 6: 1, 7: 1, 8: 1, 9: 1, 10: 1}","PASS , {1: 1, 2: 1, 3: 1, 4: 1, 5: 1, 6: 1, 7: 1, 8: 1} ","PASS , {1: 1, 2: 1, 3: 1, 4: 1} ",11:04:20_15-07-25
91,82,8002,004638,"BV25292310130 , T252716394 ",FF00FFA50010600D1FD0761C0106389901508C85000100C800300001000DDBCD0301839A8245009C0A10,PASS,"PASS, {1: 1, 2: 1, 3: 1, 4: 1, 5: 1, 6: 1, 7: 1, 8: 1, 9: 1, 10: 1, 11: 1}","PASS, {1: 1, 2: 1, 3: 1, 4: 1, 5: 1, 6: 1, 7: 1, 8: 1, 9: 1, 10: 1}","PASS , {1: 1, 2: 1, 3: 1, 4: 1, 5: 1, 6: 1, 7: 1, 8: 1} ","PASS , {1: 1, 2: 1, 3: 1, 4: 1} ",11:05:31_15-07-25
92,83,8002,004638,"BV25292310129 , T252716396 ",FF00FFA50010600D1FD0761C0106389901508C85000100C800300001000DDBCD0301839A8245009C0A10,PASS,"PASS, {1: 1, 2: 1, 3: 1, 4: 1, 5: 1, 6: 1, 7: 1, 8: 1, 9: 1, 10: 1, 11: 1}","PASS, {1: 1, 2: 1, 3: 1, 4: 1, 5: 1, 6: 1, 7: 1, 8: 1, 9: 1, 10: 1}","PASS , {1: 1, 2: 1, 3: 1, 4: 1, 5: 1, 6: 1, 7: 1, 8: 1} ","PASS , {1: 1, 2: 1, 3: 1, 4: 1} ",11:06:50_15-07-25
93,84,8002,004638,"BV25292310128 , T252716509 ",FF00FFA50010600D1FD0761C0106389901508C85000100C800300001000DDBCD0301839A8245009C0A10,PASS,"PASS, {1: 1, 2: 1, 3: 1, 4: 1, 5: 1, 6: 1, 7: 1, 8: 1, 9: 1, 10: 1, 11: 1}","PASS, {1: 1, 2: 1, 3: 1, 4: 1, 5: 1, 6: 1, 7: 1, 8: 1, 9: 1, 10: 1}","PASS , {1: 1, 2: 1, 3: 1, 4: 1, 5: 1, 6: 1, 7: 1, 8: 1} ","PASS , {1: 1, 2: 1, 3: 1, 4: 1} ",11:08:02_15-07-25
94,85,8002,004638,"BV25292310127 , T252802212 ",FF00FFA50010600D1FD0761C0106389901508C85000100C800300001000DDBCD0301839A8245009C0A10,PASS,"PASS, {1: 1, 2: 1, 3: 1, 4: 1, 5: 1, 6: 1, 7: 1, 8: 1, 9: 1, 10: 1, 11: 1}","PASS, {1: 1, 2: 1, 3: 1, 4: 1, 5: 1, 6: 1, 7: 1, 8: 1, 9: 1, 10: 1}","PASS , {1: 1, 2: 1, 3: 1, 4: 1, 5: 1, 6: 1, 7: 1, 8: 1} ","PASS , {1: 1, 2: 1, 3: 1, 4: 1} ",11:09:14_15-07-25
95,86,8002,004638,"BV25292310126 , T252802211 ",FF00FFA50010600D1FD0761C0106389901508C85000100C800300001000DDBCD0301839A8245009C0A10,PASS,"PASS, {1: 1, 2: 1, 3: 1, 4: 1, 5: 1, 6: 1, 7: 1, 8: 1, 9: 1, 10: 1, 11: 1}","PASS, {1: 1, 2: 1, 3: 1, 4: 1, 5: 1, 6: 1, 7: 1, 8: 1, 9: 1, 10: 1}","PASS , {1: 1, 2: 1, 3: 1, 4: 1, 5: 1, 6: 1, 7: 1, 8: 1} ","PASS , {1: 1, 2: 1, 3: 1, 4: 1} ",11:10:28_15-07-25
96,87,8002,004638,"BV25292310125 , T252716326 ",FF00FFA50010600D1FD0761C0106389901508C85000100C800300001000DDBCD0301839A8245009C0A10,PASS,"PASS, {1: 1, 2: 1, 3: 1, 4: 1, 5: 1, 6: 1, 7: 1, 8: 1, 9: 1, 10: 1, 11: 1}","PASS, {1: 1, 2: 1, 3: 1, 4: 1, 5: 1, 6: 1, 7: 1, 8: 1, 9: 1, 10: 1}","PASS , {1: 1, 2: 1, 3: 1, 4: 1, 5: 1, 6: 1, 7: 1, 8: 1} ","PASS , {1: 1, 2: 1, 3: 1, 4: 1} ",11:11:38_15-07-25
97,88,8002,004638,"BV25292310124 , T252716302 ",FF00FFA50010600D1FD0761C0106389901508C85000100C800300001000DDBCD0301839A8245009C0A10,PASS,"PASS, {1: 1, 2: 1, 3: 1, 4: 1, 5: 1, 6: 1, 7: 1, 8: 1, 9: 1, 10: 1, 11: 1}","PASS, {1: 1, 2: 1, 3: 1, 4: 1, 5: 1, 6: 1, 7: 1, 8: 1, 9: 1, 10: 1}","PASS , {1: 1, 2: 1, 3: 1, 4: 1, 5: 1, 6: 1, 7: 1, 8: 1} ","PASS , {1: 1, 2: 1, 3: 1, 4: 1} ",11:12:49_15-07-25
98,89,8002,004638,"BV25292310123 , T252716318 ",FF00FFA50010600D1FD0761C0106389901508C85000100C800300001000DDBCD0301839A8245009C0A10,PASS,"PASS, {1: 1, 2: 1, 3: 1, 4: 1, 5: 1, 6: 1, 7: 1, 8: 1, 9: 1, 10: 1, 11: 1}","PASS, {1: 1, 2: 1, 3: 1, 4: 1, 5: 1, 6: 1, 7: 1, 8: 1, 9: 1, 10: 1}","PASS , {1: 1, 2: 1, 3: 1, 4: 1, 5: 1, 6: 1, 7: 1, 8: 1} ","PASS , {1: 1, 2: 1, 3: 1, 4: 1} ",11:14:13_15-07-25
99,90,8002,004638,"BV25292310189 , T252716151 ",FF00FFA50010600D1FD0761C0106389901508C85000100C800300001000DDBCD0301839A8245009C0A10,PASS,"PASS, {1: 1, 2: 1, 3: 1, 4: 1, 5: 1, 6: 1, 7: 1, 8: 1, 9: 1, 10: 1, 11: 1}","PASS, {1: 1, 2: 1, 3: 1, 4: 1, 5: 1, 6: 1, 7: 1, 8: 1, 9: 1, 10: 1}","PASS , {1: 1, 2: 1, 3: 1, 4: 1, 5: 1, 6: 1, 7: 1, 8: 1} ","PASS , {1: 1, 2: 1, 3: 1, 4: 1} ",11:15:35_15-07-25
100,91,8002,004638,"BV25292310236 , T252716439 ",FF00FFA50010600D1FD0761C0106389901508C85000100C800300001000DDBCD0301839A8245009C0A10,PASS,"PASS, {1: 1, 2: 1, 3: 1, 4: 1, 5: 1, 6: 1, 7: 1, 8: 1, 9: 1, 10: 1, 11: 1}","PASS, {1: 1, 2: 1, 3: 1, 4: 1, 5: 1, 6: 1, 7: 1, 8: 1, 9: 1, 10: 1}","PASS , {1: 1, 2: 1, 3: 1, 4: 1, 5: 1, 6: 1, 7: 1, 8: 1} ","PASS , {1: 1, 2: 1, 3: 1, 4: 1} ",11:16:46_15-07-25
101,92,8002,004638,"BV25292310239 , T252716436 ",FF00FFA50010600D1FD0761C0106389901508C85000100C800300001000DDBCD0301839A8245009C0A10,PASS,"PASS, {1: 1, 2: 1, 3: 1, 4: 1, 5: 1, 6: 1, 7: 1, 8: 1, 9: 1, 10: 1, 11: 1}","PASS, {1: 1, 2: 1, 3: 1, 4: 1, 5: 1, 6: 1, 7: 1, 8: 1, 9: 1, 10: 1}","PASS , {1: 1, 2: 1, 3: 1, 4: 1, 5: 1, 6: 1, 7: 1, 8: 1} ","PASS , {1: 1, 2: 1, 3: 1, 4: 1} ",11:18:01_15-07-25
102,93,8002,004638,"BV25292310242 , T252716457 ",FF00FFA50010600D1FD0761C0106389901508C85000100C800300001000DDBCD0301839A8245009C0A10,PASS,"PASS, {1: 1, 2: 1, 3: 1, 4: 1, 5: 1, 6: 1, 7: 1, 8: 1, 9: 1, 10: 1, 11: 1}","PASS, {1: 1, 2: 1, 3: 1, 4: 1, 5: 1, 6: 1, 7: 1, 8: 1, 9: 1, 10: 1}","PASS , {1: 1, 2: 1, 3: 1, 4: 1, 5: 1, 6: 1, 7: 1, 8: 1} ","PASS , {1: 1, 2: 1, 3: 1, 4: 1} ",11:19:14_15-07-25
103,93,8002,004638,"BV25292310190 , T252716284 ",FF00FFA50010600D1FD0761C0106389901508C85000100C800300001000DDBCD0301839A8245009C0A10,PASS,"PASS, {1: 1, 2: 1, 3: 1, 4: 1, 5: 1, 6: 1, 7: 1, 8: 1, 9: 1, 10: 1, 11: 1}","PASS, {1: 1, 2: 1, 3: 1, 4: 1, 5: 1, 6: 1, 7: 1, 8: 1, 9: 1, 10: 1}","FAIL , {1: 1, 2: 1, 3: 1, 4: 1, 5: 1, 6: 1, 7: 0, 8: 1} ","PASS , {1: 1, 2: 1, 3: 1, 4: 1} ",11:20:31_15-07-25
104,94,8002,004638,"BV25292310237 , T252716438 ",FF00FFA50010600D1FD0761C0106389901508C85000100C800300001000DDBCD0301839A8245009C0A10,PASS,"PASS, {1: 1, 2: 1, 3: 1, 4: 1, 5: 1, 6: 1, 7: 1, 8: 1, 9: 1, 10: 1, 11: 1}","PASS, {1: 1, 2: 1, 3: 1, 4: 1, 5: 1, 6: 1, 7: 1, 8: 1, 9: 1, 10: 1}","PASS , {1: 1, 2: 1, 3: 1, 4: 1, 5: 1, 6: 1, 7: 1, 8: 1} ","PASS , {1: 1, 2: 1, 3: 1, 4: 1} ",11:21:46_15-07-25
105,95,8002,004638,"BV25292310238 , T252716414 ",FF00FFA50010600D1FD0761C0106389901508C85000100C800300001000DDBCD0301839A8245009C0A10,PASS,"PASS, {1: 1, 2: 1, 3: 1, 4: 1, 5: 1, 6: 1, 7: 1, 8: 1, 9: 1, 10: 1, 11: 1}","PASS, {1: 1, 2: 1, 3: 1, 4: 1, 5: 1, 6: 1, 7: 1, 8: 1, 9: 1, 10: 1}","PASS , {1: 1, 2: 1, 3: 1, 4: 1, 5: 1, 6: 1, 7: 1, 8: 1} ","PASS , {1: 1, 2: 1, 3: 1, 4: 1} ",11:23:00_15-07-25
106,96,8002,004638,"BV25292310240 , T252716412 ",FF00FFA50010600D1FD0761C0106389901508C85000100C800300001000DDBCD0301839A8245009C0A10,PASS,"PASS, {1: 1, 2: 1, 3: 1, 4: 1, 5: 1, 6: 1, 7: 1, 8: 1, 9: 1, 10: 1, 11: 1}","PASS, {1: 1, 2: 1, 3: 1, 4: 1, 5: 1, 6: 1, 7: 1, 8: 1, 9: 1, 10: 1}","PASS , {1: 1, 2: 1, 3: 1, 4: 1, 5: 1, 6: 1, 7: 1, 8: 1} ","PASS , {1: 1, 2: 1, 3: 1, 4: 1} ",11:24:14_15-07-25
107,97,8002,004638,"BV25292310241 , T252716434 ",FF00FFA50010600D1FD0761C0106389901508C85000100C800300001000DDBCD0301839A8245009C0A10,PASS,"PASS, {1: 1, 2: 1, 3: 1, 4: 1, 5: 1, 6: 1, 7: 1, 8: 1, 9: 1, 10: 1, 11: 1}","PASS, {1: 1, 2: 1, 3: 1, 4: 1, 5: 1, 6: 1, 7: 1, 8: 1, 9: 1, 10: 1}","PASS , {1: 1, 2: 1, 3: 1, 4: 1, 5: 1, 6: 1, 7: 1, 8: 1} ","PASS , {1: 1, 2: 1, 3: 1, 4: 1} ",11:25:26_15-07-25
108,98,8002,004638,"BV25292310244 , T252716455 ",FF00FFA50010600D1FD0761C0106389901508C85000100C800300001000DDBCD0301839A8245009C0A10,PASS,"PASS, {1: 1, 2: 1, 3: 1, 4: 1, 5: 1, 6: 1, 7: 1, 8: 1, 9: 1, 10: 1, 11: 1}","PASS, {1: 1, 2: 1, 3: 1, 4: 1, 5: 1, 6: 1, 7: 1, 8: 1, 9: 1, 10: 1}","PASS , {1: 1, 2: 1, 3: 1, 4: 1, 5: 1, 6: 1, 7: 1, 8: 1} ","PASS , {1: 1, 2: 1, 3: 1, 4: 1} ",11:26:38_15-07-25
109,99,8002,004638,"BV25292310243 , T252715840 ",FF00FFA50010600D1FD0761C0106389901508C85000100C800300001000DDBCD0301839A8245009C0A10,PASS,"PASS, {1: 1, 2: 1, 3: 1, 4: 1, 5: 1, 6: 1, 7: 1, 8: 1, 9: 1, 10: 1, 11: 1}","PASS, {1: 1, 2: 1, 3: 1, 4: 1, 5: 1, 6: 1, 7: 1, 8: 1, 9: 1, 10: 1}","PASS , {1: 1, 2: 1, 3: 1, 4: 1, 5: 1, 6: 1, 7: 1, 8: 1} ","PASS , {1: 1, 2: 1, 3: 1, 4: 1} ",11:28:17_15-07-25
110,100,8002,004638,"BV25292310122 , T252716316 ",FF00FFA50010600D1FD0761C0106389901508C85000100C800300001000DDBCD0301839A8245009C0A10,PASS,"PASS, {1: 1, 2: 1, 3: 1, 4: 1, 5: 1, 6: 1, 7: 1, 8: 1, 9: 1, 10: 1, 11: 1}","PASS, {1: 1, 2: 1, 3: 1, 4: 1, 5: 1, 6: 1, 7: 1, 8: 1, 9: 1, 10: 1}","PASS , {1: 1, 2: 1, 3: 1, 4: 1, 5: 1, 6: 1, 7: 1, 8: 1} ","PASS , {1: 1, 2: 1, 3: 1, 4: 1} ",11:29:53_15-07-25
111,101,8002,004638,"BV25292310121 , T252716315 ",FF00FFA50010600D1FD0761C0106389901508C85000100C800300001000DDBCD0301839A8245009C0A10,PASS,"PASS, {1: 1, 2: 1, 3: 1, 4: 1, 5: 1, 6: 1, 7: 1, 8: 1, 9: 1, 10: 1, 11: 1}","PASS, {1: 1, 2: 1, 3: 1, 4: 1, 5: 1, 6: 1, 7: 1, 8: 1, 9: 1, 10: 1}","PASS , {1: 1, 2: 1, 3: 1, 4: 1, 5: 1, 6: 1, 7: 1, 8: 1} ","PASS , {1: 1, 2: 1, 3: 1, 4: 1} ",11:31:21_15-07-25
112,102,8002,004638,"BV25292310120 , T252716545 ",FF00FFA50010600D1FD0761C0106389901508C85000100C800300001000DDBCD0301839A8245009C0A10,PASS,"PASS, {1: 1, 2: 1, 3: 1, 4: 1, 5: 1, 6: 1, 7: 1, 8: 1, 9: 1, 10: 1, 11: 1}","PASS, {1: 1, 2: 1, 3: 1, 4: 1, 5: 1, 6: 1, 7: 1, 8: 1, 9: 1, 10: 1}","PASS , {1: 1, 2: 1, 3: 1, 4: 1, 5: 1, 6: 1, 7: 1, 8: 1} ","PASS , {1: 1, 2: 1, 3: 1, 4: 1} ",11:32:49_15-07-25
113,103,8002,004638,"BV25292310119 , T252716544 ",FF00FFA50010600D1FD0761C0106389901508C85000100C800300001000DDBCD0301839A8245009C0A10,PASS,"PASS, {1: 1, 2: 1, 3: 1, 4: 1, 5: 1, 6: 1, 7: 1, 8: 1, 9: 1, 10: 1, 11: 1}","PASS, {1: 1, 2: 1, 3: 1, 4: 1, 5: 1, 6: 1, 7: 1, 8: 1, 9: 1, 10: 1}","PASS , {1: 1, 2: 1, 3: 1, 4: 1, 5: 1, 6: 1, 7: 1, 8: 1} ","PASS , {1: 1, 2: 1, 3: 1, 4: 1} ",11:34:14_15-07-25
114,104,8002,004638,"BV25292310188 , T252716490 ",FF00FFA50010600D1FD0761C0106389901508C85000100C800300001000DDBCD0301839A8245009C0A10,PASS,"PASS, {1: 1, 2: 1, 3: 1, 4: 1, 5: 1, 6: 1, 7: 1, 8: 1, 9: 1, 10: 1, 11: 1}","PASS, {1: 1, 2: 1, 3: 1, 4: 1, 5: 1, 6: 1, 7: 1, 8: 1, 9: 1, 10: 1}","PASS , {1: 1, 2: 1, 3: 1, 4: 1, 5: 1, 6: 1, 7: 1, 8: 1} ","PASS , {1: 1, 2: 1, 3: 1, 4: 1} ",11:35:38_15-07-25
115,105,8002,004638,"BV25292310118 , T252716405 ",FF00FFA50010600D1FD0761C0106389901508C85000100C800300001000DDBCD0301839A8245009C0A10,PASS,"PASS, {1: 1, 2: 1, 3: 1, 4: 1, 5: 1, 6: 1, 7: 1, 8: 1, 9: 1, 10: 1, 11: 1}","PASS, {1: 1, 2: 1, 3: 1, 4: 1, 5: 1, 6: 1, 7: 1, 8: 1, 9: 1, 10: 1}","PASS , {1: 1, 2: 1, 3: 1, 4: 1, 5: 1, 6: 1, 7: 1, 8: 1} ","PASS , {1: 1, 2: 1, 3: 1, 4: 1} ",11:37:07_15-07-25
116,106,8002,004638,"BV25292310117 , T252716543 ",FF00FFA50010600D1FD0761C0106389901508C85000100C800300001000DDBCD0301839A8245009C0A10,PASS,"PASS, {1: 1, 2: 1, 3: 1, 4: 1, 5: 1, 6: 1, 7: 1, 8: 1, 9: 1, 10: 1, 11: 1}","PASS, {1: 1, 2: 1, 3: 1, 4: 1, 5: 1, 6: 1, 7: 1, 8: 1, 9: 1, 10: 1}","PASS , {1: 1, 2: 1, 3: 1, 4: 1, 5: 1, 6: 1, 7: 1, 8: 1} ","PASS , {1: 1, 2: 1, 3: 1, 4: 1} ",11:38:39_15-07-25
117,107,8002,004638,"BV25292310116 , T252716404 ",FF00FFA50010600D1FD0761C0106389901508C85000100C800300001000DDBCD0301839A8245009C0A10,PASS,"PASS, {1: 1, 2: 1, 3: 1, 4: 1, 5: 1, 6: 1, 7: 1, 8: 1, 9: 1, 10: 1, 11: 1}","PASS, {1: 1, 2: 1, 3: 1, 4: 1, 5: 1, 6: 1, 7: 1, 8: 1, 9: 1, 10: 1}","PASS , {1: 1, 2: 1, 3: 1, 4: 1, 5: 1, 6: 1, 7: 1, 8: 1} ","PASS , {1: 1, 2: 1, 3: 1, 4: 1} ",11:40:14_15-07-25
118,108,8002,004638,"BV25292310115 , T252802109 ",FF00FFA50010600D1FD0761C0106389901508C85000100C800300001000DDBCD0301839A8245009C0A10,PASS,"PASS, {1: 1, 2: 1, 3: 1, 4: 1, 5: 1, 6: 1, 7: 1, 8: 1, 9: 1, 10: 1, 11: 1}","PASS, {1: 1, 2: 1, 3: 1, 4: 1, 5: 1, 6: 1, 7: 1, 8: 1, 9: 1, 10: 1}","PASS , {1: 1, 2: 1, 3: 1, 4: 1, 5: 1, 6: 1, 7: 1, 8: 1} ","PASS , {1: 1, 2: 1, 3: 1, 4: 1} ",11:42:00_15-07-25
119,109,8002,004638,"BV25292310216 , T252802078 ",FF00FFA50010600D1FD0761C0106389901508C85000100C800300001000DDBCD0301839A8245009C0A10,PASS,"PASS, {1: 1, 2: 1, 3: 1, 4: 1, 5: 1, 6: 1, 7: 1, 8: 1, 9: 1, 10: 1, 11: 1}","PASS, {1: 1, 2: 1, 3: 1, 4: 1, 5: 1, 6: 1, 7: 1, 8: 1, 9: 1, 10: 1}","PASS , {1: 1, 2: 1, 3: 1, 4: 1, 5: 1, 6: 1, 7: 1, 8: 1} ","PASS , {1: 1, 2: 1, 3: 1, 4: 1} ",11:43:19_15-07-25
120,110,8002,004638,"BV25292310217 , T252802085 ",FF00FFA50010600D1FD0761C0106389901508C85000100C800300001000DDBCD0301839A8245009C0A10,PASS,"PASS, {1: 1, 2: 1, 3: 1, 4: 1, 5: 1, 6: 1, 7: 1, 8: 1, 9: 1, 10: 1, 11: 1}","PASS, {1: 1, 2: 1, 3: 1, 4: 1, 5: 1, 6: 1, 7: 1, 8: 1, 9: 1, 10: 1}","PASS , {1: 1, 2: 1, 3: 1, 4: 1, 5: 1, 6: 1, 7: 1, 8: 1} ","PASS , {1: 1, 2: 1, 3: 1, 4: 1} ",11:44:30_15-07-25
121,111,8002,004638,"BV25292310219 , T252802080 ",FF00FFA50010600D1FD0761C0106389901508C85000100C800300001000DDBCD0301839A8245009C0A10,PASS,"PASS, {1: 1, 2: 1, 3: 1, 4: 1, 5: 1, 6: 1, 7: 1, 8: 1, 9: 1, 10: 1, 11: 1}","PASS, {1: 1, 2: 1, 3: 1, 4: 1, 5: 1, 6: 1, 7: 1, 8: 1, 9: 1, 10: 1}","PASS , {1: 1, 2: 1, 3: 1, 4: 1, 5: 1, 6: 1, 7: 1, 8: 1} ","PASS , {1: 1, 2: 1, 3: 1, 4: 1} ",11:45:43_15-07-25
122,112,8002,004638,"BV25292310222 , T252211334 ",FF00FFA50010600D1FD0761C0106389901508C85000100C800300001000DDBCD0301839A8245009C0A10,PASS,"PASS, {1: 1, 2: 1, 3: 1, 4: 1, 5: 1, 6: 1, 7: 1, 8: 1, 9: 1, 10: 1, 11: 1}","PASS, {1: 1, 2: 1, 3: 1, 4: 1, 5: 1, 6: 1, 7: 1, 8: 1, 9: 1, 10: 1}","PASS , {1: 1, 2: 1, 3: 1, 4: 1, 5: 1, 6: 1, 7: 1, 8: 1} ","PASS , {1: 1, 2: 1, 3: 1, 4: 1} ",11:47:00_15-07-25
123,113,8002,004638,"BV25292310224 , T252718376 ",FF00FFA50010600D1FD0761C0106389901508C85000100C800300001000DDBCD0301839A8245009C0A10,PASS,"PASS, {1: 1, 2: 1, 3: 1, 4: 1, 5: 1, 6: 1, 7: 1, 8: 1, 9: 1, 10: 1, 11: 1}","PASS, {1: 1, 2: 1, 3: 1, 4: 1, 5: 1, 6: 1, 7: 1, 8: 1, 9: 1, 10: 1}","PASS , {1: 1, 2: 1, 3: 1, 4: 1, 5: 1, 6: 1, 7: 1, 8: 1} ","PASS , {1: 1, 2: 1, 3: 1, 4: 1} ",11:48:11_15-07-25
124,114,8002,004638,"BV25292310218 , T252802084 ",FF00FFA50010600D1FD0761C0106389901508C85000100C800300001000DDBCD0301839A8245009C0A10,PASS,"PASS, {1: 1, 2: 1, 3: 1, 4: 1, 5: 1, 6: 1, 7: 1, 8: 1, 9: 1, 10: 1, 11: 1}","PASS, {1: 1, 2: 1, 3: 1, 4: 1, 5: 1, 6: 1, 7: 1, 8: 1, 9: 1, 10: 1}","PASS , {1: 1, 2: 1, 3: 1, 4: 1, 5: 1, 6: 1, 7: 1, 8: 1} ","PASS , {1: 1, 2: 1, 3: 1, 4: 1} ",11:49:22_15-07-25
125,115,8002,004638,"BV25292310226 , T252716413 ",FF00FFA50010600D1FD0761C0106389901508C85000100C800300001000DDBCD0301839A8245009C0A10,PASS,"PASS, {1: 1, 2: 1, 3: 1, 4: 1, 5: 1, 6: 1, 7: 1, 8: 1, 9: 1, 10: 1, 11: 1}","PASS, {1: 1, 2: 1, 3: 1, 4: 1, 5: 1, 6: 1, 7: 1, 8: 1, 9: 1, 10: 1}","PASS , {1: 1, 2: 1, 3: 1, 4: 1, 5: 1, 6: 1, 7: 1, 8: 1} ","PASS , {1: 1, 2: 1, 3: 1, 4: 1} ",11:50:33_15-07-25
126,116,8002,004638,"BV25292310227 , T252718387 ",FF00FFA50010600D1FD0761C0106389901508C85000100C800300001000DDBCD0301839A8245009C0A10,PASS,"PASS, {1: 1, 2: 1, 3: 1, 4: 1, 5: 1, 6: 1, 7: 1, 8: 1, 9: 1, 10: 1, 11: 1}","PASS, {1: 1, 2: 1, 3: 1, 4: 1, 5: 1, 6: 1, 7: 1, 8: 1, 9: 1, 10: 1}","PASS , {1: 1, 2: 1, 3: 1, 4: 1, 5: 1, 6: 1, 7: 1, 8: 1} ","PASS , {1: 1, 2: 1, 3: 1, 4: 1} ",11:51:44_15-07-25
127,117,8002,004638,"BV25292310229 , T252718388 ",FF00FFA50010600D1FD0761C0106389901508C85000100C800300001000DDBCD0301839A8245009C0A10,PASS,"PASS, {1: 1, 2: 1, 3: 1, 4: 1, 5: 1, 6: 1, 7: 1, 8: 1, 9: 1, 10: 1, 11: 1}","PASS, {1: 1, 2: 1, 3: 1, 4: 1, 5: 1, 6: 1, 7: 1, 8: 1, 9: 1, 10: 1}","PASS , {1: 1, 2: 1, 3: 1, 4: 1, 5: 1, 6: 1, 7: 1, 8: 1} ","PASS , {1: 1, 2: 1, 3: 1, 4: 1} ",11:52:57_15-07-25
128,118,8002,004638,"BV25292310225 , T252718378 ",FF00FFA50010600D1FD0761C0106389901508C85000100C800300001000DDBCD0301839A8245009C0A10,PASS,"PASS, {1: 1, 2: 1, 3: 1, 4: 1, 5: 1, 6: 1, 7: 1, 8: 1, 9: 1, 10: 1, 11: 1}","PASS, {1: 1, 2: 1, 3: 1, 4: 1, 5: 1, 6: 1, 7: 1, 8: 1, 9: 1, 10: 1}","PASS , {1: 1, 2: 1, 3: 1, 4: 1, 5: 1, 6: 1, 7: 1, 8: 1} ","PASS , {1: 1, 2: 1, 3: 1, 4: 1} ",11:54:08_15-07-25
129,119,8002,004638,"BV25292310220 , T252802079 ",FF00FFA50010600D1FD0761C0106389901508C85000100C800300001000DDBCD0301839A8245009C0A10,PASS,"PASS, {1: 1, 2: 1, 3: 1, 4: 1, 5: 1, 6: 1, 7: 1, 8: 1, 9: 1, 10: 1, 11: 1}","PASS, {1: 1, 2: 1, 3: 1, 4: 1, 5: 1, 6: 1, 7: 1, 8: 1, 9: 1, 10: 1}","PASS , {1: 1, 2: 1, 3: 1, 4: 1, 5: 1, 6: 1, 7: 1, 8: 1} ","PASS , {1: 1, 2: 1, 3: 1, 4: 1} ",11:55:19_15-07-25
130,120,8002,004638,"BV25292310221 , T252802083 ",FF00FFA50010600D1FD0761C0106389901508C85000100C800300001000DDBCD0301839A8245009C0A10,PASS,"PASS, {1: 1, 2: 1, 3: 1, 4: 1, 5: 1, 6: 1, 7: 1, 8: 1, 9: 1, 10: 1, 11: 1}","PASS, {1: 1, 2: 1, 3: 1, 4: 1, 5: 1, 6: 1, 7: 1, 8: 1, 9: 1, 10: 1}","PASS , {1: 1, 2: 1, 3: 1, 4: 1, 5: 1, 6: 1, 7: 1, 8: 1} ","PASS , {1: 1, 2: 1, 3: 1, 4: 1} ",11:56:31_15-07-25
131,121,8002,004638,"BV25292310230 , T252716418 ",FF00FFA50010600D1FD0761C0106389901508C85000100C800300001000DDBCD0301839A8245009C0A10,PASS,"PASS, {1: 1, 2: 1, 3: 1, 4: 1, 5: 1, 6: 1, 7: 1, 8: 1, 9: 1, 10: 1, 11: 1}","PASS, {1: 1, 2: 1, 3: 1, 4: 1, 5: 1, 6: 1, 7: 1, 8: 1, 9: 1, 10: 1}","PASS , {1: 1, 2: 1, 3: 1, 4: 1, 5: 1, 6: 1, 7: 1, 8: 1} ","PASS , {1: 1, 2: 1, 3: 1, 4: 1} ",11:57:42_15-07-25
132,122,8002,004638,"BV25292310192 , T252716150 ",FF00FFA50010600D1FD0761C0106389901508C85000100C800300001000DDBCD0301839A8245009C0A10,PASS,"PASS, {1: 1, 2: 1, 3: 1, 4: 1, 5: 1, 6: 1, 7: 1, 8: 1, 9: 1, 10: 1, 11: 1}","PASS, {1: 1, 2: 1, 3: 1, 4: 1, 5: 1, 6: 1, 7: 1, 8: 1, 9: 1, 10: 1}","PASS , {1: 1, 2: 1, 3: 1, 4: 1, 5: 1, 6: 1, 7: 1, 8: 1} ","PASS , {1: 1, 2: 1, 3: 1, 4: 1} ",11:58:58_15-07-25
133,123,8002,004638,"BV25292310194 , T252716254 ",FF00FFA50010600D1FD0761C0106389901508C85000100C800300001000DDBCD0301839A8245009C0A10,PASS,"PASS, {1: 1, 2: 1, 3: 1, 4: 1, 5: 1, 6: 1, 7: 1, 8: 1, 9: 1, 10: 1, 11: 1}","PASS, {1: 1, 2: 1, 3: 1, 4: 1, 5: 1, 6: 1, 7: 1, 8: 1, 9: 1, 10: 1}","PASS , {1: 1, 2: 1, 3: 1, 4: 1, 5: 1, 6: 1, 7: 1, 8: 1} ","PASS , {1: 1, 2: 1, 3: 1, 4: 1} ",12:00:12_15-07-25
134,124,8002,004638,"BV25292310198 , T252716179 ",FF00FFA50010600D1FD0761C0106389901508C85000100C800300001000DDBCD0301839A8245009C0A10,PASS,"PASS, {1: 1, 2: 1, 3: 1, 4: 1, 5: 1, 6: 1, 7: 1, 8: 1, 9: 1, 10: 1, 11: 1}","PASS, {1: 1, 2: 1, 3: 1, 4: 1, 5: 1, 6: 1, 7: 1, 8: 1, 9: 1, 10: 1}","PASS , {1: 1, 2: 1, 3: 1, 4: 1, 5: 1, 6: 1, 7: 1, 8: 1} ","PASS , {1: 1, 2: 1, 3: 1, 4: 1} ",12:01:28_15-07-25
135,125,8002,004638,"BV25292310199 , T252716440 ",FF00FFA50010600D1FD0761C0106389901508C85000100C800300001000DDBCD0301839A8245009C0A10,PASS,"PASS, {1: 1, 2: 1, 3: 1, 4: 1, 5: 1, 6: 1, 7: 1, 8: 1, 9: 1, 10: 1, 11: 1}","PASS, {1: 1, 2: 1, 3: 1, 4: 1, 5: 1, 6: 1, 7: 1, 8: 1, 9: 1, 10: 1}","PASS , {1: 1, 2: 1, 3: 1, 4: 1, 5: 1, 6: 1, 7: 1, 8: 1} ","PASS , {1: 1, 2: 1, 3: 1, 4: 1} ",12:02:38_15-07-25
136,126,8002,004638,"BV25292310200 , T252716516 ",FF00FFA50010600D1FD0761C0106389901508C85000100C800300001000DDBCD0301839A8245009C0A10,PASS,"PASS, {1: 1, 2: 1, 3: 1, 4: 1, 5: 1, 6: 1, 7: 1, 8: 1, 9: 1, 10: 1, 11: 1}","PASS, {1: 1, 2: 1, 3: 1, 4: 1, 5: 1, 6: 1, 7: 1, 8: 1, 9: 1, 10: 1}","PASS , {1: 1, 2: 1, 3: 1, 4: 1, 5: 1, 6: 1, 7: 1, 8: 1} ","PASS , {1: 1, 2: 1, 3: 1, 4: 1} ",12:03:50_15-07-25
137,127,8002,004638,"BV25292310202 , T252718379 ",FF00FFA50010600D1FD0761C0106389901508C85000100C800300001000DDBCD0301839A8245009C0A10,PASS,"PASS, {1: 1, 2: 1, 3: 1, 4: 1, 5: 1, 6: 1, 7: 1, 8: 1, 9: 1, 10: 1, 11: 1}","PASS, {1: 1, 2: 1, 3: 1, 4: 1, 5: 1, 6: 1, 7: 1, 8: 1, 9: 1, 10: 1}","PASS , {1: 1, 2: 1, 3: 1, 4: 1, 5: 1, 6: 1, 7: 1, 8: 1} ","PASS , {1: 1, 2: 1, 3: 1, 4: 1} ",12:05:02_15-07-25
138,128,8002,004638,"BV25292310205 , T252716411 ",FF00FFA50010600D1FD0761C0106389901508C85000100C800300001000DDBCD0301839A8245009C0A10,PASS,"PASS, {1: 1, 2: 1, 3: 1, 4: 1, 5: 1, 6: 1, 7: 1, 8: 1, 9: 1, 10: 1, 11: 1}","PASS, {1: 1, 2: 1, 3: 1, 4: 1, 5: 1, 6: 1, 7: 1, 8: 1, 9: 1, 10: 1}","PASS , {1: 1, 2: 1, 3: 1, 4: 1, 5: 1, 6: 1, 7: 1, 8: 1} ","PASS , {1: 1, 2: 1, 3: 1, 4: 1} ",12:06:12_15-07-25
139,129,8002,004638,"BV25292310208 , T252802067 ",FF00FFA50010600D1FD0761C0106389901508C85000100C800300001000DDBCD0301839A8245009C0A10,PASS,"PASS, {1: 1, 2: 1, 3: 1, 4: 1, 5: 1, 6: 1, 7: 1, 8: 1, 9: 1, 10: 1, 11: 1}","PASS, {1: 1, 2: 1, 3: 1, 4: 1, 5: 1, 6: 1, 7: 1, 8: 1, 9: 1, 10: 1}","PASS , {1: 1, 2: 1, 3: 1, 4: 1, 5: 1, 6: 1, 7: 1, 8: 1} ","PASS , {1: 1, 2: 1, 3: 1, 4: 1} ",12:07:22_15-07-25
140,130,8002,004638,"BV25292310209 , T252802065 ",FF00FFA50010600D1FD0761C0106389901508C85000100C800300001000DDBCD0301839A8245009C0A10,PASS,"PASS, {1: 1, 2: 1, 3: 1, 4: 1, 5: 1, 6: 1, 7: 1, 8: 1, 9: 1, 10: 1, 11: 1}","PASS, {1: 1, 2: 1, 3: 1, 4: 1, 5: 1, 6: 1, 7: 1, 8: 1, 9: 1, 10: 1}","PASS , {1: 1, 2: 1, 3: 1, 4: 1, 5: 1, 6: 1, 7: 1, 8: 1} ","PASS , {1: 1, 2: 1, 3: 1, 4: 1} ",12:08:33_15-07-25
141,131,8002,004638,"BV25292310212 , T252802081 ",FF00FFA50010600D1FD0761C0106389901508C85000100C800300001000DDBCD0301839A8245009C0A10,PASS,"PASS, {1: 1, 2: 1, 3: 1, 4: 1, 5: 1, 6: 1, 7: 1, 8: 1, 9: 1, 10: 1, 11: 1}","PASS, {1: 1, 2: 1, 3: 1, 4: 1, 5: 1, 6: 1, 7: 1, 8: 1, 9: 1, 10: 1}","PASS , {1: 1, 2: 1, 3: 1, 4: 1, 5: 1, 6: 1, 7: 1, 8: 1} ","PASS , {1: 1, 2: 1, 3: 1, 4: 1} ",12:09:43_15-07-25
142,132,8002,004638,"BV25292310214 , T252716416 ",FF00FFA50010600D1FD0761C0106389901508C85000100C800300001000DDBCD0301839A8245009C0A10,PASS,"PASS, {1: 1, 2: 1, 3: 1, 4: 1, 5: 1, 6: 1, 7: 1, 8: 1, 9: 1, 10: 1, 11: 1}","PASS, {1: 1, 2: 1, 3: 1, 4: 1, 5: 1, 6: 1, 7: 1, 8: 1, 9: 1, 10: 1}","PASS , {1: 1, 2: 1, 3: 1, 4: 1, 5: 1, 6: 1, 7: 1, 8: 1} ","PASS , {1: 1, 2: 1, 3: 1, 4: 1} ",12:10:54_15-07-25
143,133,8002,004638,"BV25292310265 , T252716278 ",FF00FFA50010600D1FD0761C0106389901508C85000100C800300001000DDBCD0301839A8245009C0A10,PASS,"PASS, {1: 1, 2: 1, 3: 1, 4: 1, 5: 1, 6: 1, 7: 1, 8: 1, 9: 1, 10: 1, 11: 1}","PASS, {1: 1, 2: 1, 3: 1, 4: 1, 5: 1, 6: 1, 7: 1, 8: 1, 9: 1, 10: 1}","PASS , {1: 1, 2: 1, 3: 1, 4: 1, 5: 1, 6: 1, 7: 1, 8: 1} ","PASS , {1: 1, 2: 1, 3: 1, 4: 1} ",12:12:05_15-07-25
144,134,8002,004638,"BV25292310264 , T252716269 ",FF00FFA50010600D1FD0761C0106389901508C85000100C800300001000DDBCD0301839A8245009C0A10,PASS,"PASS, {1: 1, 2: 1, 3: 1, 4: 1, 5: 1, 6: 1, 7: 1, 8: 1, 9: 1, 10: 1, 11: 1}","PASS, {1: 1, 2: 1, 3: 1, 4: 1, 5: 1, 6: 1, 7: 1, 8: 1, 9: 1, 10: 1}","PASS , {1: 1, 2: 1, 3: 1, 4: 1, 5: 1, 6: 1, 7: 1, 8: 1} ","PASS , {1: 1, 2: 1, 3: 1, 4: 1} ",12:13:24_15-07-25
145,135,8002,004638,"BV25292310207 , T252802069 ",FF00FFA50010600D1FD0761C0106389901508C85000100C800300001000DDBCD0301839A8245009C0A10,PASS,"PASS, {1: 1, 2: 1, 3: 1, 4: 1, 5: 1, 6: 1, 7: 1, 8: 1, 9: 1, 10: 1, 11: 1}","PASS, {1: 1, 2: 1, 3: 1, 4: 1, 5: 1, 6: 1, 7: 1, 8: 1, 9: 1, 10: 1}","PASS , {1: 1, 2: 1, 3: 1, 4: 1, 5: 1, 6: 1, 7: 1, 8: 1} ","PASS , {1: 1, 2: 1, 3: 1, 4: 1} ",12:14:35_15-07-25
146,136,8002,004638,"BV25292310262 , T250802641 ",FF00FFA50010600D1FD0761C0106389901508C85000100C800300001000DDBCD0301839A8245009C0A10,PASS,"PASS, {1: 1, 2: 1, 3: 1, 4: 1, 5: 1, 6: 1, 7: 1, 8: 1, 9: 1, 10: 1, 11: 1}","PASS, {1: 1, 2: 1, 3: 1, 4: 1, 5: 1, 6: 1, 7: 1, 8: 1, 9: 1, 10: 1}","PASS , {1: 1, 2: 1, 3: 1, 4: 1, 5: 1, 6: 1, 7: 1, 8: 1} ","PASS , {1: 1, 2: 1, 3: 1, 4: 1} ",12:15:47_15-07-25
147,137,8002,004638,"BV25292310232 , T252210960 ",FF00FFA50010600D1FD0761C0106389901508C85000100C800300001000DDBCD0301839A8245009C0A10,PASS,"PASS, {1: 1, 2: 1, 3: 1, 4: 1, 5: 1, 6: 1, 7: 1, 8: 1, 9: 1, 10: 1, 11: 1}","PASS, {1: 1, 2: 1, 3: 1, 4: 1, 5: 1, 6: 1, 7: 1, 8: 1, 9: 1, 10: 1}","PASS , {1: 1, 2: 1, 3: 1, 4: 1, 5: 1, 6: 1, 7: 1, 8: 1} ","PASS , {1: 1, 2: 1, 3: 1, 4: 1} ",12:17:09_15-07-25
148,138,8002,004638,"BV25292310233 , T252210396 ",FF00FFA50010600D1FD0761C0106389901508C85000100C800300001000DDBCD0301839A8245009C0A10,PASS,"PASS, {1: 1, 2: 1, 3: 1, 4: 1, 5: 1, 6: 1, 7: 1, 8: 1, 9: 1, 10: 1, 11: 1}","PASS, {1: 1, 2: 1, 3: 1, 4: 1, 5: 1, 6: 1, 7: 1, 8: 1, 9: 1, 10: 1}","PASS , {1: 1, 2: 1, 3: 1, 4: 1, 5: 1, 6: 1, 7: 1, 8: 1} ","PASS , {1: 1, 2: 1, 3: 1, 4: 1} ",12:18:24_15-07-25
149,139,8002,004638,"BV25292310231 , T252209965 ",FF00FFA50010600D1FD0761C0106389901508C85000100C800300001000DDBCD0301839A8245009C0A10,PASS,"PASS, {1: 1, 2: 1, 3: 1, 4: 1, 5: 1, 6: 1, 7: 1, 8: 1, 9: 1, 10: 1, 11: 1}","PASS, {1: 1, 2: 1, 3: 1, 4: 1, 5: 1, 6: 1, 7: 1, 8: 1, 9: 1, 10: 1}","PASS , {1: 1, 2: 1, 3: 1, 4: 1, 5: 1, 6: 1, 7: 1, 8: 1} ","PASS , {1: 1, 2: 1, 3: 1, 4: 1} ",12:19:35_15-07-25
150,140,8002,004638,"BV25292310206 , T252802082 ",FF00FFA50010600D1FD0761C0106389901508C85000100C800300001000DDBCD0301839A8245009C0A10,PASS,"PASS, {1: 1, 2: 1, 3: 1, 4: 1, 5: 1, 6: 1, 7: 1, 8: 1, 9: 1, 10: 1, 11: 1}","PASS, {1: 1, 2: 1, 3: 1, 4: 1, 5: 1, 6: 1, 7: 1, 8: 1, 9: 1, 10: 1}","PASS , {1: 1, 2: 1, 3: 1, 4: 1, 5: 1, 6: 1, 7: 1, 8: 1} ","PASS , {1: 1, 2: 1, 3: 1, 4: 1} ",12:20:44_15-07-25
151,141,8002,004638,"BV25292310204 , T252716437 ",FF00FFA50010600D1FD0761C0106389901508C85000100C800300001000DDBCD0301839A8245009C0A10,PASS,"PASS, {1: 1, 2: 1, 3: 1, 4: 1, 5: 1, 6: 1, 7: 1, 8: 1, 9: 1, 10: 1, 11: 1}","PASS, {1: 1, 2: 1, 3: 1, 4: 1, 5: 1, 6: 1, 7: 1, 8: 1, 9: 1, 10: 1}","PASS , {1: 1, 2: 1, 3: 1, 4: 1, 5: 1, 6: 1, 7: 1, 8: 1} ","PASS , {1: 1, 2: 1, 3: 1, 4: 1} ",12:21:55_15-07-25
152,142,8002,004638,"BV25292310234 , T252716410 ",FF00FFA50010600D1FD0761C0106389901508C85000100C800300001000DDBCD0301839A8245009C0A10,PASS,"PASS, {1: 1, 2: 1, 3: 1, 4: 1, 5: 1, 6: 1, 7: 1, 8: 1, 9: 1, 10: 1, 11: 1}","PASS, {1: 1, 2: 1, 3: 1, 4: 1, 5: 1, 6: 1, 7: 1, 8: 1, 9: 1, 10: 1}","PASS , {1: 1, 2: 1, 3: 1, 4: 1, 5: 1, 6: 1, 7: 1, 8: 1} ","PASS , {1: 1, 2: 1, 3: 1, 4: 1} ",12:23:05_15-07-25
153,143,8002,004638,"BV25292310235 , T252716435 ",FF00FFA50010600D1FD0761C0106389901508C85000100C800300001000DDBCD0301839A8245009C0A10,PASS,"PASS, {1: 1, 2: 1, 3: 1, 4: 1, 5: 1, 6: 1, 7: 1, 8: 1, 9: 1, 10: 1, 11: 1}","PASS, {1: 1, 2: 1, 3: 1, 4: 1, 5: 1, 6: 1, 7: 1, 8: 1, 9: 1, 10: 1}","PASS , {1: 1, 2: 1, 3: 1, 4: 1, 5: 1, 6: 1, 7: 1, 8: 1} ","PASS , {1: 1, 2: 1, 3: 1, 4: 1} ",12:24:15_15-07-25
154,144,8002,004638,"BV25292310256 , T252716187 ",FF00FFA50010600D1FD0761C0106389901508C85000100C800300001000DDBCD0301839A8245009C0A10,PASS,"PASS, {1: 1, 2: 1, 3: 1, 4: 1, 5: 1, 6: 1, 7: 1, 8: 1, 9: 1, 10: 1, 11: 1}","PASS, {1: 1, 2: 1, 3: 1, 4: 1, 5: 1, 6: 1, 7: 1, 8: 1, 9: 1, 10: 1}","PASS , {1: 1, 2: 1, 3: 1, 4: 1, 5: 1, 6: 1, 7: 1, 8: 1} ","PASS , {1: 1, 2: 1, 3: 1, 4: 1} ",12:25:25_15-07-25
155,145,8002,004638,"BV25292310254 , T252715816 ",FF00FFA50010600D1FD0761C0106389901508C85000100C800300001000DDBCD0301839A8245009C0A10,PASS,"PASS, {1: 1, 2: 1, 3: 1, 4: 1, 5: 1, 6: 1, 7: 1, 8: 1, 9: 1, 10: 1, 11: 1}","PASS, {1: 1, 2: 1, 3: 1, 4: 1, 5: 1, 6: 1, 7: 1, 8: 1, 9: 1, 10: 1}","PASS , {1: 1, 2: 1, 3: 1, 4: 1, 5: 1, 6: 1, 7: 1, 8: 1} ","PASS , {1: 1, 2: 1, 3: 1, 4: 1} ",12:26:36_15-07-25
156,146,8002,004638,"BV25292310260 , T252211078 ",FF00FFA50010600D1FD0761C0106389901508C85000100C800300001000DDBCD0301839A8245009C0A10,PASS,"PASS, {1: 1, 2: 1, 3: 1, 4: 1, 5: 1, 6: 1, 7: 1, 8: 1, 9: 1, 10: 1, 11: 1}","PASS, {1: 1, 2: 1, 3: 1, 4: 1, 5: 1, 6: 1, 7: 1, 8: 1, 9: 1, 10: 1}","PASS , {1: 1, 2: 1, 3: 1, 4: 1, 5: 1, 6: 1, 7: 1, 8: 1} ","PASS , {1: 1, 2: 1, 3: 1, 4: 1} ",12:27:49_15-07-25
157,147,8002,004638,"BV25292310248 , T252716454 ",FF00FFA50010600D1FD0761C0106389901508C85000100C800300001000DDBCD0301839A8245009C0A10,PASS,"PASS, {1: 1, 2: 1, 3: 1, 4: 1, 5: 1, 6: 1, 7: 1, 8: 1, 9: 1, 10: 1, 11: 1}","PASS, {1: 1, 2: 1, 3: 1, 4: 1, 5: 1, 6: 1, 7: 1, 8: 1, 9: 1, 10: 1}","PASS , {1: 1, 2: 1, 3: 1, 4: 1, 5: 1, 6: 1, 7: 1, 8: 1} ","PASS , {1: 1, 2: 1, 3: 1, 4: 1} ",12:29:00_15-07-25
158,148,8002,004638,"BV25292310259 , T252210025 ",FF00FFA50010600D1FD0761C0106389901508C85000100C800300001000DDBCD0301839A8245009C0A10,PASS,"PASS, {1: 1, 2: 1, 3: 1, 4: 1, 5: 1, 6: 1, 7: 1, 8: 1, 9: 1, 10: 1, 11: 1}","PASS, {1: 1, 2: 1, 3: 1, 4: 1, 5: 1, 6: 1, 7: 1, 8: 1, 9: 1, 10: 1}","PASS , {1: 1, 2: 1, 3: 1, 4: 1, 5: 1, 6: 1, 7: 1, 8: 1} ","PASS , {1: 1, 2: 1, 3: 1, 4: 1} ",12:30:14_15-07-25
159,149,8002,004638,"BV25292310252 , T252716266 ",FF00FFA50010600D1FD0761C0106389901508C85000100C800300001000DDBCD0301839A8245009C0A10,PASS,"PASS, {1: 1, 2: 1, 3: 1, 4: 1, 5: 1, 6: 1, 7: 1, 8: 1, 9: 1, 10: 1, 11: 1}","PASS, {1: 1, 2: 1, 3: 1, 4: 1, 5: 1, 6: 1, 7: 1, 8: 1, 9: 1, 10: 1}","PASS , {1: 1, 2: 1, 3: 1, 4: 1, 5: 1, 6: 1, 7: 1, 8: 1} ","PASS , {1: 1, 2: 1, 3: 1, 4: 1} ",12:31:25_15-07-25
160,150,8002,004638,"BV25292310253 , T252716183 ",FF00FFA50010600D1FD0761C0106389901508C85000100C800300001000DDBCD0301839A8245009C0A10,PASS,"PASS, {1: 1, 2: 1, 3: 1, 4: 1, 5: 1, 6: 1, 7: 1, 8: 1, 9: 1, 10: 1, 11: 1}","PASS, {1: 1, 2: 1, 3: 1, 4: 1, 5: 1, 6: 1, 7: 1, 8: 1, 9: 1, 10: 1}","PASS , {1: 1, 2: 1, 3: 1, 4: 1, 5: 1, 6: 1, 7: 1, 8: 1} ","PASS , {1: 1, 2: 1, 3: 1, 4: 1} ",12:32:37_15-07-25
161,151,8002,004638,"BV25292310255 , T252716185 ",FF00FFA50010600D1FD0761C0106389901508C85000100C800300001000DDBCD0301839A8245009C0A10,PASS,"PASS, {1: 1, 2: 1, 3: 1, 4: 1, 5: 1, 6: 1, 7: 1, 8: 1, 9: 1, 10: 1, 11: 1}","PASS, {1: 1, 2: 1, 3: 1, 4: 1, 5: 1, 6: 1, 7: 1, 8: 1, 9: 1, 10: 1}","PASS , {1: 1, 2: 1, 3: 1, 4: 1, 5: 1, 6: 1, 7: 1, 8: 1} ","PASS , {1: 1, 2: 1, 3: 1, 4: 1} ",12:33:47_15-07-25
162,152,8002,004638,"BV25292310261 , T252210245 ",FF00FFA50010600D1FD0761C0106389901508C85000100C800300001000DDBCD0301839A8245009C0A10,PASS,"PASS, {1: 1, 2: 1, 3: 1, 4: 1, 5: 1, 6: 1, 7: 1, 8: 1, 9: 1, 10: 1, 11: 1}","PASS, {1: 1, 2: 1, 3: 1, 4: 1, 5: 1, 6: 1, 7: 1, 8: 1, 9: 1, 10: 1}","PASS , {1: 1, 2: 1, 3: 1, 4: 1, 5: 1, 6: 1, 7: 1, 8: 1} ","PASS , {1: 1, 2: 1, 3: 1, 4: 1} ",12:34:58_15-07-25
163,153,8002,004638,"BV25292310258 , T252716301 ",FF00FFA50010600D1FD0761C0106389901508C85000100C800300001000DDBCD0301839A8245009C0A10,PASS,"PASS, {1: 1, 2: 1, 3: 1, 4: 1, 5: 1, 6: 1, 7: 1, 8: 1, 9: 1, 10: 1, 11: 1}","PASS, {1: 1, 2: 1, 3: 1, 4: 1, 5: 1, 6: 1, 7: 1, 8: 1, 9: 1, 10: 1}","PASS , {1: 1, 2: 1, 3: 1, 4: 1, 5: 1, 6: 1, 7: 1, 8: 1} ","PASS , {1: 1, 2: 1, 3: 1, 4: 1} ",12:36:09_15-07-25
164,154,8002,004638,"BV25292310201 , T252718377 ",FF00FFA50010600D1FD0761C0106389901508C85000100C800300001000DDBCD0301839A8245009C0A10,PASS,"PASS, {1: 1, 2: 1, 3: 1, 4: 1, 5: 1, 6: 1, 7: 1, 8: 1, 9: 1, 10: 1, 11: 1}","PASS, {1: 1, 2: 1, 3: 1, 4: 1, 5: 1, 6: 1, 7: 1, 8: 1, 9: 1, 10: 1}","PASS , {1: 1, 2: 1, 3: 1, 4: 1, 5: 1, 6: 1, 7: 1, 8: 1} ","PASS , {1: 1, 2: 1, 3: 1, 4: 1} ",12:37:50_15-07-25
165,155,8002,004638,"BV25292310210 , T252802086 ",FF00FFA50010600D1FD0761C0106389901508C85000100C800300001000DDBCD0301839A8245009C0A10,PASS,"PASS, {1: 1, 2: 1, 3: 1, 4: 1, 5: 1, 6: 1, 7: 1, 8: 1, 9: 1, 10: 1, 11: 1}","PASS, {1: 1, 2: 1, 3: 1, 4: 1, 5: 1, 6: 1, 7: 1, 8: 1, 9: 1, 10: 1}","PASS , {1: 1, 2: 1, 3: 1, 4: 1, 5: 1, 6: 1, 7: 1, 8: 1} ","PASS , {1: 1, 2: 1, 3: 1, 4: 1} ",12:39:03_15-07-25
166,156,8002,004638,"BV25292310211 , T252802068 ",FF00FFA50010600D1FD0761C0106389901508C85000100C800300001000DDBCD0301839A8245009C0A10,PASS,"PASS, {1: 1, 2: 1, 3: 1, 4: 1, 5: 1, 6: 1, 7: 1, 8: 1, 9: 1, 10: 1, 11: 1}","PASS, {1: 1, 2: 1, 3: 1, 4: 1, 5: 1, 6: 1, 7: 1, 8: 1, 9: 1, 10: 1}","PASS , {1: 1, 2: 1, 3: 1, 4: 1, 5: 1, 6: 1, 7: 1, 8: 1} ","PASS , {1: 1, 2: 1, 3: 1, 4: 1} ",12:40:12_15-07-25
167,157,8002,004638,"BV25292310215 , T252802088 ",FF00FFA50010600D1FD0761C0106389901508C85000100C800300001000DDBCD0301839A8245009C0A10,PASS,"PASS, {1: 1, 2: 1, 3: 1, 4: 1, 5: 1, 6: 1, 7: 1, 8: 1, 9: 1, 10: 1, 11: 1}","PASS, {1: 1, 2: 1, 3: 1, 4: 1, 5: 1, 6: 1, 7: 1, 8: 1, 9: 1, 10: 1}","PASS , {1: 1, 2: 1, 3: 1, 4: 1, 5: 1, 6: 1, 7: 1, 8: 1} ","PASS , {1: 1, 2: 1, 3: 1, 4: 1} ",12:41:22_15-07-25
168,158,8002,004638,"BV25292310263 , T252716186 ",FF00FFA50010600D1FD0761C0106389901508C85000100C800300001000DDBCD0301839A8245009C0A10,PASS,"PASS, {1: 1, 2: 1, 3: 1, 4: 1, 5: 1, 6: 1, 7: 1, 8: 1, 9: 1, 10: 1, 11: 1}","PASS, {1: 1, 2: 1, 3: 1, 4: 1, 5: 1, 6: 1, 7: 1, 8: 1, 9: 1, 10: 1}","PASS , {1: 1, 2: 1, 3: 1, 4: 1, 5: 1, 6: 1, 7: 1, 8: 1} ","PASS , {1: 1, 2: 1, 3: 1, 4: 1} ",12:42:32_15-07-25
169,159,8002,004638,"BV25292310213 , T252802087 ",FF00FFA50010600D1FD0761C0106389901508C85000100C800300001000DDBCD0301839A8245009C0A10,PASS,"PASS, {1: 1, 2: 1, 3: 1, 4: 1, 5: 1, 6: 1, 7: 1, 8: 1, 9: 1, 10: 1, 11: 1}","PASS, {1: 1, 2: 1, 3: 1, 4: 1, 5: 1, 6: 1, 7: 1, 8: 1, 9: 1, 10: 1}","PASS , {1: 1, 2: 1, 3: 1, 4: 1, 5: 1, 6: 1, 7: 1, 8: 1} ","PASS , {1: 1, 2: 1, 3: 1, 4: 1} ",12:43:43_15-07-25
170,160,8002,004638,"BV25292310197 , T252716257 ",FF00FFA50010600D1FD0761C0106389901508C85000100C800300001000DDBCD0301839A8245009C0A10,PASS,"PASS, {1: 1, 2: 1, 3: 1, 4: 1, 5: 1, 6: 1, 7: 1, 8: 1, 9: 1, 10: 1, 11: 1}","PASS, {1: 1, 2: 1, 3: 1, 4: 1, 5: 1, 6: 1, 7: 1, 8: 1, 9: 1, 10: 1}","PASS , {1: 1, 2: 1, 3: 1, 4: 1, 5: 1, 6: 1, 7: 1, 8: 1} ","PASS , {1: 1, 2: 1, 3: 1, 4: 1} ",12:44:53_15-07-25
171,161,8002,004638,"BV25292310228 , T252716419 ",FF00FFA50010600D1FD0761C0106389901508C85000100C800300001000DDBCD0301839A8245009C0A10,PASS,"PASS, {1: 1, 2: 1, 3: 1, 4: 1, 5: 1, 6: 1, 7: 1, 8: 1, 9: 1, 10: 1, 11: 1}","PASS, {1: 1, 2: 1, 3: 1, 4: 1, 5: 1, 6: 1, 7: 1, 8: 1, 9: 1, 10: 1}","PASS , {1: 1, 2: 1, 3: 1, 4: 1, 5: 1, 6: 1, 7: 1, 8: 1} ","PASS , {1: 1, 2: 1, 3: 1, 4: 1} ",12:46:03_15-07-25
172,162,8002,004638,"BV25292310223 , T252716421 ",FF00FFA50010600D1FD0761C0106389901508C85000100C800300001000DDBCD0301839A8245009C0A10,PASS,"PASS, {1: 1, 2: 1, 3: 1, 4: 1, 5: 1, 6: 1, 7: 1, 8: 1, 9: 1, 10: 1, 11: 1}","PASS, {1: 1, 2: 1, 3: 1, 4: 1, 5: 1, 6: 1, 7: 1, 8: 1, 9: 1, 10: 1}","PASS , {1: 1, 2: 1, 3: 1, 4: 1, 5: 1, 6: 1, 7: 1, 8: 1} ","PASS , {1: 1, 2: 1, 3: 1, 4: 1} ",12:47:12_15-07-25
173,163,8002,004638,"BV25292310191 , T252716255 ",FF00FFA50010600D1FD0761C0106389901508C85000100C800300001000DDBCD0301839A8245009C0A10,PASS,"PASS, {1: 1, 2: 1, 3: 1, 4: 1, 5: 1, 6: 1, 7: 1, 8: 1, 9: 1, 10: 1, 11: 1}","PASS, {1: 1, 2: 1, 3: 1, 4: 1, 5: 1, 6: 1, 7: 1, 8: 1, 9: 1, 10: 1}","PASS , {1: 1, 2: 1, 3: 1, 4: 1, 5: 1, 6: 1, 7: 1, 8: 1} ","PASS , {1: 1, 2: 1, 3: 1, 4: 1} ",12:48:22_15-07-25
174,164,8002,004638,"BV25292310193 , T252716148 ",FF00FFA50010600D1FD0761C0106389901508C85000100C800300001000DDBCD0301839A8245009C0A10,PASS,"PASS, {1: 1, 2: 1, 3: 1, 4: 1, 5: 1, 6: 1, 7: 1, 8: 1, 9: 1, 10: 1, 11: 1}","PASS, {1: 1, 2: 1, 3: 1, 4: 1, 5: 1, 6: 1, 7: 1, 8: 1, 9: 1, 10: 1}","PASS , {1: 1, 2: 1, 3: 1, 4: 1, 5: 1, 6: 1, 7: 1, 8: 1} ","PASS , {1: 1, 2: 1, 3: 1, 4: 1} ",12:49:35_15-07-25
175,165,8002,004638,"BV25292310195 , T252716177 ",FF00FFA50010600D1FD0761C0106389901508C85000100C800300001000DDBCD0301839A8245009C0A10,PASS,"PASS, {1: 1, 2: 1, 3: 1, 4: 1, 5: 1, 6: 1, 7: 1, 8: 1, 9: 1, 10: 1, 11: 1}","PASS, {1: 1, 2: 1, 3: 1, 4: 1, 5: 1, 6: 1, 7: 1, 8: 1, 9: 1, 10: 1}","PASS , {1: 1, 2: 1, 3: 1, 4: 1, 5: 1, 6: 1, 7: 1, 8: 1} ","PASS , {1: 1, 2: 1, 3: 1, 4: 1} ",12:50:47_15-07-25
176,166,8002,004638,"BV25292310196 , T252716181 ",FF00FFA50010600D1FD0761C0106389901508C85000100C800300001000DDBCD0301839A8245009C0A10,PASS,"PASS, {1: 1, 2: 1, 3: 1, 4: 1, 5: 1, 6: 1, 7: 1, 8: 1, 9: 1, 10: 1, 11: 1}","PASS, {1: 1, 2: 1, 3: 1, 4: 1, 5: 1, 6: 1, 7: 1, 8: 1, 9: 1, 10: 1}","PASS , {1: 1, 2: 1, 3: 1, 4: 1, 5: 1, 6: 1, 7: 1, 8: 1} ","PASS , {1: 1, 2: 1, 3: 1, 4: 1} ",12:51:57_15-07-25
177,167,8002,004638,"BV25292310114 , T252802110 ",FF00FFA50010600D1FD0761C0106389901508C85000100C800300001000DDBCD0301839A8245009C0A10,PASS,"PASS, {1: 1, 2: 1, 3: 1, 4: 1, 5: 1, 6: 1, 7: 1, 8: 1, 9: 1, 10: 1, 11: 1}","PASS, {1: 1, 2: 1, 3: 1, 4: 1, 5: 1, 6: 1, 7: 1, 8: 1, 9: 1, 10: 1}","PASS , {1: 1, 2: 1, 3: 1, 4: 1, 5: 1, 6: 1, 7: 1, 8: 1} ","PASS , {1: 1, 2: 1, 3: 1, 4: 1} ",12:53:06_15-07-25
178,168,8002,004638,"BV25292310251 , T252715839 ",FF00FFA50010600D1FD0761C0106389901508C85000100C800300001000DDBCD0301839A8245009C0A10,PASS,"PASS, {1: 1, 2: 1, 3: 1, 4: 1, 5: 1, 6: 1, 7: 1, 8: 1, 9: 1, 10: 1, 11: 1}","PASS, {1: 1, 2: 1, 3: 1, 4: 1, 5: 1, 6: 1, 7: 1, 8: 1, 9: 1, 10: 1}","PASS , {1: 1, 2: 1, 3: 1, 4: 1, 5: 1, 6: 1, 7: 1, 8: 1} ","PASS , {1: 1, 2: 1, 3: 1, 4: 1} ",12:54:19_15-07-25
179,169,8002,004638,"BV25292310257 , T252715814 ",FF00FFA50010600D1FD0761C0106389901508C85000100C800300001000DDBCD0301839A8245009C0A10,PASS,"PASS, {1: 1, 2: 1, 3: 1, 4: 1, 5: 1, 6: 1, 7: 1, 8: 1, 9: 1, 10: 1, 11: 1}","PASS, {1: 1, 2: 1, 3: 1, 4: 1, 5: 1, 6: 1, 7: 1, 8: 1, 9: 1, 10: 1}","PASS , {1: 1, 2: 1, 3: 1, 4: 1, 5: 1, 6: 1, 7: 1, 8: 1} ","PASS , {1: 1, 2: 1, 3: 1, 4: 1} ",12:55:32_15-07-25
180,170,8002,004638,"BV25292310250 , T252716453 ",FF00FFA50010600D1FD0761C0106389901508C85000100C800300001000DDBCD0301839A8245009C0A10,PASS,"PASS, {1: 1, 2: 1, 3: 1, 4: 1, 5: 1, 6: 1, 7: 1, 8: 1, 9: 1, 10: 1, 11: 1}","PASS, {1: 1, 2: 1, 3: 1, 4: 1, 5: 1, 6: 1, 7: 1, 8: 1, 9: 1, 10: 1}","PASS , {1: 1, 2: 1, 3: 1, 4: 1, 5: 1, 6: 1, 7: 1, 8: 1} ","PASS , {1: 1, 2: 1, 3: 1, 4: 1} ",12:56:44_15-07-25
181,171,8002,004638,"BV25292310249 , T252715838 ",FF00FFA50010600D1FD0761C0106389901508C85000100C800300001000DDBCD0301839A8245009C0A10,PASS,"PASS, {1: 1, 2: 1, 3: 1, 4: 1, 5: 1, 6: 1, 7: 1, 8: 1, 9: 1, 10: 1, 11: 1}","PASS, {1: 1, 2: 1, 3: 1, 4: 1, 5: 1, 6: 1, 7: 1, 8: 1, 9: 1, 10: 1}","PASS , {1: 1, 2: 1, 3: 1, 4: 1, 5: 1, 6: 1, 7: 1, 8: 1} ","PASS , {1: 1, 2: 1, 3: 1, 4: 1} ",12:57:56_15-07-25
182,172,8002,004638,"BV25292310266 , T252716297 ",FF00FFA50010600D1FD0761C0106389901508C85000100C800300001000DDBCD0301839A8245009C0A10,PASS,"PASS, {1: 1, 2: 1, 3: 1, 4: 1, 5: 1, 6: 1, 7: 1, 8: 1, 9: 1, 10: 1, 11: 1}","PASS, {1: 1, 2: 1, 3: 1, 4: 1, 5: 1, 6: 1, 7: 1, 8: 1, 9: 1, 10: 1}","PASS , {1: 1, 2: 1, 3: 1, 4: 1, 5: 1, 6: 1, 7: 1, 8: 1} ","PASS , {1: 1, 2: 1, 3: 1, 4: 1} ",12:59:07_15-07-25
183,173,8002,004638,"BV25292310291 , T252716340 ",FF00FFA50010600D1FD0761C0106389901508C85000100C800300001000DDBCD0301839A8245009C0A10,PASS,"PASS, {1: 1, 2: 1, 3: 1, 4: 1, 5: 1, 6: 1, 7: 1, 8: 1, 9: 1, 10: 1, 11: 1}","PASS, {1: 1, 2: 1, 3: 1, 4: 1, 5: 1, 6: 1, 7: 1, 8: 1, 9: 1, 10: 1}","PASS , {1: 1, 2: 1, 3: 1, 4: 1, 5: 1, 6: 1, 7: 1, 8: 1} ","PASS , {1: 1, 2: 1, 3: 1, 4: 1} ",13:00:16_15-07-25
184,174,8002,004638,"BV25292310273 , T252716199 ",FF00FFA50010600D1FD0761C0106389901508C85000100C800300001000DDBCD0301839A8245009C0A10,PASS,"PASS, {1: 1, 2: 1, 3: 1, 4: 1, 5: 1, 6: 1, 7: 1, 8: 1, 9: 1, 10: 1, 11: 1}","PASS, {1: 1, 2: 1, 3: 1, 4: 1, 5: 1, 6: 1, 7: 1, 8: 1, 9: 1, 10: 1}","PASS , {1: 1, 2: 1, 3: 1, 4: 1, 5: 1, 6: 1, 7: 1, 8: 1} ","PASS , {1: 1, 2: 1, 3: 1, 4: 1} ",13:01:25_15-07-25
185,175,8002,004638,"BV25292310270 , T252716346 ",FF00FFA50010600D1FD0761C0106389901508C85000100C800300001000DDBCD0301839A8245009C0A10,PASS,"PASS, {1: 1, 2: 1, 3: 1, 4: 1, 5: 1, 6: 1, 7: 1, 8: 1, 9: 1, 10: 1, 11: 1}","PASS, {1: 1, 2: 1, 3: 1, 4: 1, 5: 1, 6: 1, 7: 1, 8: 1, 9: 1, 10: 1}","PASS , {1: 1, 2: 1, 3: 1, 4: 1, 5: 1, 6: 1, 7: 1, 8: 1} ","PASS , {1: 1, 2: 1, 3: 1, 4: 1} ",13:02:36_15-07-25
186,176,8002,004638,"BV25292310269 , T252715819 ",FF00FFA50010600D1FD0761C0106389901508C85000100C800300001000DDBCD0301839A8245009C0A10,PASS,"PASS, {1: 1, 2: 1, 3: 1, 4: 1, 5: 1, 6: 1, 7: 1, 8: 1, 9: 1, 10: 1, 11: 1}","PASS, {1: 1, 2: 1, 3: 1, 4: 1, 5: 1, 6: 1, 7: 1, 8: 1, 9: 1, 10: 1}","PASS , {1: 1, 2: 1, 3: 1, 4: 1, 5: 1, 6: 1, 7: 1, 8: 1} ","PASS , {1: 1, 2: 1, 3: 1, 4: 1} ",13:03:46_15-07-25
187,177,8002,004638,"BV25292310281 , T252716128 ",FF00FFA50010600D1FD0761C0106389901508C85000100C800300001000DDBCD0301839A8245009C0A10,PASS,"PASS, {1: 1, 2: 1, 3: 1, 4: 1, 5: 1, 6: 1, 7: 1, 8: 1, 9: 1, 10: 1, 11: 1}","PASS, {1: 1, 2: 1, 3: 1, 4: 1, 5: 1, 6: 1, 7: 1, 8: 1, 9: 1, 10: 1}","PASS , {1: 1, 2: 1, 3: 1, 4: 1, 5: 1, 6: 1, 7: 1, 8: 1} ","PASS , {1: 1, 2: 1, 3: 1, 4: 1} ",13:05:22_15-07-25
188,178,8002,004638,"BV25292310275 , T252716349 ",FF00FFA50010600D1FD0761C0106389901508C85000100C800300001000DDBCD0301839A8245009C0A10,PASS,"PASS, {1: 1, 2: 1, 3: 1, 4: 1, 5: 1, 6: 1, 7: 1, 8: 1, 9: 1, 10: 1, 11: 1}","PASS, {1: 1, 2: 1, 3: 1, 4: 1, 5: 1, 6: 1, 7: 1, 8: 1, 9: 1, 10: 1}","PASS , {1: 1, 2: 1, 3: 1, 4: 1, 5: 1, 6: 1, 7: 1, 8: 1} ","PASS , {1: 1, 2: 1, 3: 1, 4: 1} ",13:06:36_15-07-25
189,179,8002,004638,"BV25292310280 , T252716360 ",FF00FFA50010600D1FD0761C0106389901508C85000100C800300001000DDBCD0301839A8245009C0A10,PASS,"PASS, {1: 1, 2: 1, 3: 1, 4: 1, 5: 1, 6: 1, 7: 1, 8: 1, 9: 1, 10: 1, 11: 1}","PASS, {1: 1, 2: 1, 3: 1, 4: 1, 5: 1, 6: 1, 7: 1, 8: 1, 9: 1, 10: 1}","PASS , {1: 1, 2: 1, 3: 1, 4: 1, 5: 1, 6: 1, 7: 1, 8: 1} ","PASS , {1: 1, 2: 1, 3: 1, 4: 1} ",13:08:12_15-07-25
190,180,8002,004638,"BV25292310310 , T252716512 ",FF00FFA50010600D1FD0761C0106389901508C85000100C800300001000DDBCD0301839A8245009C0A10,PASS,"PASS, {1: 1, 2: 1, 3: 1, 4: 1, 5: 1, 6: 1, 7: 1, 8: 1, 9: 1, 10: 1, 11: 1}","PASS, {1: 1, 2: 1, 3: 1, 4: 1, 5: 1, 6: 1, 7: 1, 8: 1, 9: 1, 10: 1}","PASS , {1: 1, 2: 1, 3: 1, 4: 1, 5: 1, 6: 1, 7: 1, 8: 1} ","PASS , {1: 1, 2: 1, 3: 1, 4: 1} ",13:09:22_15-07-25
191,181,8002,004638,"BV25292310311 , T252716445 ",FF00FFA50010600D1FD0761C0106389901508C85000100C800300001000DDBCD0301839A8245009C0A10,PASS,"PASS, {1: 1, 2: 1, 3: 1, 4: 1, 5: 1, 6: 1, 7: 1, 8: 1, 9: 1, 10: 1, 11: 1}","PASS, {1: 1, 2: 1, 3: 1, 4: 1, 5: 1, 6: 1, 7: 1, 8: 1, 9: 1, 10: 1}","PASS , {1: 1, 2: 1, 3: 1, 4: 1, 5: 1, 6: 1, 7: 1, 8: 1} ","PASS , {1: 1, 2: 1, 3: 1, 4: 1} ",13:10:31_15-07-25
192,182,8002,004638,"BV25292310305 , T252716513 ",FF00FFA50010600D1FD0761C0106389901508C85000100C800300001000DDBCD0301839A8245009C0A10,PASS,"PASS, {1: 1, 2: 1, 3: 1, 4: 1, 5: 1, 6: 1, 7: 1, 8: 1, 9: 1, 10: 1, 11: 1}","PASS, {1: 1, 2: 1, 3: 1, 4: 1, 5: 1, 6: 1, 7: 1, 8: 1, 9: 1, 10: 1}","PASS , {1: 1, 2: 1, 3: 1, 4: 1, 5: 1, 6: 1, 7: 1, 8: 1} ","PASS , {1: 1, 2: 1, 3: 1, 4: 1} ",13:11:42_15-07-25
193,183,8002,004638,"BV25292310306 , T252716514 ",FF00FFA50010600D1FD0761C0106389901508C85000100C800300001000DDBCD0301839A8245009C0A10,PASS,"PASS, {1: 1, 2: 1, 3: 1, 4: 1, 5: 1, 6: 1, 7: 1, 8: 1, 9: 1, 10: 1, 11: 1}","PASS, {1: 1, 2: 1, 3: 1, 4: 1, 5: 1, 6: 1, 7: 1, 8: 1, 9: 1, 10: 1}","PASS , {1: 1, 2: 1, 3: 1, 4: 1, 5: 1, 6: 1, 7: 1, 8: 1} ","PASS , {1: 1, 2: 1, 3: 1, 4: 1} ",13:12:51_15-07-25
194,184,8002,004638,"BV25292310297 , T252716417 ",FF00FFA50010600D1FD0761C0106389901508C85000100C800300001000DDBCD0301839A8245009C0A10,PASS,"PASS, {1: 1, 2: 1, 3: 1, 4: 1, 5: 1, 6: 1, 7: 1, 8: 1, 9: 1, 10: 1, 11: 1}","PASS, {1: 1, 2: 1, 3: 1, 4: 1, 5: 1, 6: 1, 7: 1, 8: 1, 9: 1, 10: 1}","PASS , {1: 1, 2: 1, 3: 1, 4: 1, 5: 1, 6: 1, 7: 1, 8: 1} ","PASS , {1: 1, 2: 1, 3: 1, 4: 1} ",13:14:10_15-07-25
195,185,8002,004638,"BV25292310288 , T252720874 ",FF00FFA50010600D1FD0761C0106389901508C85000100C800300001000DDBCD0301839A8245009C0A10,PASS,"PASS, {1: 1, 2: 1, 3: 1, 4: 1, 5: 1, 6: 1, 7: 1, 8: 1, 9: 1, 10: 1, 11: 1}","PASS, {1: 1, 2: 1, 3: 1, 4: 1, 5: 1, 6: 1, 7: 1, 8: 1, 9: 1, 10: 1}","PASS , {1: 1, 2: 1, 3: 1, 4: 1, 5: 1, 6: 1, 7: 1, 8: 1} ","PASS , {1: 1, 2: 1, 3: 1, 4: 1} ",13:15:20_15-07-25
196,186,8002,004638,"BV25292310287 , T252716567 ",FF00FFA50010600D1FD0761C0106389901508C85000100C800300001000DDBCD0301839A8245009C0A10,PASS,"PASS, {1: 1, 2: 1, 3: 1, 4: 1, 5: 1, 6: 1, 7: 1, 8: 1, 9: 1, 10: 1, 11: 1}","PASS, {1: 1, 2: 1, 3: 1, 4: 1, 5: 1, 6: 1, 7: 1, 8: 1, 9: 1, 10: 1}","PASS , {1: 1, 2: 1, 3: 1, 4: 1, 5: 1, 6: 1, 7: 1, 8: 1} ","PASS , {1: 1, 2: 1, 3: 1, 4: 1} ",13:16:31_15-07-25
197,187,8002,004638,"BV25292310296 , T252716189 ",FF00FFA50010600D1FD0761C0106389901508C85000100C800300001000DDBCD0301839A8245009C0A10,PASS,"PASS, {1: 1, 2: 1, 3: 1, 4: 1, 5: 1, 6: 1, 7: 1, 8: 1, 9: 1, 10: 1, 11: 1}","PASS, {1: 1, 2: 1, 3: 1, 4: 1, 5: 1, 6: 1, 7: 1, 8: 1, 9: 1, 10: 1}","PASS , {1: 1, 2: 1, 3: 1, 4: 1, 5: 1, 6: 1, 7: 1, 8: 1} ","PASS , {1: 1, 2: 1, 3: 1, 4: 1} ",13:17:41_15-07-25
198,188,8002,004638,"BV25292310307 , T252716441 ",FF00FFA50010600D1FD0761C0106389901508C85000100C800300001000DDBCD0301839A8245009C0A10,PASS,"PASS, {1: 1, 2: 1, 3: 1, 4: 1, 5: 1, 6: 1, 7: 1, 8: 1, 9: 1, 10: 1, 11: 1}","PASS, {1: 1, 2: 1, 3: 1, 4: 1, 5: 1, 6: 1, 7: 1, 8: 1, 9: 1, 10: 1}","PASS , {1: 1, 2: 1, 3: 1, 4: 1, 5: 1, 6: 1, 7: 1, 8: 1} ","PASS , {1: 1, 2: 1, 3: 1, 4: 1} ",13:18:51_15-07-25
199,188,8002,004638,"BV25292310272 , T252716345 ",FF00FFA50010600D1FD0761C0106389901508C85000100C800300001000DDBCD0301839A8245009C0A10,PASS,"PASS, {1: 1, 2: 1, 3: 1, 4: 1, 5: 1, 6: 1, 7: 1, 8: 1, 9: 1, 10: 1, 11: 1}","PASS, {1: 1, 2: 1, 3: 1, 4: 1, 5: 1, 6: 1, 7: 1, 8: 1, 9: 1, 10: 1}","FAIL , {1: 1, 2: 1, 3: 1, 4: 1, 5: 1, 6: 0, 7: 1, 8: 1} ","PASS , {1: 1, 2: 1, 3: 1, 4: 1} ",13:20:06_15-07-25
200,189,8002,004638,"BV25292310308 , T252716517 ",FF00FFA50010600D1FD0761C0106389901508C85000100C800300001000DDBCD0301839A8245009C0A10,PASS,"PASS, {1: 1, 2: 1, 3: 1, 4: 1, 5: 1, 6: 1, 7: 1, 8: 1, 9: 1, 10: 1, 11: 1}","PASS, {1: 1, 2: 1, 3: 1, 4: 1, 5: 1, 6: 1, 7: 1, 8: 1, 9: 1, 10: 1}","PASS , {1: 1, 2: 1, 3: 1, 4: 1, 5: 1, 6: 1, 7: 1, 8: 1} ","PASS , {1: 1, 2: 1, 3: 1, 4: 1} ",13:21:16_15-07-25
201,190,8002,004638,"BV25292310312 , T252716420 ",FF00FFA50010600D1FD0761C0106389901508C85000100C800300001000DDBCD0301839A8245009C0A10,PASS,"PASS, {1: 1, 2: 1, 3: 1, 4: 1, 5: 1, 6: 1, 7: 1, 8: 1, 9: 1, 10: 1, 11: 1}","PASS, {1: 1, 2: 1, 3: 1, 4: 1, 5: 1, 6: 1, 7: 1, 8: 1, 9: 1, 10: 1}","PASS , {1: 1, 2: 1, 3: 1, 4: 1, 5: 1, 6: 1, 7: 1, 8: 1} ","PASS , {1: 1, 2: 1, 3: 1, 4: 1} ",13:22:28_15-07-25
202,191,8002,004638,"BV25292310247 , T252716456 ",FF00FFA50010600D1FD0761C0106389901508C85000100C800300001000DDBCD0301839A8245009C0A10,PASS,"PASS, {1: 1, 2: 1, 3: 1, 4: 1, 5: 1, 6: 1, 7: 1, 8: 1, 9: 1, 10: 1, 11: 1}","PASS, {1: 1, 2: 1, 3: 1, 4: 1, 5: 1, 6: 1, 7: 1, 8: 1, 9: 1, 10: 1}","PASS , {1: 1, 2: 1, 3: 1, 4: 1, 5: 1, 6: 1, 7: 1, 8: 1} ","PASS , {1: 1, 2: 1, 3: 1, 4: 1} ",13:23:42_15-07-25
203,192,8002,004638,"BV25292310246 , T252716452 ",FF00FFA50010600D1FD0761C0106389901508C85000100C800300001000DDBCD0301839A8245009C0A10,PASS,"PASS, {1: 1, 2: 1, 3: 1, 4: 1, 5: 1, 6: 1, 7: 1, 8: 1, 9: 1, 10: 1, 11: 1}","PASS, {1: 1, 2: 1, 3: 1, 4: 1, 5: 1, 6: 1, 7: 1, 8: 1, 9: 1, 10: 1}","PASS , {1: 1, 2: 1, 3: 1, 4: 1, 5: 1, 6: 1, 7: 1, 8: 1} ","PASS , {1: 1, 2: 1, 3: 1, 4: 1} ",13:24:52_15-07-25
204,193,8002,004638,"BV25292310289 , T252716570 ",FF00FFA50010600D1FD0761C0106389901508C85000100C800300001000DDBCD0301839A8245009C0A10,PASS,"PASS, {1: 1, 2: 1, 3: 1, 4: 1, 5: 1, 6: 1, 7: 1, 8: 1, 9: 1, 10: 1, 11: 1}","PASS, {1: 1, 2: 1, 3: 1, 4: 1, 5: 1, 6: 1, 7: 1, 8: 1, 9: 1, 10: 1}","PASS , {1: 1, 2: 1, 3: 1, 4: 1, 5: 1, 6: 1, 7: 1, 8: 1} ","PASS , {1: 1, 2: 1, 3: 1, 4: 1} ",13:26:02_15-07-25
205,194,8002,004638,"BV25292310267 , T252716279 ",FF00FFA50010600D1FD0761C0106389901508C85000100C800300001000DDBCD0301839A8245009C0A10,PASS,"PASS, {1: 1, 2: 1, 3: 1, 4: 1, 5: 1, 6: 1, 7: 1, 8: 1, 9: 1, 10: 1, 11: 1}","PASS, {1: 1, 2: 1, 3: 1, 4: 1, 5: 1, 6: 1, 7: 1, 8: 1, 9: 1, 10: 1}","PASS , {1: 1, 2: 1, 3: 1, 4: 1, 5: 1, 6: 1, 7: 1, 8: 1} ","PASS , {1: 1, 2: 1, 3: 1, 4: 1} ",13:27:11_15-07-25
206,195,8002,004638,"BV25292310268 , T252716296 ",FF00FFA50010600D1FD0761C0106389901508C85000100C800300001000DDBCD0301839A8245009C0A10,PASS,"PASS, {1: 1, 2: 1, 3: 1, 4: 1, 5: 1, 6: 1, 7: 1, 8: 1, 9: 1, 10: 1, 11: 1}","PASS, {1: 1, 2: 1, 3: 1, 4: 1, 5: 1, 6: 1, 7: 1, 8: 1, 9: 1, 10: 1}","PASS , {1: 1, 2: 1, 3: 1, 4: 1, 5: 1, 6: 1, 7: 1, 8: 1} ","PASS , {1: 1, 2: 1, 3: 1, 4: 1} ",13:28:25_15-07-25
207,196,8002,004638,"BV25292310290 , T252716569 ",FF00FFA50010600D1FD0761C0106389901508C85000100C800300001000DDBCD0301839A8245009C0A10,PASS,"PASS, {1: 1, 2: 1, 3: 1, 4: 1, 5: 1, 6: 1, 7: 1, 8: 1, 9: 1, 10: 1, 11: 1}","PASS, {1: 1, 2: 1, 3: 1, 4: 1, 5: 1, 6: 1, 7: 1, 8: 1, 9: 1, 10: 1}","PASS , {1: 1, 2: 1, 3: 1, 4: 1, 5: 1, 6: 1, 7: 1, 8: 1} ","PASS , {1: 1, 2: 1, 3: 1, 4: 1} ",13:29:37_15-07-25
208,197,8002,004638,"BV25292310271 , T252716193 ",FF00FFA50010600D1FD0761C0106389901508C85000100C800300001000DDBCD0301839A8245009C0A10,PASS,"PASS, {1: 1, 2: 1, 3: 1, 4: 1, 5: 1, 6: 1, 7: 1, 8: 1, 9: 1, 10: 1, 11: 1}","PASS, {1: 1, 2: 1, 3: 1, 4: 1, 5: 1, 6: 1, 7: 1, 8: 1, 9: 1, 10: 1}","PASS , {1: 1, 2: 1, 3: 1, 4: 1, 5: 1, 6: 1, 7: 1, 8: 1} ","PASS , {1: 1, 2: 1, 3: 1, 4: 1} ",14:04:51_15-07-25
209,198,8002,004638,"BV25292310292 , T252720877 ",FF00FFA50010600D1FD0761C0106389901508C85000100C800300001000DDBCD0301839A8245009C0A10,PASS,"PASS, {1: 1, 2: 1, 3: 1, 4: 1, 5: 1, 6: 1, 7: 1, 8: 1, 9: 1, 10: 1, 11: 1}","PASS, {1: 1, 2: 1, 3: 1, 4: 1, 5: 1, 6: 1, 7: 1, 8: 1, 9: 1, 10: 1}","PASS , {1: 1, 2: 1, 3: 1, 4: 1, 5: 1, 6: 1, 7: 1, 8: 1} ","PASS , {1: 1, 2: 1, 3: 1, 4: 1} ",14:06:03_15-07-25
210,199,8002,004638,"BV25292310286 , T252716130 ",FF00FFA50010600D1FD0761C0106389901508C85000100C800300001000DDBCD0301839A8245009C0A10,PASS,"PASS, {1: 1, 2: 1, 3: 1, 4: 1, 5: 1, 6: 1, 7: 1, 8: 1, 9: 1, 10: 1, 11: 1}","PASS, {1: 1, 2: 1, 3: 1, 4: 1, 5: 1, 6: 1, 7: 1, 8: 1, 9: 1, 10: 1}","PASS , {1: 1, 2: 1, 3: 1, 4: 1, 5: 1, 6: 1, 7: 1, 8: 1} ","PASS , {1: 1, 2: 1, 3: 1, 4: 1} ",14:07:14_15-07-25
211,200,8002,004638,"BV25292310284 , T252716344 ",FF00FFA50010600D1FD0761C0106389901508C85000100C800300001000DDBCD0301839A8245009C0A10,PASS,"PASS, {1: 1, 2: 1, 3: 1, 4: 1, 5: 1, 6: 1, 7: 1, 8: 1, 9: 1, 10: 1, 11: 1}","PASS, {1: 1, 2: 1, 3: 1, 4: 1, 5: 1, 6: 1, 7: 1, 8: 1, 9: 1, 10: 1}","PASS , {1: 1, 2: 1, 3: 1, 4: 1, 5: 1, 6: 1, 7: 1, 8: 1} ","PASS , {1: 1, 2: 1, 3: 1, 4: 1} ",14:08:25_15-07-25
212,201,8002,004638,"BV25292310285 , T252716133 ",FF00FFA50010600D1FD0761C0106389901508C85000100C800300001000DDBCD0301839A8245009C0A10,PASS,"PASS, {1: 1, 2: 1, 3: 1, 4: 1, 5: 1, 6: 1, 7: 1, 8: 1, 9: 1, 10: 1, 11: 1}","PASS, {1: 1, 2: 1, 3: 1, 4: 1, 5: 1, 6: 1, 7: 1, 8: 1, 9: 1, 10: 1}","PASS , {1: 1, 2: 1, 3: 1, 4: 1, 5: 1, 6: 1, 7: 1, 8: 1} ","PASS , {1: 1, 2: 1, 3: 1, 4: 1} ",14:09:35_15-07-25
213,202,8002,004638,"BV25292310283 , T252716132 ",FF00FFA50010600D1FD0761C0106389901508C85000100C800300001000DDBCD0301839A8245009C0A10,PASS,"PASS, {1: 1, 2: 1, 3: 1, 4: 1, 5: 1, 6: 1, 7: 1, 8: 1, 9: 1, 10: 1, 11: 1}","PASS, {1: 1, 2: 1, 3: 1, 4: 1, 5: 1, 6: 1, 7: 1, 8: 1, 9: 1, 10: 1}","PASS , {1: 1, 2: 1, 3: 1, 4: 1, 5: 1, 6: 1, 7: 1, 8: 1} ","PASS , {1: 1, 2: 1, 3: 1, 4: 1} ",14:10:45_15-07-25
214,203,8002,004638,"BV25292310279 , T252716348 ",FF00FFA50010600D1FD0761C0106389901508C85000100C800300001000DDBCD0301839A8245009C0A10,PASS,"PASS, {1: 1, 2: 1, 3: 1, 4: 1, 5: 1, 6: 1, 7: 1, 8: 1, 9: 1, 10: 1, 11: 1}","PASS, {1: 1, 2: 1, 3: 1, 4: 1, 5: 1, 6: 1, 7: 1, 8: 1, 9: 1, 10: 1}","PASS , {1: 1, 2: 1, 3: 1, 4: 1, 5: 1, 6: 1, 7: 1, 8: 1} ","PASS , {1: 1, 2: 1, 3: 1, 4: 1} ",14:11:57_15-07-25
215,204,8002,004638,"BV25292310277 , T252716347 ",FF00FFA50010600D1FD0761C0106389901508C85000100C800300001000DDBCD0301839A8245009C0A10,PASS,"PASS, {1: 1, 2: 1, 3: 1, 4: 1, 5: 1, 6: 1, 7: 1, 8: 1, 9: 1, 10: 1, 11: 1}","PASS, {1: 1, 2: 1, 3: 1, 4: 1, 5: 1, 6: 1, 7: 1, 8: 1, 9: 1, 10: 1}","PASS , {1: 1, 2: 1, 3: 1, 4: 1, 5: 1, 6: 1, 7: 1, 8: 1} ","PASS , {1: 1, 2: 1, 3: 1, 4: 1} ",14:13:07_15-07-25
216,205,8002,004638,"BV25292310278 , T252715817 ",FF00FFA50010600D1FD0761C0106389901508C85000100C800300001000DDBCD0301839A8245009C0A10,PASS,"PASS, {1: 1, 2: 1, 3: 1, 4: 1, 5: 1, 6: 1, 7: 1, 8: 1, 9: 1, 10: 1, 11: 1}","PASS, {1: 1, 2: 1, 3: 1, 4: 1, 5: 1, 6: 1, 7: 1, 8: 1, 9: 1, 10: 1}","PASS , {1: 1, 2: 1, 3: 1, 4: 1, 5: 1, 6: 1, 7: 1, 8: 1} ","PASS , {1: 1, 2: 1, 3: 1, 4: 1} ",14:14:18_15-07-25
217,206,8002,004638,"BV25292310274 , T252716198 ",FF00FFA50010600D1FD0761C0106389901508C85000100C800300001000DDBCD0301839A8245009C0A10,PASS,"PASS, {1: 1, 2: 1, 3: 1, 4: 1, 5: 1, 6: 1, 7: 1, 8: 1, 9: 1, 10: 1, 11: 1}","PASS, {1: 1, 2: 1, 3: 1, 4: 1, 5: 1, 6: 1, 7: 1, 8: 1, 9: 1, 10: 1}","PASS , {1: 1, 2: 1, 3: 1, 4: 1, 5: 1, 6: 1, 7: 1, 8: 1} ","PASS , {1: 1, 2: 1, 3: 1, 4: 1} ",14:16:07_15-07-25
218,207,8002,004638,"BV25292310113 , T252802051 ",FF00FFA50010600D1FD0761C0106389901508C85000100C800300001000DDBCD0301839A8245009C0A10,PASS,"PASS, {1: 1, 2: 1, 3: 1, 4: 1, 5: 1, 6: 1, 7: 1, 8: 1, 9: 1, 10: 1, 11: 1}","PASS, {1: 1, 2: 1, 3: 1, 4: 1, 5: 1, 6: 1, 7: 1, 8: 1, 9: 1, 10: 1}","PASS , {1: 1, 2: 1, 3: 1, 4: 1, 5: 1, 6: 1, 7: 1, 8: 1} ","PASS , {1: 1, 2: 1, 3: 1, 4: 1} ",14:17:57_15-07-25
219,208,8002,004638,"BV25292310111 , T252802052 ",FF00FFA50010600D1FD0761C0106389901508C85000100C800300001000DDBCD0301839A8245009C0A10,PASS,"PASS, {1: 1, 2: 1, 3: 1, 4: 1, 5: 1, 6: 1, 7: 1, 8: 1, 9: 1, 10: 1, 11: 1}","PASS, {1: 1, 2: 1, 3: 1, 4: 1, 5: 1, 6: 1, 7: 1, 8: 1, 9: 1, 10: 1}","PASS , {1: 1, 2: 1, 3: 1, 4: 1, 5: 1, 6: 1, 7: 1, 8: 1} ","PASS , {1: 1, 2: 1, 3: 1, 4: 1} ",14:19:08_15-07-25
220,209,8002,004638,"BV25292310110 , T252802045 ",FF00FFA50010600D1FD0761C0106389901508C85000100C800300001000DDBCD0301839A8245009C0A10,PASS,"PASS, {1: 1, 2: 1, 3: 1, 4: 1, 5: 1, 6: 1, 7: 1, 8: 1, 9: 1, 10: 1, 11: 1}","PASS, {1: 1, 2: 1, 3: 1, 4: 1, 5: 1, 6: 1, 7: 1, 8: 1, 9: 1, 10: 1}","PASS , {1: 1, 2: 1, 3: 1, 4: 1, 5: 1, 6: 1, 7: 1, 8: 1} ","PASS , {1: 1, 2: 1, 3: 1, 4: 1} ",14:20:18_15-07-25
221,210,8002,004638,"BV25292310109 , T252802047 ",FF00FFA50010600D1FD0761C0106389901508C85000100C800300001000DDBCD0301839A8245009C0A10,PASS,"PASS, {1: 1, 2: 1, 3: 1, 4: 1, 5: 1, 6: 1, 7: 1, 8: 1, 9: 1, 10: 1, 11: 1}","PASS, {1: 1, 2: 1, 3: 1, 4: 1, 5: 1, 6: 1, 7: 1, 8: 1, 9: 1, 10: 1}","PASS , {1: 1, 2: 1, 3: 1, 4: 1, 5: 1, 6: 1, 7: 1, 8: 1} ","PASS , {1: 1, 2: 1, 3: 1, 4: 1} ",14:21:28_15-07-25
222,211,8002,004638,"BV25292310108 , T252716156 ",FF00FFA50010600D1FD0761C0106389901508C85000100C800300001000DDBCD0301839A8245009C0A10,PASS,"PASS, {1: 1, 2: 1, 3: 1, 4: 1, 5: 1, 6: 1, 7: 1, 8: 1, 9: 1, 10: 1, 11: 1}","PASS, {1: 1, 2: 1, 3: 1, 4: 1, 5: 1, 6: 1, 7: 1, 8: 1, 9: 1, 10: 1}","PASS , {1: 1, 2: 1, 3: 1, 4: 1, 5: 1, 6: 1, 7: 1, 8: 1} ","PASS , {1: 1, 2: 1, 3: 1, 4: 1} ",14:22:42_15-07-25
223,212,8002,004638,"BV25292310303 , T252716444 ",FF00FFA50010600D1FD0761C0106389901508C85000100C800300001000DDBCD0301839A8245009C0A10,PASS,"PASS, {1: 1, 2: 1, 3: 1, 4: 1, 5: 1, 6: 1, 7: 1, 8: 1, 9: 1, 10: 1, 11: 1}","PASS, {1: 1, 2: 1, 3: 1, 4: 1, 5: 1, 6: 1, 7: 1, 8: 1, 9: 1, 10: 1}","PASS , {1: 1, 2: 1, 3: 1, 4: 1, 5: 1, 6: 1, 7: 1, 8: 1} ","PASS , {1: 1, 2: 1, 3: 1, 4: 1} ",14:23:52_15-07-25
224,213,8002,004638,"BV25292310300 , T252716415 ",FF00FFA50010600D1FD0761C0106389901508C85000100C800300001000DDBCD0301839A8245009C0A10,PASS,"PASS, {1: 1, 2: 1, 3: 1, 4: 1, 5: 1, 6: 1, 7: 1, 8: 1, 9: 1, 10: 1, 11: 1}","PASS, {1: 1, 2: 1, 3: 1, 4: 1, 5: 1, 6: 1, 7: 1, 8: 1, 9: 1, 10: 1}","PASS , {1: 1, 2: 1, 3: 1, 4: 1, 5: 1, 6: 1, 7: 1, 8: 1} ","PASS , {1: 1, 2: 1, 3: 1, 4: 1} ",14:25:01_15-07-25
225,214,8002,004638,"BV25292310301 , T252716442 ",FF00FFA50010600D1FD0761C0106389901508C85000100C800300001000DDBCD0301839A8245009C0A10,PASS,"PASS, {1: 1, 2: 1, 3: 1, 4: 1, 5: 1, 6: 1, 7: 1, 8: 1, 9: 1, 10: 1, 11: 1}","PASS, {1: 1, 2: 1, 3: 1, 4: 1, 5: 1, 6: 1, 7: 1, 8: 1, 9: 1, 10: 1}","PASS , {1: 1, 2: 1, 3: 1, 4: 1, 5: 1, 6: 1, 7: 1, 8: 1} ","PASS , {1: 1, 2: 1, 3: 1, 4: 1} ",14:26:12_15-07-25
226,215,8002,004638,"BV25292310302 , T252716443 ",FF00FFA50010600D1FD0761C0106389901508C85000100C800300001000DDBCD0301839A8245009C0A10,PASS,"PASS, {1: 1, 2: 1, 3: 1, 4: 1, 5: 1, 6: 1, 7: 1, 8: 1, 9: 1, 10: 1, 11: 1}","PASS, {1: 1, 2: 1, 3: 1, 4: 1, 5: 1, 6: 1, 7: 1, 8: 1, 9: 1, 10: 1}","PASS , {1: 1, 2: 1, 3: 1, 4: 1, 5: 1, 6: 1, 7: 1, 8: 1} ","PASS , {1: 1, 2: 1, 3: 1, 4: 1} ",14:27:22_15-07-25
227,216,8002,004638,"BV25292310295 , T252716195 ",FF00FFA50010600D1FD0761C0106389901508C85000100C800300001000DDBCD0301839A8245009C0A10,PASS,"PASS, {1: 1, 2: 1, 3: 1, 4: 1, 5: 1, 6: 1, 7: 1, 8: 1, 9: 1, 10: 1, 11: 1}","PASS, {1: 1, 2: 1, 3: 1, 4: 1, 5: 1, 6: 1, 7: 1, 8: 1, 9: 1, 10: 1}","PASS , {1: 1, 2: 1, 3: 1, 4: 1, 5: 1, 6: 1, 7: 1, 8: 1} ","PASS , {1: 1, 2: 1, 3: 1, 4: 1} ",14:28:32_15-07-25
228,217,8002,004638,"BV25292310294 , T252716196 ",FF00FFA50010600D1FD0761C0106389901508C85000100C800300001000DDBCD0301839A8245009C0A10,PASS,"PASS, {1: 1, 2: 1, 3: 1, 4: 1, 5: 1, 6: 1, 7: 1, 8: 1, 9: 1, 10: 1, 11: 1}","PASS, {1: 1, 2: 1, 3: 1, 4: 1, 5: 1, 6: 1, 7: 1, 8: 1, 9: 1, 10: 1}","PASS , {1: 1, 2: 1, 3: 1, 4: 1, 5: 1, 6: 1, 7: 1, 8: 1} ","PASS , {1: 1, 2: 1, 3: 1, 4: 1} ",14:29:47_15-07-25
229,218,8002,004638,"BV25292310293 , T252716342 ",FF00FFA50010600D1FD0761C0106389901508C85000100C800300001000DDBCD0301839A8245009C0A10,PASS,"PASS, {1: 1, 2: 1, 3: 1, 4: 1, 5: 1, 6: 1, 7: 1, 8: 1, 9: 1, 10: 1, 11: 1}","PASS, {1: 1, 2: 1, 3: 1, 4: 1, 5: 1, 6: 1, 7: 1, 8: 1, 9: 1, 10: 1}","PASS , {1: 1, 2: 1, 3: 1, 4: 1, 5: 1, 6: 1, 7: 1, 8: 1} ","PASS , {1: 1, 2: 1, 3: 1, 4: 1} ",14:30:57_15-07-25
230,219,8002,004638,"BV25292310299 , T252718392 ",FF00FFA50010600D1FD0761C0106389901508C85000100C800300001000DDBCD0301839A8245009C0A10,PASS,"PASS, {1: 1, 2: 1, 3: 1, 4: 1, 5: 1, 6: 1, 7: 1, 8: 1, 9: 1, 10: 1, 11: 1}","PASS, {1: 1, 2: 1, 3: 1, 4: 1, 5: 1, 6: 1, 7: 1, 8: 1, 9: 1, 10: 1}","PASS , {1: 1, 2: 1, 3: 1, 4: 1, 5: 1, 6: 1, 7: 1, 8: 1} ","PASS , {1: 1, 2: 1, 3: 1, 4: 1} ",14:32:07_15-07-25
231,220,8002,004638,"BV25292310304 , T252718380 ",FF00FFA50010600D1FD0761C0106389901508C85000100C800300001000DDBCD0301839A8245009C0A10,PASS,"PASS, {1: 1, 2: 1, 3: 1, 4: 1, 5: 1, 6: 1, 7: 1, 8: 1, 9: 1, 10: 1, 11: 1}","PASS, {1: 1, 2: 1, 3: 1, 4: 1, 5: 1, 6: 1, 7: 1, 8: 1, 9: 1, 10: 1}","PASS , {1: 1, 2: 1, 3: 1, 4: 1, 5: 1, 6: 1, 7: 1, 8: 1} ","PASS , {1: 1, 2: 1, 3: 1, 4: 1} ",14:33:17_15-07-25
232,221,8002,004638,"BV25292310298 , T252718389 ",FF00FFA50010600D1FD0761C0106389901508C85000100C800300001000DDBCD0301839A8245009C0A10,PASS,"PASS, {1: 1, 2: 1, 3: 1, 4: 1, 5: 1, 6: 1, 7: 1, 8: 1, 9: 1, 10: 1, 11: 1}","PASS, {1: 1, 2: 1, 3: 1, 4: 1, 5: 1, 6: 1, 7: 1, 8: 1, 9: 1, 10: 1}","PASS , {1: 1, 2: 1, 3: 1, 4: 1, 5: 1, 6: 1, 7: 1, 8: 1} ","PASS , {1: 1, 2: 1, 3: 1, 4: 1} ",14:34:28_15-07-25
233,222,8002,004638,"BV25292310309 , T252718375 ",FF00FFA50010600D1FD0761C0106389901508C85000100C800300001000DDBCD0301839A8245009C0A10,PASS,"PASS, {1: 1, 2: 1, 3: 1, 4: 1, 5: 1, 6: 1, 7: 1, 8: 1, 9: 1, 10: 1, 11: 1}","PASS, {1: 1, 2: 1, 3: 1, 4: 1, 5: 1, 6: 1, 7: 1, 8: 1, 9: 1, 10: 1}","PASS , {1: 1, 2: 1, 3: 1, 4: 1, 5: 1, 6: 1, 7: 1, 8: 1} ","PASS , {1: 1, 2: 1, 3: 1, 4: 1} ",14:35:39_15-07-25
234,223,8002,004638,"BV25292310245 , T252715841 ",FF00FFA50010600D1FD0761C0106389901508C85000100C800300001000DDBCD0301839A8245009C0A10,PASS,"PASS, {1: 1, 2: 1, 3: 1, 4: 1, 5: 1, 6: 1, 7: 1, 8: 1, 9: 1, 10: 1, 11: 1}","PASS, {1: 1, 2: 1, 3: 1, 4: 1, 5: 1, 6: 1, 7: 1, 8: 1, 9: 1, 10: 1}","PASS , {1: 1, 2: 1, 3: 1, 4: 1, 5: 1, 6: 1, 7: 1, 8: 1} ","PASS , {1: 1, 2: 1, 3: 1, 4: 1} ",14:36:48_15-07-25
235,224,8002,004638,"BV25292310187 , T252716492 ",FF00FFA50010600D1FD0761C0106389901508C85000100C800300001000DDBCD0301839A8245009C0A10,PASS,"PASS, {1: 1, 2: 1, 3: 1, 4: 1, 5: 1, 6: 1, 7: 1, 8: 1, 9: 1, 10: 1, 11: 1}","PASS, {1: 1, 2: 1, 3: 1, 4: 1, 5: 1, 6: 1, 7: 1, 8: 1, 9: 1, 10: 1}","PASS , {1: 1, 2: 1, 3: 1, 4: 1, 5: 1, 6: 1, 7: 1, 8: 1} ","PASS , {1: 1, 2: 1, 3: 1, 4: 1} ",14:38:01_15-07-25
236,225,8002,004638,"BV25292310186 , T252716304 ",FF00FFA50010600D1FD0761C0106389901508C85000100C800300001000DDBCD0301839A8245009C0A10,PASS,"PASS, {1: 1, 2: 1, 3: 1, 4: 1, 5: 1, 6: 1, 7: 1, 8: 1, 9: 1, 10: 1, 11: 1}","PASS, {1: 1, 2: 1, 3: 1, 4: 1, 5: 1, 6: 1, 7: 1, 8: 1, 9: 1, 10: 1}","PASS , {1: 1, 2: 1, 3: 1, 4: 1, 5: 1, 6: 1, 7: 1, 8: 1} ","PASS , {1: 1, 2: 1, 3: 1, 4: 1} ",14:39:11_15-07-25
237,226,8002,004638,"BV25292310185 , T252716491 ",FF00FFA50010600D1FD0761C0106389901508C85000100C800300001000DDBCD0301839A8245009C0A10,PASS,"PASS, {1: 1, 2: 1, 3: 1, 4: 1, 5: 1, 6: 1, 7: 1, 8: 1, 9: 1, 10: 1, 11: 1}","PASS, {1: 1, 2: 1, 3: 1, 4: 1, 5: 1, 6: 1, 7: 1, 8: 1, 9: 1, 10: 1}","PASS , {1: 1, 2: 1, 3: 1, 4: 1, 5: 1, 6: 1, 7: 1, 8: 1} ","PASS , {1: 1, 2: 1, 3: 1, 4: 1} ",14:40:22_15-07-25
238,227,8002,004638,"BV25292310184 , T252720885 ",FF00FFA50010600D1FD0761C0106389901508C85000100C800300001000DDBCD0301839A8245009C0A10,PASS,"PASS, {1: 1, 2: 1, 3: 1, 4: 1, 5: 1, 6: 1, 7: 1, 8: 1, 9: 1, 10: 1, 11: 1}","PASS, {1: 1, 2: 1, 3: 1, 4: 1, 5: 1, 6: 1, 7: 1, 8: 1, 9: 1, 10: 1}","PASS , {1: 1, 2: 1, 3: 1, 4: 1, 5: 1, 6: 1, 7: 1, 8: 1} ","PASS , {1: 1, 2: 1, 3: 1, 4: 1} ",14:41:32_15-07-25
239,228,8002,004638,"BV25292310183 , T252716287 ",FF00FFA50010600D1FD0761C0106389901508C85000100C800300001000DDBCD0301839A8245009C0A10,PASS,"PASS, {1: 1, 2: 1, 3: 1, 4: 1, 5: 1, 6: 1, 7: 1, 8: 1, 9: 1, 10: 1, 11: 1}","PASS, {1: 1, 2: 1, 3: 1, 4: 1, 5: 1, 6: 1, 7: 1, 8: 1, 9: 1, 10: 1}","PASS , {1: 1, 2: 1, 3: 1, 4: 1, 5: 1, 6: 1, 7: 1, 8: 1} ","PASS , {1: 1, 2: 1, 3: 1, 4: 1} ",14:42:43_15-07-25
240,229,8002,004638,"BV25292310182 , T252716176 ",FF00FFA50010600D1FD0761C0106389901508C85000100C800300001000DDBCD0301839A8245009C0A10,PASS,"PASS, {1: 1, 2: 1, 3: 1, 4: 1, 5: 1, 6: 1, 7: 1, 8: 1, 9: 1, 10: 1, 11: 1}","PASS, {1: 1, 2: 1, 3: 1, 4: 1, 5: 1, 6: 1, 7: 1, 8: 1, 9: 1, 10: 1}","PASS , {1: 1, 2: 1, 3: 1, 4: 1, 5: 1, 6: 1, 7: 1, 8: 1} ","PASS , {1: 1, 2: 1, 3: 1, 4: 1} ",14:43:55_15-07-25
241,230,8002,004638,"BV25292310181 , T252716178 ",FF00FFA50010600D1FD0761C0106389901508C85000100C800300001000DDBCD0301839A8245009C0A10,PASS,"PASS, {1: 1, 2: 1, 3: 1, 4: 1, 5: 1, 6: 1, 7: 1, 8: 1, 9: 1, 10: 1, 11: 1}","PASS, {1: 1, 2: 1, 3: 1, 4: 1, 5: 1, 6: 1, 7: 1, 8: 1, 9: 1, 10: 1}","PASS , {1: 1, 2: 1, 3: 1, 4: 1, 5: 1, 6: 1, 7: 1, 8: 1} ","PASS , {1: 1, 2: 1, 3: 1, 4: 1} ",14:45:08_15-07-25
242,231,8002,004638,"BV25292310179 , T252211336 ",FF00FFA50010600D1FD0761C0106389901508C85000100C800300001000DDBCD0301839A8245009C0A10,PASS,"PASS, {1: 1, 2: 1, 3: 1, 4: 1, 5: 1, 6: 1, 7: 1, 8: 1, 9: 1, 10: 1, 11: 1}","PASS, {1: 1, 2: 1, 3: 1, 4: 1, 5: 1, 6: 1, 7: 1, 8: 1, 9: 1, 10: 1}","PASS , {1: 1, 2: 1, 3: 1, 4: 1, 5: 1, 6: 1, 7: 1, 8: 1} ","PASS , {1: 1, 2: 1, 3: 1, 4: 1} ",14:47:19_15-07-25
243,232,8002,004638,"BV25292310178 , T252211335 ",FF00FFA50010600D1FD0761C0106389901508C85000100C800300001000DDBCD0301839A8245009C0A10,PASS,"PASS, {1: 1, 2: 1, 3: 1, 4: 1, 5: 1, 6: 1, 7: 1, 8: 1, 9: 1, 10: 1, 11: 1}","PASS, {1: 1, 2: 1, 3: 1, 4: 1, 5: 1, 6: 1, 7: 1, 8: 1, 9: 1, 10: 1}","PASS , {1: 1, 2: 1, 3: 1, 4: 1, 5: 1, 6: 1, 7: 1, 8: 1} ","PASS , {1: 1, 2: 1, 3: 1, 4: 1} ",14:48:32_15-07-25
244,233,8002,004638,"BV25292310177 , T252802108 ",FF00FFA50010600D1FD0761C0106389901508C85000100C800300001000DDBCD0301839A8245009C0A10,PASS,"PASS, {1: 1, 2: 1, 3: 1, 4: 1, 5: 1, 6: 1, 7: 1, 8: 1, 9: 1, 10: 1, 11: 1}","PASS, {1: 1, 2: 1, 3: 1, 4: 1, 5: 1, 6: 1, 7: 1, 8: 1, 9: 1, 10: 1}","PASS , {1: 1, 2: 1, 3: 1, 4: 1, 5: 1, 6: 1, 7: 1, 8: 1} ","PASS , {1: 1, 2: 1, 3: 1, 4: 1} ",14:49:45_15-07-25
245,234,8002,004638,"BV25292310176 , T252716395 ",FF00FFA50010600D1FD0761C0106389901508C85000100C800300001000DDBCD0301839A8245009C0A10,PASS,"PASS, {1: 1, 2: 1, 3: 1, 4: 1, 5: 1, 6: 1, 7: 1, 8: 1, 9: 1, 10: 1, 11: 1}","PASS, {1: 1, 2: 1, 3: 1, 4: 1, 5: 1, 6: 1, 7: 1, 8: 1, 9: 1, 10: 1}","PASS , {1: 1, 2: 1, 3: 1, 4: 1, 5: 1, 6: 1, 7: 1, 8: 1} ","PASS , {1: 1, 2: 1, 3: 1, 4: 1} ",14:50:59_15-07-25
246,235,8002,004638,"BV25292310175 , T252802209 ",FF00FFA50010600D1FD0761C0106389901508C85000100C800300001000DDBCD0301839A8245009C0A10,PASS,"PASS, {1: 1, 2: 1, 3: 1, 4: 1, 5: 1, 6: 1, 7: 1, 8: 1, 9: 1, 10: 1, 11: 1}","PASS, {1: 1, 2: 1, 3: 1, 4: 1, 5: 1, 6: 1, 7: 1, 8: 1, 9: 1, 10: 1}","PASS , {1: 1, 2: 1, 3: 1, 4: 1, 5: 1, 6: 1, 7: 1, 8: 1} ","PASS , {1: 1, 2: 1, 3: 1, 4: 1} ",14:52:12_15-07-25
247,236,8002,004638,"BV25292310174 , T252716507 ",FF00FFA50010600D1FD0761C0106389901508C85000100C800300001000DDBCD0301839A8245009C0A10,PASS,"PASS, {1: 1, 2: 1, 3: 1, 4: 1, 5: 1, 6: 1, 7: 1, 8: 1, 9: 1, 10: 1, 11: 1}","PASS, {1: 1, 2: 1, 3: 1, 4: 1, 5: 1, 6: 1, 7: 1, 8: 1, 9: 1, 10: 1}","PASS , {1: 1, 2: 1, 3: 1, 4: 1, 5: 1, 6: 1, 7: 1, 8: 1} ","PASS , {1: 1, 2: 1, 3: 1, 4: 1} ",14:53:24_15-07-25
248,237,8002,004638,"BV25292310173 , T252716331 ",FF00FFA50010600D1FD0761C0106389901508C85000100C800300001000DDBCD0301839A8245009C0A10,PASS,"PASS, {1: 1, 2: 1, 3: 1, 4: 1, 5: 1, 6: 1, 7: 1, 8: 1, 9: 1, 10: 1, 11: 1}","PASS, {1: 1, 2: 1, 3: 1, 4: 1, 5: 1, 6: 1, 7: 1, 8: 1, 9: 1, 10: 1}","PASS , {1: 1, 2: 1, 3: 1, 4: 1, 5: 1, 6: 1, 7: 1, 8: 1} ","PASS , {1: 1, 2: 1, 3: 1, 4: 1} ",14:54:34_15-07-25
249,238,8002,004638,"BV25292310172 , T252802190 ",FF00FFA50010600D1FD0761C0106389901508C85000100C800300001000DDBCD0301839A8245009C0A10,PASS,"PASS, {1: 1, 2: 1, 3: 1, 4: 1, 5: 1, 6: 1, 7: 1, 8: 1, 9: 1, 10: 1, 11: 1}","PASS, {1: 1, 2: 1, 3: 1, 4: 1, 5: 1, 6: 1, 7: 1, 8: 1, 9: 1, 10: 1}","PASS , {1: 1, 2: 1, 3: 1, 4: 1, 5: 1, 6: 1, 7: 1, 8: 1} ","PASS , {1: 1, 2: 1, 3: 1, 4: 1} ",14:55:45_15-07-25
250,239,8002,004638,"BV25292310171 , T252802186 ",FF00FFA50010600D1FD0761C0106389901508C85000100C800300001000DDBCD0301839A8245009C0A10,PASS,"PASS, {1: 1, 2: 1, 3: 1, 4: 1, 5: 1, 6: 1, 7: 1, 8: 1, 9: 1, 10: 1, 11: 1}","PASS, {1: 1, 2: 1, 3: 1, 4: 1, 5: 1, 6: 1, 7: 1, 8: 1, 9: 1, 10: 1}","PASS , {1: 1, 2: 1, 3: 1, 4: 1, 5: 1, 6: 1, 7: 1, 8: 1} ","PASS , {1: 1, 2: 1, 3: 1, 4: 1} ",14:56:57_15-07-25
251,240,8002,004638,"BV25292310170 , T252802192 ",FF00FFA50010600D1FD0761C0106389901508C85000100C800300001000DDBCD0301839A8245009C0A10,PASS,"PASS, {1: 1, 2: 1, 3: 1, 4: 1, 5: 1, 6: 1, 7: 1, 8: 1, 9: 1, 10: 1, 11: 1}","PASS, {1: 1, 2: 1, 3: 1, 4: 1, 5: 1, 6: 1, 7: 1, 8: 1, 9: 1, 10: 1}","PASS , {1: 1, 2: 1, 3: 1, 4: 1, 5: 1, 6: 1, 7: 1, 8: 1} ","PASS , {1: 1, 2: 1, 3: 1, 4: 1} ",14:58:12_15-07-25
252,241,8002,004638,"BV25292310034 , T252802224 ",FF00FFA50010600D1FD0761C0106389901508C85000100C800300001000DDBCD0301839A8245009C0A10,PASS,"PASS, {1: 1, 2: 1, 3: 1, 4: 1, 5: 1, 6: 1, 7: 1, 8: 1, 9: 1, 10: 1, 11: 1}","PASS, {1: 1, 2: 1, 3: 1, 4: 1, 5: 1, 6: 1, 7: 1, 8: 1, 9: 1, 10: 1}","PASS , {1: 1, 2: 1, 3: 1, 4: 1, 5: 1, 6: 1, 7: 1, 8: 1} ","PASS , {1: 1, 2: 1, 3: 1, 4: 1} ",14:59:22_15-07-25
253,242,8002,004638,"BV25292310035 , T252802118 ",FF00FFA50010600D1FD0761C0106389901508C85000100C800300001000DDBCD0301839A8245009C0A10,PASS,"PASS, {1: 1, 2: 1, 3: 1, 4: 1, 5: 1, 6: 1, 7: 1, 8: 1, 9: 1, 10: 1, 11: 1}","PASS, {1: 1, 2: 1, 3: 1, 4: 1, 5: 1, 6: 1, 7: 1, 8: 1, 9: 1, 10: 1}","PASS , {1: 1, 2: 1, 3: 1, 4: 1, 5: 1, 6: 1, 7: 1, 8: 1} ","PASS , {1: 1, 2: 1, 3: 1, 4: 1} ",15:00:34_15-07-25
254,243,8002,004638,"BV25292310037 , T252802227 ",FF00FFA50010600D1FD0761C0106389901508C85000100C800300001000DDBCD0301839A8245009C0A10,PASS,"PASS, {1: 1, 2: 1, 3: 1, 4: 1, 5: 1, 6: 1, 7: 1, 8: 1, 9: 1, 10: 1, 11: 1}","PASS, {1: 1, 2: 1, 3: 1, 4: 1, 5: 1, 6: 1, 7: 1, 8: 1, 9: 1, 10: 1}","PASS , {1: 1, 2: 1, 3: 1, 4: 1, 5: 1, 6: 1, 7: 1, 8: 1} ","PASS , {1: 1, 2: 1, 3: 1, 4: 1} ",15:01:49_15-07-25
255,244,8002,004638,"BV25292310038 , T252802217 ",FF00FFA50010600D1FD0761C0106389901508C85000100C800300001000DDBCD0301839A8245009C0A10,PASS,"PASS, {1: 1, 2: 1, 3: 1, 4: 1, 5: 1, 6: 1, 7: 1, 8: 1, 9: 1, 10: 1, 11: 1}","PASS, {1: 1, 2: 1, 3: 1, 4: 1, 5: 1, 6: 1, 7: 1, 8: 1, 9: 1, 10: 1}","PASS , {1: 1, 2: 1, 3: 1, 4: 1, 5: 1, 6: 1, 7: 1, 8: 1} ","PASS , {1: 1, 2: 1, 3: 1, 4: 1} ",15:03:07_15-07-25
256,245,8002,004638,"BV25292310164 , T252716256 ",FF00FFA50010600D1FD0761C0106389901508C85000100C800300001000DDBCD0301839A8245009C0A10,PASS,"PASS, {1: 1, 2: 1, 3: 1, 4: 1, 5: 1, 6: 1, 7: 1, 8: 1, 9: 1, 10: 1, 11: 1}","PASS, {1: 1, 2: 1, 3: 1, 4: 1, 5: 1, 6: 1, 7: 1, 8: 1, 9: 1, 10: 1}","PASS , {1: 1, 2: 1, 3: 1, 4: 1, 5: 1, 6: 1, 7: 1, 8: 1} ","PASS , {1: 1, 2: 1, 3: 1, 4: 1} ",15:04:22_15-07-25
257,246,8002,004638,"BV25292310165 , T252716285 ",FF00FFA50010600D1FD0761C0106389901508C85000100C800300001000DDBCD0301839A8245009C0A10,PASS,"PASS, {1: 1, 2: 1, 3: 1, 4: 1, 5: 1, 6: 1, 7: 1, 8: 1, 9: 1, 10: 1, 11: 1}","PASS, {1: 1, 2: 1, 3: 1, 4: 1, 5: 1, 6: 1, 7: 1, 8: 1, 9: 1, 10: 1}","PASS , {1: 1, 2: 1, 3: 1, 4: 1, 5: 1, 6: 1, 7: 1, 8: 1} ","PASS , {1: 1, 2: 1, 3: 1, 4: 1} ",15:05:37_15-07-25
258,247,8002,004638,"BV25292310085 , T252802064 ",FF00FFA50010600D1FD0761C0106389901508C85000100C800300001000DDBCD0301839A8245009C0A10,PASS,"PASS, {1: 1, 2: 1, 3: 1, 4: 1, 5: 1, 6: 1, 7: 1, 8: 1, 9: 1, 10: 1, 11: 1}","PASS, {1: 1, 2: 1, 3: 1, 4: 1, 5: 1, 6: 1, 7: 1, 8: 1, 9: 1, 10: 1}","PASS , {1: 1, 2: 1, 3: 1, 4: 1, 5: 1, 6: 1, 7: 1, 8: 1} ","PASS , {1: 1, 2: 1, 3: 1, 4: 1} ",15:06:51_15-07-25
259,248,8002,004638,"BV25292310084 , T252802060 ",FF00FFA50010600D1FD0761C0106389901508C85000100C800300001000DDBCD0301839A8245009C0A10,PASS,"PASS, {1: 1, 2: 1, 3: 1, 4: 1, 5: 1, 6: 1, 7: 1, 8: 1, 9: 1, 10: 1, 11: 1}","PASS, {1: 1, 2: 1, 3: 1, 4: 1, 5: 1, 6: 1, 7: 1, 8: 1, 9: 1, 10: 1}","PASS , {1: 1, 2: 1, 3: 1, 4: 1, 5: 1, 6: 1, 7: 1, 8: 1} ","PASS , {1: 1, 2: 1, 3: 1, 4: 1} ",15:08:08_15-07-25
260,249,8002,004638,"BV25292310083 , T252802053 ",FF00FFA50010600D1FD0761C0106389901508C85000100C800300001000DDBCD0301839A8245009C0A10,PASS,"PASS, {1: 1, 2: 1, 3: 1, 4: 1, 5: 1, 6: 1, 7: 1, 8: 1, 9: 1, 10: 1, 11: 1}","PASS, {1: 1, 2: 1, 3: 1, 4: 1, 5: 1, 6: 1, 7: 1, 8: 1, 9: 1, 10: 1}","PASS , {1: 1, 2: 1, 3: 1, 4: 1, 5: 1, 6: 1, 7: 1, 8: 1} ","PASS , {1: 1, 2: 1, 3: 1, 4: 1} ",15:09:20_15-07-25
261,250,8002,004638,"BV25292310082 , T252802063 ",FF00FFA50010600D1FD0761C0106389901508C85000100C800300001000DDBCD0301839A8245009C0A10,PASS,"PASS, {1: 1, 2: 1, 3: 1, 4: 1, 5: 1, 6: 1, 7: 1, 8: 1, 9: 1, 10: 1, 11: 1}","PASS, {1: 1, 2: 1, 3: 1, 4: 1, 5: 1, 6: 1, 7: 1, 8: 1, 9: 1, 10: 1}","PASS , {1: 1, 2: 1, 3: 1, 4: 1, 5: 1, 6: 1, 7: 1, 8: 1} ","PASS , {1: 1, 2: 1, 3: 1, 4: 1} ",15:10:41_15-07-25
262,251,8002,004638,"BV25292310081 , T252802061 ",FF00FFA50010600D1FD0761C0106389901508C85000100C800300001000DDBCD0301839A8245009C0A10,PASS,"PASS, {1: 1, 2: 1, 3: 1, 4: 1, 5: 1, 6: 1, 7: 1, 8: 1, 9: 1, 10: 1, 11: 1}","PASS, {1: 1, 2: 1, 3: 1, 4: 1, 5: 1, 6: 1, 7: 1, 8: 1, 9: 1, 10: 1}","PASS , {1: 1, 2: 1, 3: 1, 4: 1, 5: 1, 6: 1, 7: 1, 8: 1} ","PASS , {1: 1, 2: 1, 3: 1, 4: 1} ",15:11:54_15-07-25
263,251,8002,004638,"BV25292310080 , T252802059 ",FF00FFA50010600D1FD0761C0106389901508C85000100C800300001000DDBCD0301839A8245009C0A10,PASS,"PASS, {1: 1, 2: 1, 3: 1, 4: 1, 5: 1, 6: 1, 7: 1, 8: 1, 9: 1, 10: 1, 11: 1}","PASS, {1: 1, 2: 1, 3: 1, 4: 1, 5: 1, 6: 1, 7: 1, 8: 1, 9: 1, 10: 1}","FAIL , {1: 1, 2: 1, 3: 1, 4: 1, 5: 1, 6: 0, 7: 1, 8: 1} ","PASS , {1: 1, 2: 1, 3: 1, 4: 1} ",15:13:17_15-07-25
264,252,8002,004638,"BV25292310079 , T252802058 ",FF00FFA50010600D1FD0761C0106389901508C85000100C800300001000DDBCD0301839A8245009C0A10,PASS,"PASS, {1: 1, 2: 1, 3: 1, 4: 1, 5: 1, 6: 1, 7: 1, 8: 1, 9: 1, 10: 1, 11: 1}","PASS, {1: 1, 2: 1, 3: 1, 4: 1, 5: 1, 6: 1, 7: 1, 8: 1, 9: 1, 10: 1}","PASS , {1: 1, 2: 1, 3: 1, 4: 1, 5: 1, 6: 1, 7: 1, 8: 1} ","PASS , {1: 1, 2: 1, 3: 1, 4: 1} ",15:14:32_15-07-25
265,253,8002,004638,"BV25292310078 , T252802076 ",FF00FFA50010600D1FD0761C0106389901508C85000100C800300001000DDBCD0301839A8245009C0A10,PASS,"PASS, {1: 1, 2: 1, 3: 1, 4: 1, 5: 1, 6: 1, 7: 1, 8: 1, 9: 1, 10: 1, 11: 1}","PASS, {1: 1, 2: 1, 3: 1, 4: 1, 5: 1, 6: 1, 7: 1, 8: 1, 9: 1, 10: 1}","PASS , {1: 1, 2: 1, 3: 1, 4: 1, 5: 1, 6: 1, 7: 1, 8: 1} ","PASS , {1: 1, 2: 1, 3: 1, 4: 1} ",15:15:44_15-07-25
266,254,8002,004638,"BV25292310077 , T252802266 ",FF00FFA50010600D1FD0761C0106389901508C85000100C800300001000DDBCD0301839A8245009C0A10,PASS,"PASS, {1: 1, 2: 1, 3: 1, 4: 1, 5: 1, 6: 1, 7: 1, 8: 1, 9: 1, 10: 1, 11: 1}","PASS, {1: 1, 2: 1, 3: 1, 4: 1, 5: 1, 6: 1, 7: 1, 8: 1, 9: 1, 10: 1}","PASS , {1: 1, 2: 1, 3: 1, 4: 1, 5: 1, 6: 1, 7: 1, 8: 1} ","PASS , {1: 1, 2: 1, 3: 1, 4: 1} ",15:16:57_15-07-25
267,255,8002,004638,"BV25292310076 , T252716306 ",FF00FFA50010600D1FD0761C0106389901508C85000100C800300001000DDBCD0301839A8245009C0A10,PASS,"PASS, {1: 1, 2: 1, 3: 1, 4: 1, 5: 1, 6: 1, 7: 1, 8: 1, 9: 1, 10: 1, 11: 1}","PASS, {1: 1, 2: 1, 3: 1, 4: 1, 5: 1, 6: 1, 7: 1, 8: 1, 9: 1, 10: 1}","PASS , {1: 1, 2: 1, 3: 1, 4: 1, 5: 1, 6: 1, 7: 1, 8: 1} ","PASS , {1: 1, 2: 1, 3: 1, 4: 1} ",15:18:10_15-07-25
268,256,8002,004638,"BV25292310050 , T252716385 ",FF00FFA50010600D1FD0761C0106389901508C85000100C800300001000DDBCD0301839A8245009C0A10,PASS,"PASS, {1: 1, 2: 1, 3: 1, 4: 1, 5: 1, 6: 1, 7: 1, 8: 1, 9: 1, 10: 1, 11: 1}","PASS, {1: 1, 2: 1, 3: 1, 4: 1, 5: 1, 6: 1, 7: 1, 8: 1, 9: 1, 10: 1}","PASS , {1: 1, 2: 1, 3: 1, 4: 1, 5: 1, 6: 1, 7: 1, 8: 1} ","PASS , {1: 1, 2: 1, 3: 1, 4: 1} ",15:19:25_15-07-25
269,257,8002,004638,"BV25292310049 , T252716292 ",FF00FFA50010600D1FD0761C0106389901508C85000100C800300001000DDBCD0301839A8245009C0A10,PASS,"PASS, {1: 1, 2: 1, 3: 1, 4: 1, 5: 1, 6: 1, 7: 1, 8: 1, 9: 1, 10: 1, 11: 1}","PASS, {1: 1, 2: 1, 3: 1, 4: 1, 5: 1, 6: 1, 7: 1, 8: 1, 9: 1, 10: 1}","PASS , {1: 1, 2: 1, 3: 1, 4: 1, 5: 1, 6: 1, 7: 1, 8: 1} ","PASS , {1: 1, 2: 1, 3: 1, 4: 1} ",15:20:36_15-07-25
270,258,8002,004638,"BV25292310048 , T252716547 ",FF00FFA50010600D1FD0761C0106389901508C85000100C800300001000DDBCD0301839A8245009C0A10,PASS,"PASS, {1: 1, 2: 1, 3: 1, 4: 1, 5: 1, 6: 1, 7: 1, 8: 1, 9: 1, 10: 1, 11: 1}","PASS, {1: 1, 2: 1, 3: 1, 4: 1, 5: 1, 6: 1, 7: 1, 8: 1, 9: 1, 10: 1}","PASS , {1: 1, 2: 1, 3: 1, 4: 1, 5: 1, 6: 1, 7: 1, 8: 1} ","PASS , {1: 1, 2: 1, 3: 1, 4: 1} ",15:21:49_15-07-25
271,258,8002,004638,"BV25292310047 , T252716383 ",FF00FFA50010600D1FD0761C0106389901508C85000100C800300001000DDBCD0301839A8245009C0A10,PASS,"PASS, {1: 1, 2: 1, 3: 1, 4: 1, 5: 1, 6: 1, 7: 1, 8: 1, 9: 1, 10: 1, 11: 1}","PASS, {1: 1, 2: 1, 3: 1, 4: 1, 5: 1, 6: 1, 7: 1, 8: 1, 9: 1, 10: 1}","FAIL , {1: 0, 2: 1, 3: 1, 4: 1, 5: 1, 6: 1, 7: 1, 8: 1} ","PASS , {1: 1, 2: 1, 3: 1, 4: 1} ",15:23:05_15-07-25
272,259,8002,004638,"BV25292310046 , T252720871 ",FF00FFA50010600D1FD0761C0106389901508C85000100C800300001000DDBCD0301839A8245009C0A10,PASS,"PASS, {1: 1, 2: 1, 3: 1, 4: 1, 5: 1, 6: 1, 7: 1, 8: 1, 9: 1, 10: 1, 11: 1}","PASS, {1: 1, 2: 1, 3: 1, 4: 1, 5: 1, 6: 1, 7: 1, 8: 1, 9: 1, 10: 1}","PASS , {1: 1, 2: 1, 3: 1, 4: 1, 5: 1, 6: 1, 7: 1, 8: 1} ","PASS , {1: 1, 2: 1, 3: 1, 4: 1} ",15:24:20_15-07-25
273,260,8002,004638,"BV25292310045 , T252720869 ",FF00FFA50010600D1FD0761C0106389901508C85000100C800300001000DDBCD0301839A8245009C0A10,PASS,"PASS, {1: 1, 2: 1, 3: 1, 4: 1, 5: 1, 6: 1, 7: 1, 8: 1, 9: 1, 10: 1, 11: 1}","PASS, {1: 1, 2: 1, 3: 1, 4: 1, 5: 1, 6: 1, 7: 1, 8: 1, 9: 1, 10: 1}","PASS , {1: 1, 2: 1, 3: 1, 4: 1, 5: 1, 6: 1, 7: 1, 8: 1} ","PASS , {1: 1, 2: 1, 3: 1, 4: 1} ",15:25:38_15-07-25
274,261,8002,004638,"BV25292310044 , T252716381 ",FF00FFA50010600D1FD0761C0106389901508C85000100C800300001000DDBCD0301839A8245009C0A10,PASS,"PASS, {1: 1, 2: 1, 3: 1, 4: 1, 5: 1, 6: 1, 7: 1, 8: 1, 9: 1, 10: 1, 11: 1}","PASS, {1: 1, 2: 1, 3: 1, 4: 1, 5: 1, 6: 1, 7: 1, 8: 1, 9: 1, 10: 1}","PASS , {1: 1, 2: 1, 3: 1, 4: 1, 5: 1, 6: 1, 7: 1, 8: 1} ","PASS , {1: 1, 2: 1, 3: 1, 4: 1} ",15:26:51_15-07-25
275,262,8002,004638,"BV25292310043 , T252716336 ",FF00FFA50010600D1FD0761C0106389901508C85000100C800300001000DDBCD0301839A8245009C0A10,PASS,"PASS, {1: 1, 2: 1, 3: 1, 4: 1, 5: 1, 6: 1, 7: 1, 8: 1, 9: 1, 10: 1, 11: 1}","PASS, {1: 1, 2: 1, 3: 1, 4: 1, 5: 1, 6: 1, 7: 1, 8: 1, 9: 1, 10: 1}","PASS , {1: 1, 2: 1, 3: 1, 4: 1, 5: 1, 6: 1, 7: 1, 8: 1} ","PASS , {1: 1, 2: 1, 3: 1, 4: 1} ",15:28:07_15-07-25
276,263,8002,004638,"BV25292310039 , T252802113 ",FF00FFA50010600D1FD0761C0106389901508C85000100C800300001000DDBCD0301839A8245009C0A10,PASS,"PASS, {1: 1, 2: 1, 3: 1, 4: 1, 5: 1, 6: 1, 7: 1, 8: 1, 9: 1, 10: 1, 11: 1}","PASS, {1: 1, 2: 1, 3: 1, 4: 1, 5: 1, 6: 1, 7: 1, 8: 1, 9: 1, 10: 1}","PASS , {1: 1, 2: 1, 3: 1, 4: 1, 5: 1, 6: 1, 7: 1, 8: 1} ","PASS , {1: 1, 2: 1, 3: 1, 4: 1} ",15:29:18_15-07-25
277,264,8002,004638,"BV25292310036 , T252802225 ",FF00FFA50010600D1FD0761C0106389901508C85000100C800300001000DDBCD0301839A8245009C0A10,PASS,"PASS, {1: 1, 2: 1, 3: 1, 4: 1, 5: 1, 6: 1, 7: 1, 8: 1, 9: 1, 10: 1, 11: 1}","PASS, {1: 1, 2: 1, 3: 1, 4: 1, 5: 1, 6: 1, 7: 1, 8: 1, 9: 1, 10: 1}","PASS , {1: 1, 2: 1, 3: 1, 4: 1, 5: 1, 6: 1, 7: 1, 8: 1} ","PASS , {1: 1, 2: 1, 3: 1, 4: 1} ",15:30:30_15-07-25
278,265,8002,004638,"BV25292310040 , T252802216 ",FF00FFA50010600D1FD0761C0106389901508C85000100C800300001000DDBCD0301839A8245009C0A10,PASS,"PASS, {1: 1, 2: 1, 3: 1, 4: 1, 5: 1, 6: 1, 7: 1, 8: 1, 9: 1, 10: 1, 11: 1}","PASS, {1: 1, 2: 1, 3: 1, 4: 1, 5: 1, 6: 1, 7: 1, 8: 1, 9: 1, 10: 1}","PASS , {1: 1, 2: 1, 3: 1, 4: 1, 5: 1, 6: 1, 7: 1, 8: 1} ","PASS , {1: 1, 2: 1, 3: 1, 4: 1} ",15:31:40_15-07-25
279,266,8002,004638,"BV25292310041 , T252716380 ",FF00FFA50010600D1FD0761C0106389901508C85000100C800300001000DDBCD0301839A8245009C0A10,PASS,"PASS, {1: 1, 2: 1, 3: 1, 4: 1, 5: 1, 6: 1, 7: 1, 8: 1, 9: 1, 10: 1, 11: 1}","PASS, {1: 1, 2: 1, 3: 1, 4: 1, 5: 1, 6: 1, 7: 1, 8: 1, 9: 1, 10: 1}","PASS , {1: 1, 2: 1, 3: 1, 4: 1, 5: 1, 6: 1, 7: 1, 8: 1} ","PASS , {1: 1, 2: 1, 3: 1, 4: 1} ",15:32:54_15-07-25
280,267,8002,004638,"BV25292310042 , T252716511 ",FF00FFA50010600D1FD0761C0106389901508C85000100C800300001000DDBCD0301839A8245009C0A10,PASS,"PASS, {1: 1, 2: 1, 3: 1, 4: 1, 5: 1, 6: 1, 7: 1, 8: 1, 9: 1, 10: 1, 11: 1}","PASS, {1: 1, 2: 1, 3: 1, 4: 1, 5: 1, 6: 1, 7: 1, 8: 1, 9: 1, 10: 1}","PASS , {1: 1, 2: 1, 3: 1, 4: 1, 5: 1, 6: 1, 7: 1, 8: 1} ","PASS , {1: 1, 2: 1, 3: 1, 4: 1} ",15:34:07_15-07-25
281,268,8002,004638,"BV25292310112 , T252802057 ",FF00FFA50010600D1FD0761C0106389901508C85000100C800300001000DDBCD0301839A8245009C0A10,PASS,"PASS, {1: 1, 2: 1, 3: 1, 4: 1, 5: 1, 6: 1, 7: 1, 8: 1, 9: 1, 10: 1, 11: 1}","PASS, {1: 1, 2: 1, 3: 1, 4: 1, 5: 1, 6: 1, 7: 1, 8: 1, 9: 1, 10: 1}","PASS , {1: 1, 2: 1, 3: 1, 4: 1, 5: 1, 6: 1, 7: 1, 8: 1} ","PASS , {1: 1, 2: 1, 3: 1, 4: 1} ",15:54:39_15-07-25
282,269,8002,004638,"BV25292310203 , T252716515 ",FF00FFA50010600D1FD0761C0106389901508C85000100C800300001000DDBCD0301839A8245009C0A10,PASS,"PASS, {1: 1, 2: 1, 3: 1, 4: 1, 5: 1, 6: 1, 7: 1, 8: 1, 9: 1, 10: 1, 11: 1}","PASS, {1: 1, 2: 1, 3: 1, 4: 1, 5: 1, 6: 1, 7: 1, 8: 1, 9: 1, 10: 1}","PASS , {1: 1, 2: 1, 3: 1, 4: 1, 5: 1, 6: 1, 7: 1, 8: 1} ","PASS , {1: 1, 2: 1, 3: 1, 4: 1} ",16:01:02_15-07-25
283,269,8002,004638,"BV25292310052 , T252716408 ",FF00FFA50010600D1FD0761C0106389901508C85000100000000000000000000000000000000000004DE,FAIL,"PASS, {1: 1, 2: 1, 3: 1, 4: 1, 5: 1, 6: 1, 7: 1, 8: 1, 9: 1, 10: 1, 11: 1}","PASS, {1: 1, 2: 1, 3: 1, 4: 1, 5: 1, 6: 1, 7: 1, 8: 1, 9: 1, 10: 1}","PASS , {1: 1, 2: 1, 3: 1, 4: 1, 5: 1, 6: 1, 7: 1, 8: 1} ","PASS , {1: 1, 2: 1, 3: 1, 4: 1} ",16:03:17_15-07-25
284,269,8002,004638,"BV25292310051 , T252716295 ",FF00FFA50010600D1FD0761C0106389901508C85000100000000000000000000000000000000000004DE,FAIL,"PASS, {1: 1, 2: 1, 3: 1, 4: 1, 5: 1, 6: 1, 7: 1, 8: 1, 9: 1, 10: 1, 11: 1}","PASS, {1: 1, 2: 1, 3: 1, 4: 1, 5: 1, 6: 1, 7: 1, 8: 1, 9: 1, 10: 1}","PASS , {1: 1, 2: 1, 3: 1, 4: 1, 5: 1, 6: 1, 7: 1, 8: 1} ","PASS , {1: 1, 2: 1, 3: 1, 4: 1} ",16:04:37_15-07-25
285,269,8002,004638,"BV25292310002 , T252718932 ",FF00FFA50010600D1FD0761C0106389901508C85000100000000000000000000000000000000000004DE,FAIL,"PASS, {1: 1, 2: 1, 3: 1, 4: 1, 5: 1, 6: 1, 7: 1, 8: 1, 9: 1, 10: 1, 11: 1}","PASS, {1: 1, 2: 1, 3: 1, 4: 1, 5: 1, 6: 1, 7: 1, 8: 1, 9: 1, 10: 1}","PASS , {1: 1, 2: 1, 3: 1, 4: 1, 5: 1, 6: 1, 7: 1, 8: 1} ","PASS , {1: 1, 2: 1, 3: 1, 4: 1} ",16:06:07_15-07-25
286,269,8002,004638,"BV25292310001 , T252716382 ",FF00FFA50010600D1FD0761C0106389901508C85000100000000000000000000000000000000000004DE,FAIL,"PASS, {1: 1, 2: 1, 3: 1, 4: 1, 5: 1, 6: 1, 7: 1, 8: 1, 9: 1, 10: 1, 11: 1}","PASS, {1: 1, 2: 1, 3: 1, 4: 1, 5: 1, 6: 1, 7: 1, 8: 1, 9: 1, 10: 1}","PASS , {1: 1, 2: 1, 3: 1, 4: 1, 5: 1, 6: 1, 7: 1, 8: 1} ","PASS , {1: 1, 2: 1, 3: 1, 4: 1} ",16:07:23_15-07-25
287,270,8002,004638,"BV25292310053 , T252716407 ",FF00FFA50010600D1FD0761C0106389901508C85000100C800300001000DDBCD0301839A8245009C0A10,PASS,"PASS, {1: 1, 2: 1, 3: 1, 4: 1, 5: 1, 6: 1, 7: 1, 8: 1, 9: 1, 10: 1, 11: 1}","PASS, {1: 1, 2: 1, 3: 1, 4: 1, 5: 1, 6: 1, 7: 1, 8: 1, 9: 1, 10: 1}","PASS , {1: 1, 2: 1, 3: 1, 4: 1, 5: 1, 6: 1, 7: 1, 8: 1} ","PASS , {1: 1, 2: 1, 3: 1, 4: 1} ",16:08:44_15-07-25
288,271,8002,004638,"BV25292310272 , T252716345 ",FF00FFA50010600D1FD0761C0106389901508C85000100C800300001000DDBCD0301839A8245009C0A10,PASS,"PASS, {1: 1, 2: 1, 3: 1, 4: 1, 5: 1, 6: 1, 7: 1, 8: 1, 9: 1, 10: 1, 11: 1}","PASS, {1: 1, 2: 1, 3: 1, 4: 1, 5: 1, 6: 1, 7: 1, 8: 1, 9: 1, 10: 1}","PASS , {1: 1, 2: 1, 3: 1, 4: 1, 5: 1, 6: 1, 7: 1, 8: 1} ","PASS , {1: 1, 2: 1, 3: 1, 4: 1} ",16:10:56_15-07-25
289,272,8002,004638,"BV25292310190 , T252716284 ",FF00FFA50010600D1FD0761C0106389901508C85000100C800300001000DDBCD0301839A8245009C0A10,PASS,"PASS, {1: 1, 2: 1, 3: 1, 4: 1, 5: 1, 6: 1, 7: 1, 8: 1, 9: 1, 10: 1, 11: 1}","PASS, {1: 1, 2: 1, 3: 1, 4: 1, 5: 1, 6: 1, 7: 1, 8: 1, 9: 1, 10: 1}","PASS , {1: 1, 2: 1, 3: 1, 4: 1, 5: 1, 6: 1, 7: 1, 8: 1} ","PASS , {1: 1, 2: 1, 3: 1, 4: 1} ",16:12:23_15-07-25
290,273,8002,004638,"BV25292310047 , T252716383 ",FF00FFA50010600D1FD0761C0106389901508C85000100C800300001000DDBCD0301839A8245009C0A10,PASS,"PASS, {1: 1, 2: 1, 3: 1, 4: 1, 5: 1, 6: 1, 7: 1, 8: 1, 9: 1, 10: 1, 11: 1}","PASS, {1: 1, 2: 1, 3: 1, 4: 1, 5: 1, 6: 1, 7: 1, 8: 1, 9: 1, 10: 1}","PASS , {1: 1, 2: 1, 3: 1, 4: 1, 5: 1, 6: 1, 7: 1, 8: 1} ","PASS , {1: 1, 2: 1, 3: 1, 4: 1} ",16:14:03_15-07-25
293,274,8002,004638,"BV25292310159 , T252716493 ",FF00FFA50010600D1FD0761C0106389901508C85000100C800300001000DDBCD0301839A8245009C0A10,PASS,"PASS, {1: 1, 2: 1, 3: 1, 4: 1, 5: 1, 6: 1, 7: 1, 8: 1, 9: 1, 10: 1, 11: 1}","PASS, {1: 1, 2: 1, 3: 1, 4: 1, 5: 1, 6: 1, 7: 1, 8: 1, 9: 1, 10: 1}","PASS , {1: 1, 2: 1, 3: 1, 4: 1, 5: 1, 6: 1, 7: 1, 8: 1} ","PASS , {1: 1, 2: 1, 3: 1, 4: 1} ",16:19:36_15-07-25
294,274,8002,004638,"BV25292310103 , T252718931 ",FF00FFA50010600D1FD0761C0106389901508C85000100C800300001000DDBCD0301839A8245009C0A10,PASS,"PASS, {1: 1, 2: 1, 3: 1, 4: 1, 5: 1, 6: 1, 7: 1, 8: 1, 9: 1, 10: 1, 11: 1}","FAIL, {1: 0, 2: 0, 3: 0, 4: 0, 5: 0, 6: 0, 7: 0, 8: 0, 9: 0, 10: 0}","PASS , {1: 1, 2: 1, 3: 1, 4: 1, 5: 1, 6: 1, 7: 1, 8: 1} ","PASS , {1: 1, 2: 1, 3: 1, 4: 1} ",16:21:06_15-07-25
295,275,8002,004638,"BV25292310322 , T252716258 ",FF00FFA50010600D1FD0761C0106389901508C85000100C800300001000DDBCD0301839A8245009C0A10,PASS,"PASS, {1: 1, 2: 1, 3: 1, 4: 1, 5: 1, 6: 1, 7: 1, 8: 1, 9: 1, 10: 1, 11: 1}","PASS, {1: 1, 2: 1, 3: 1, 4: 1, 5: 1, 6: 1, 7: 1, 8: 1, 9: 1, 10: 1}","PASS , {1: 1, 2: 1, 3: 1, 4: 1, 5: 1, 6: 1, 7: 1, 8: 1} ","PASS , {1: 1, 2: 1, 3: 1, 4: 1} ",16:27:09_15-07-25
296,276,8002,004638,"BV25292310328 , T252716288 ",FF00FFA50010600D1FD0761C0106389901508C85000100C800300001000DDBCD0301839A8245009C0A10,PASS,"PASS, {1: 1, 2: 1, 3: 1, 4: 1, 5: 1, 6: 1, 7: 1, 8: 1, 9: 1, 10: 1, 11: 1}","PASS, {1: 1, 2: 1, 3: 1, 4: 1, 5: 1, 6: 1, 7: 1, 8: 1, 9: 1, 10: 1}","PASS , {1: 1, 2: 1, 3: 1, 4: 1, 5: 1, 6: 1, 7: 1, 8: 1} ","PASS , {1: 1, 2: 1, 3: 1, 4: 1} ",16:28:23_15-07-25
297,277,8002,004638,"BV25292310332 , T252802038 ",FF00FFA50010600D1FD0761C0106389901508C85000100C800300001000DDBCD0301839A8245009C0A10,PASS,"PASS, {1: 1, 2: 1, 3: 1, 4: 1, 5: 1, 6: 1, 7: 1, 8: 1, 9: 1, 10: 1, 11: 1}","PASS, {1: 1, 2: 1, 3: 1, 4: 1, 5: 1, 6: 1, 7: 1, 8: 1, 9: 1, 10: 1}","PASS , {1: 1, 2: 1, 3: 1, 4: 1, 5: 1, 6: 1, 7: 1, 8: 1} ","PASS , {1: 1, 2: 1, 3: 1, 4: 1} ",16:31:25_15-07-25
298,278,8002,004638,"BV25292310315 , T252716281 ",FF00FFA50010600D1FD0761C0106389901508C85000100C800300001000DDBCD0301839A8245009C0A10,PASS,"PASS, {1: 1, 2: 1, 3: 1, 4: 1, 5: 1, 6: 1, 7: 1, 8: 1, 9: 1, 10: 1, 11: 1}","PASS, {1: 1, 2: 1, 3: 1, 4: 1, 5: 1, 6: 1, 7: 1, 8: 1, 9: 1, 10: 1}","PASS , {1: 1, 2: 1, 3: 1, 4: 1, 5: 1, 6: 1, 7: 1, 8: 1} ","PASS , {1: 1, 2: 1, 3: 1, 4: 1} ",16:32:39_15-07-25
299,279,8002,004638,"BV25292310337 , T252802275 ",FF00FFA50010600D1FD0761C0106389901508C85000100C800300001000DDBCD0301839A8245009C0A10,PASS,"PASS, {1: 1, 2: 1, 3: 1, 4: 1, 5: 1, 6: 1, 7: 1, 8: 1, 9: 1, 10: 1, 11: 1}","PASS, {1: 1, 2: 1, 3: 1, 4: 1, 5: 1, 6: 1, 7: 1, 8: 1, 9: 1, 10: 1}","PASS , {1: 1, 2: 1, 3: 1, 4: 1, 5: 1, 6: 1, 7: 1, 8: 1} ","PASS , {1: 1, 2: 1, 3: 1, 4: 1} ",16:33:57_15-07-25
300,280,8002,004638,"BV25292310330 , T252716272 ",FF00FFA50010600D1FD0761C0106389901508C85000100C800300001000DDBCD0301839A8245009C0A10,PASS,"PASS, {1: 1, 2: 1, 3: 1, 4: 1, 5: 1, 6: 1, 7: 1, 8: 1, 9: 1, 10: 1, 11: 1}","PASS, {1: 1, 2: 1, 3: 1, 4: 1, 5: 1, 6: 1, 7: 1, 8: 1, 9: 1, 10: 1}","PASS , {1: 1, 2: 1, 3: 1, 4: 1, 5: 1, 6: 1, 7: 1, 8: 1} ","PASS , {1: 1, 2: 1, 3: 1, 4: 1} ",16:36:10_15-07-25
301,281,8002,004638,"BV25292310324 , T252716273 ",FF00FFA50010600D1FD0761C0106389901508C85000100C800300001000DDBCD0301839A8245009C0A10,PASS,"PASS, {1: 1, 2: 1, 3: 1, 4: 1, 5: 1, 6: 1, 7: 1, 8: 1, 9: 1, 10: 1, 11: 1}","PASS, {1: 1, 2: 1, 3: 1, 4: 1, 5: 1, 6: 1, 7: 1, 8: 1, 9: 1, 10: 1}","PASS , {1: 1, 2: 1, 3: 1, 4: 1, 5: 1, 6: 1, 7: 1, 8: 1} ","PASS , {1: 1, 2: 1, 3: 1, 4: 1} ",16:37:58_15-07-25
302,282,8002,004638,"BV25292310320 , T252716286 ",FF00FFA50010600D1FD0761C0106389901508C85000100C800300001000DDBCD0301839A8245009C0A10,PASS,"PASS, {1: 1, 2: 1, 3: 1, 4: 1, 5: 1, 6: 1, 7: 1, 8: 1, 9: 1, 10: 1, 11: 1}","PASS, {1: 1, 2: 1, 3: 1, 4: 1, 5: 1, 6: 1, 7: 1, 8: 1, 9: 1, 10: 1}","PASS , {1: 1, 2: 1, 3: 1, 4: 1, 5: 1, 6: 1, 7: 1, 8: 1} ","PASS , {1: 1, 2: 1, 3: 1, 4: 1} ",16:39:13_15-07-25
303,283,8002,004638,"BV25292310323 , T252716180 ",FF00FFA50010600D1FD0761C0106389901508C85000100C800300001000DDBCD0301839A8245009C0A10,PASS,"PASS, {1: 1, 2: 1, 3: 1, 4: 1, 5: 1, 6: 1, 7: 1, 8: 1, 9: 1, 10: 1, 11: 1}","PASS, {1: 1, 2: 1, 3: 1, 4: 1, 5: 1, 6: 1, 7: 1, 8: 1, 9: 1, 10: 1}","PASS , {1: 1, 2: 1, 3: 1, 4: 1, 5: 1, 6: 1, 7: 1, 8: 1} ","PASS , {1: 1, 2: 1, 3: 1, 4: 1} ",16:40:26_15-07-25
304,284,8002,004638,"BV25292310321 , T252716149 ",FF00FFA50010600D1FD0761C0106389901508C85000100C800300001000DDBCD0301839A8245009C0A10,PASS,"PASS, {1: 1, 2: 1, 3: 1, 4: 1, 5: 1, 6: 1, 7: 1, 8: 1, 9: 1, 10: 1, 11: 1}","PASS, {1: 1, 2: 1, 3: 1, 4: 1, 5: 1, 6: 1, 7: 1, 8: 1, 9: 1, 10: 1}","PASS , {1: 1, 2: 1, 3: 1, 4: 1, 5: 1, 6: 1, 7: 1, 8: 1} ","PASS , {1: 1, 2: 1, 3: 1, 4: 1} ",16:41:37_15-07-25
305,285,8002,004638,"BV25292310319 , T252716259 ",FF00FFA50010600D1FD0761C0106389901508C85000100C800300001000DDBCD0301839A8245009C0A10,PASS,"PASS, {1: 1, 2: 1, 3: 1, 4: 1, 5: 1, 6: 1, 7: 1, 8: 1, 9: 1, 10: 1, 11: 1}","PASS, {1: 1, 2: 1, 3: 1, 4: 1, 5: 1, 6: 1, 7: 1, 8: 1, 9: 1, 10: 1}","PASS , {1: 1, 2: 1, 3: 1, 4: 1, 5: 1, 6: 1, 7: 1, 8: 1} ","PASS , {1: 1, 2: 1, 3: 1, 4: 1} ",16:42:55_15-07-25
306,286,8002,004638,"BV25292310327 , T252716147 ",FF00FFA50010600D1FD0761C0106389901508C85000100C800300001000DDBCD0301839A8245009C0A10,PASS,"PASS, {1: 1, 2: 1, 3: 1, 4: 1, 5: 1, 6: 1, 7: 1, 8: 1, 9: 1, 10: 1, 11: 1}","PASS, {1: 1, 2: 1, 3: 1, 4: 1, 5: 1, 6: 1, 7: 1, 8: 1, 9: 1, 10: 1}","PASS , {1: 1, 2: 1, 3: 1, 4: 1, 5: 1, 6: 1, 7: 1, 8: 1} ","PASS , {1: 1, 2: 1, 3: 1, 4: 1} ",16:44:06_15-07-25
307,287,8002,004638,"BV25292310318 , T252716270 ",FF00FFA50010600D1FD0761C0106389901508C85000100C800300001000DDBCD0301839A8245009C0A10,PASS,"PASS, {1: 1, 2: 1, 3: 1, 4: 1, 5: 1, 6: 1, 7: 1, 8: 1, 9: 1, 10: 1, 11: 1}","PASS, {1: 1, 2: 1, 3: 1, 4: 1, 5: 1, 6: 1, 7: 1, 8: 1, 9: 1, 10: 1}","PASS , {1: 1, 2: 1, 3: 1, 4: 1, 5: 1, 6: 1, 7: 1, 8: 1} ","PASS , {1: 1, 2: 1, 3: 1, 4: 1} ",16:45:18_15-07-25
308,288,8002,004638,"BV25292310317 , T252716282 ",FF00FFA50010600D1FD0761C0106389901508C85000100C800300001000DDBCD0301839A8245009C0A10,PASS,"PASS, {1: 1, 2: 1, 3: 1, 4: 1, 5: 1, 6: 1, 7: 1, 8: 1, 9: 1, 10: 1, 11: 1}","PASS, {1: 1, 2: 1, 3: 1, 4: 1, 5: 1, 6: 1, 7: 1, 8: 1, 9: 1, 10: 1}","PASS , {1: 1, 2: 1, 3: 1, 4: 1, 5: 1, 6: 1, 7: 1, 8: 1} ","PASS , {1: 1, 2: 1, 3: 1, 4: 1} ",16:46:32_15-07-25
309,289,8002,004638,"BV25292310325 , T252716277 ",FF00FFA50010600D1FD0761C0106389901508C85000100C800300001000DDBCD0301839A8245009C0A10,PASS,"PASS, {1: 1, 2: 1, 3: 1, 4: 1, 5: 1, 6: 1, 7: 1, 8: 1, 9: 1, 10: 1, 11: 1}","PASS, {1: 1, 2: 1, 3: 1, 4: 1, 5: 1, 6: 1, 7: 1, 8: 1, 9: 1, 10: 1}","PASS , {1: 1, 2: 1, 3: 1, 4: 1, 5: 1, 6: 1, 7: 1, 8: 1} ","PASS , {1: 1, 2: 1, 3: 1, 4: 1} ",16:47:51_15-07-25
310,290,8002,004638,"BV25292310335 , T252802041 ",FF00FFA50010600D1FD0761C0106389901508C85000100C800300001000DDBCD0301839A8245009C0A10,PASS,"PASS, {1: 1, 2: 1, 3: 1, 4: 1, 5: 1, 6: 1, 7: 1, 8: 1, 9: 1, 10: 1, 11: 1}","PASS, {1: 1, 2: 1, 3: 1, 4: 1, 5: 1, 6: 1, 7: 1, 8: 1, 9: 1, 10: 1}","PASS , {1: 1, 2: 1, 3: 1, 4: 1, 5: 1, 6: 1, 7: 1, 8: 1} ","PASS , {1: 1, 2: 1, 3: 1, 4: 1} ",16:49:16_15-07-25
311,291,8002,004638,"BV25292310326 , T252716274 ",FF00FFA50010600D1FD0761C0106389901508C85000100C800300001000DDBCD0301839A8245009C0A10,PASS,"PASS, {1: 1, 2: 1, 3: 1, 4: 1, 5: 1, 6: 1, 7: 1, 8: 1, 9: 1, 10: 1, 11: 1}","PASS, {1: 1, 2: 1, 3: 1, 4: 1, 5: 1, 6: 1, 7: 1, 8: 1, 9: 1, 10: 1}","PASS , {1: 1, 2: 1, 3: 1, 4: 1, 5: 1, 6: 1, 7: 1, 8: 1} ","PASS , {1: 1, 2: 1, 3: 1, 4: 1} ",16:50:30_15-07-25
312,292,8002,004638,"BV25292310329 , T252716275 ",FF00FFA50010600D1FD0761C0106389901508C85000100C800300001000DDBCD0301839A8245009C0A10,PASS,"PASS, {1: 1, 2: 1, 3: 1, 4: 1, 5: 1, 6: 1, 7: 1, 8: 1, 9: 1, 10: 1, 11: 1}","PASS, {1: 1, 2: 1, 3: 1, 4: 1, 5: 1, 6: 1, 7: 1, 8: 1, 9: 1, 10: 1}","PASS , {1: 1, 2: 1, 3: 1, 4: 1, 5: 1, 6: 1, 7: 1, 8: 1} ","PASS , {1: 1, 2: 1, 3: 1, 4: 1} ",16:51:47_15-07-25
313,293,8002,004638,"BV25292310336 , T252802035 ",FF00FFA50010600D1FD0761C0106389901508C85000100C800300001000DDBCD0301839A8245009C0A10,PASS,"PASS, {1: 1, 2: 1, 3: 1, 4: 1, 5: 1, 6: 1, 7: 1, 8: 1, 9: 1, 10: 1, 11: 1}","PASS, {1: 1, 2: 1, 3: 1, 4: 1, 5: 1, 6: 1, 7: 1, 8: 1, 9: 1, 10: 1}","PASS , {1: 1, 2: 1, 3: 1, 4: 1, 5: 1, 6: 1, 7: 1, 8: 1} ","PASS , {1: 1, 2: 1, 3: 1, 4: 1} ",16:53:02_15-07-25
314,294,8002,004638,"BV25292310313 , T252716268 ",FF00FFA50010600D1FD0761C0106389901508C85000100C800300001000DDBCD0301839A8245009C0A10,PASS,"PASS, {1: 1, 2: 1, 3: 1, 4: 1, 5: 1, 6: 1, 7: 1, 8: 1, 9: 1, 10: 1, 11: 1}","PASS, {1: 1, 2: 1, 3: 1, 4: 1, 5: 1, 6: 1, 7: 1, 8: 1, 9: 1, 10: 1}","PASS , {1: 1, 2: 1, 3: 1, 4: 1, 5: 1, 6: 1, 7: 1, 8: 1} ","PASS , {1: 1, 2: 1, 3: 1, 4: 1} ",16:54:13_15-07-25
315,295,8002,004638,"BV25292310314 , T252716283 ",FF00FFA50010600D1FD0761C0106389901508C85000100C800300001000DDBCD0301839A8245009C0A10,PASS,"PASS, {1: 1, 2: 1, 3: 1, 4: 1, 5: 1, 6: 1, 7: 1, 8: 1, 9: 1, 10: 1, 11: 1}","PASS, {1: 1, 2: 1, 3: 1, 4: 1, 5: 1, 6: 1, 7: 1, 8: 1, 9: 1, 10: 1}","PASS , {1: 1, 2: 1, 3: 1, 4: 1, 5: 1, 6: 1, 7: 1, 8: 1} ","PASS , {1: 1, 2: 1, 3: 1, 4: 1} ",16:55:28_15-07-25
316,296,8002,004638,"BV25292310331 , T252802271 ",FF00FFA50010600D1FD0761C0106389901508C85000100C800300001000DDBCD0301839A8245009C0A10,PASS,"PASS, {1: 1, 2: 1, 3: 1, 4: 1, 5: 1, 6: 1, 7: 1, 8: 1, 9: 1, 10: 1, 11: 1}","PASS, {1: 1, 2: 1, 3: 1, 4: 1, 5: 1, 6: 1, 7: 1, 8: 1, 9: 1, 10: 1}","PASS , {1: 1, 2: 1, 3: 1, 4: 1, 5: 1, 6: 1, 7: 1, 8: 1} ","PASS , {1: 1, 2: 1, 3: 1, 4: 1} ",16:56:51_15-07-25
317,297,8002,004638,"BV25292310333 , T252802034 ",FF00FFA50010600D1FD0761C0106389901508C85000100C800300001000DDBCD0301839A8245009C0A10,PASS,"PASS, {1: 1, 2: 1, 3: 1, 4: 1, 5: 1, 6: 1, 7: 1, 8: 1, 9: 1, 10: 1, 11: 1}","PASS, {1: 1, 2: 1, 3: 1, 4: 1, 5: 1, 6: 1, 7: 1, 8: 1, 9: 1, 10: 1}","PASS , {1: 1, 2: 1, 3: 1, 4: 1, 5: 1, 6: 1, 7: 1, 8: 1} ","PASS , {1: 1, 2: 1, 3: 1, 4: 1} ",16:58:04_15-07-25
318,298,8002,004638,"BV25292310334 , T252802044 ",FF00FFA50010600D1FD0761C0106389901508C85000100C800300001000DDBCD0301839A8245009C0A10,PASS,"PASS, {1: 1, 2: 1, 3: 1, 4: 1, 5: 1, 6: 1, 7: 1, 8: 1, 9: 1, 10: 1, 11: 1}","PASS, {1: 1, 2: 1, 3: 1, 4: 1, 5: 1, 6: 1, 7: 1, 8: 1, 9: 1, 10: 1}","PASS , {1: 1, 2: 1, 3: 1, 4: 1, 5: 1, 6: 1, 7: 1, 8: 1} ","PASS , {1: 1, 2: 1, 3: 1, 4: 1} ",17:04:15_15-07-25
319,298,8002,004638,"BV25292310276 , T252716339 ",FF00FFA50010600D1FD0761C0106389901508C85000100C800300001000DDBCD0301839A8245009C0A10,PASS,"PASS, {1: 1, 2: 1, 3: 1, 4: 1, 5: 1, 6: 1, 7: 1, 8: 1, 9: 1, 10: 1, 11: 1}","PASS, {1: 1, 2: 1, 3: 1, 4: 1, 5: 1, 6: 1, 7: 1, 8: 1, 9: 1, 10: 1}","FAIL , {1: 1, 2: 1, 3: 1, 4: 0, 5: 1, 6: 1, 7: 1, 8: 1} ","PASS , {1: 1, 2: 1, 3: 1, 4: 1} ",17:05:32_15-07-25
320,299,8002,004638,"BV25292310282 , T252716361 ",FF00FFA50010600D1FD0761C0106389901508C85000100C800300001000DDBCD0301839A8245009C0A10,PASS,"PASS, {1: 1, 2: 1, 3: 1, 4: 1, 5: 1, 6: 1, 7: 1, 8: 1, 9: 1, 10: 1, 11: 1}","PASS, {1: 1, 2: 1, 3: 1, 4: 1, 5: 1, 6: 1, 7: 1, 8: 1, 9: 1, 10: 1}","PASS , {1: 1, 2: 1, 3: 1, 4: 1, 5: 1, 6: 1, 7: 1, 8: 1} ","PASS , {1: 1, 2: 1, 3: 1, 4: 1} ",17:06:43_15-07-25
321,300,8002,004638,"BV25292310276 , T252716339 ",FF00FFA50010600D1FD0761C0106389901508C85000100C800300001000DDBCD0301839A8245009C0A10,PASS,"PASS, {1: 1, 2: 1, 3: 1, 4: 1, 5: 1, 6: 1, 7: 1, 8: 1, 9: 1, 10: 1, 11: 1}","PASS, {1: 1, 2: 1, 3: 1, 4: 1, 5: 1, 6: 1, 7: 1, 8: 1, 9: 1, 10: 1}","PASS , {1: 1, 2: 1, 3: 1, 4: 1, 5: 1, 6: 1, 7: 1, 8: 1} ","PASS , {1: 1, 2: 1, 3: 1, 4: 1} ",17:08:02_15-07-25
322,301,8002,004638,"BV25292310316 , T252716280 ",FF00FFA50010600D1FD0761C0106389901508C85000100C800300001000DDBCD0301839A8245009C0A10,PASS,"PASS, {1: 1, 2: 1, 3: 1, 4: 1, 5: 1, 6: 1, 7: 1, 8: 1, 9: 1, 10: 1, 11: 1}","PASS, {1: 1, 2: 1, 3: 1, 4: 1, 5: 1, 6: 1, 7: 1, 8: 1, 9: 1, 10: 1}","PASS , {1: 1, 2: 1, 3: 1, 4: 1, 5: 1, 6: 1, 7: 1, 8: 1} ","PASS , {1: 1, 2: 1, 3: 1, 4: 1} ",17:10:11_15-07-25
323,301,8002,004638,"BV25292310052 , T252716408 ",FF00FFA50010600D1FD0761C0106389901508C85000100000000000000000000000000000000000004DE,FAIL,"PASS, {1: 1, 2: 1, 3: 1, 4: 1, 5: 1, 6: 1, 7: 1, 8: 1, 9: 1, 10: 1, 11: 1}","PASS, {1: 1, 2: 1, 3: 1, 4: 1, 5: 1, 6: 1, 7: 1, 8: 1, 9: 1, 10: 1}","PASS , {1: 1, 2: 1, 3: 1, 4: 1, 5: 1, 6: 1, 7: 1, 8: 1} ","PASS , {1: 1, 2: 1, 3: 1, 4: 1} ",17:11:56_15-07-25
324,302,8002,004638,"BV25292310149 , T252802177 ",FF00FFA50010600D1FD0761C0106389901508C85000100C800300001000DDBCD0301839A8245009C0A10,PASS,"PASS, {1: 1, 2: 1, 3: 1, 4: 1, 5: 1, 6: 1, 7: 1, 8: 1, 9: 1, 10: 1, 11: 1}","PASS, {1: 1, 2: 1, 3: 1, 4: 1, 5: 1, 6: 1, 7: 1, 8: 1, 9: 1, 10: 1}","PASS , {1: 1, 2: 1, 3: 1, 4: 1, 5: 1, 6: 1, 7: 1, 8: 1} ","PASS , {1: 1, 2: 1, 3: 1, 4: 1} ",17:13:09_15-07-25
325,303,8002,004638,"BV25292310080 , T252802059 ",FF00FFA50010600D1FD0761C0106389901508C85000100C800300001000DDBCD0301839A8245009C0A10,PASS,"PASS, {1: 1, 2: 1, 3: 1, 4: 1, 5: 1, 6: 1, 7: 1, 8: 1, 9: 1, 10: 1, 11: 1}","PASS, {1: 1, 2: 1, 3: 1, 4: 1, 5: 1, 6: 1, 7: 1, 8: 1, 9: 1, 10: 1}","PASS , {1: 1, 2: 1, 3: 1, 4: 1, 5: 1, 6: 1, 7: 1, 8: 1} ","PASS , {1: 1, 2: 1, 3: 1, 4: 1} ",17:14:28_15-07-25
326,303,8002,004638,"BV25292310051 , T252716295 ",FF00FFA50010600D1FD0761C0106389901508C85000100000000000000000000000000000000000004DE,FAIL,"PASS, {1: 1, 2: 1, 3: 1, 4: 1, 5: 1, 6: 1, 7: 1, 8: 1, 9: 1, 10: 1, 11: 1}","PASS, {1: 1, 2: 1, 3: 1, 4: 1, 5: 1, 6: 1, 7: 1, 8: 1, 9: 1, 10: 1}","PASS , {1: 1, 2: 1, 3: 1, 4: 1, 5: 1, 6: 1, 7: 1, 8: 1} ","PASS , {1: 1, 2: 1, 3: 1, 4: 1} ",17:17:49_15-07-25
327,304,8002,004638,"BV25292310180 , T252802101 ",FF00FFA50010600D1FD0761C0106389901508C85000100C800300001000DDBCD0301839A8245009C0A10,PASS,"PASS, {1: 1, 2: 1, 3: 1, 4: 1, 5: 1, 6: 1, 7: 1, 8: 1, 9: 1, 10: 1, 11: 1}","PASS, {1: 1, 2: 1, 3: 1, 4: 1, 5: 1, 6: 1, 7: 1, 8: 1, 9: 1, 10: 1}","PASS , {1: 1, 2: 1, 3: 1, 4: 1, 5: 1, 6: 1, 7: 1, 8: 1} ","PASS , {1: 1, 2: 1, 3: 1, 4: 1} ",17:21:15_15-07-25
328,304,8002,004638,"BV25292310052 , T252716408 ",FF00FFA50010600D1FD0761C0106389901508C85000100000000000000000000000000000000000004DE,FAIL,"PASS, {1: 1, 2: 1, 3: 1, 4: 1, 5: 1, 6: 1, 7: 1, 8: 1, 9: 1, 10: 1, 11: 1}","PASS, {1: 1, 2: 1, 3: 1, 4: 1, 5: 1, 6: 1, 7: 1, 8: 1, 9: 1, 10: 1}","PASS , {1: 1, 2: 1, 3: 1, 4: 1, 5: 1, 6: 1, 7: 1, 8: 1} ","PASS , {1: 1, 2: 1, 3: 1, 4: 1} ",17:23:09_15-07-25
