ID_Prueba,ID,Numero Empleado,Numero Orden,"Codigos serial ,QR",Version Firmware,Comunicación232,Prueba LEDS,Prueba LCDS,Prueba pulsacion Botones,Prueba entradas digitales,Hora y Fecha
2449,2223,8002,004638,"BV25292312263 , T252211324 ",FF00FFA50010600D1FD0761C0106389901508C85000100C800300001000DDBCD0301839A8245009C0A10,PASS,"PASS, {1: 1, 2: 1, 3: 1, 4: 1, 5: 1, 6: 1, 7: 1, 8: 1, 9: 1, 10: 1, 11: 1}","FAIL, {1: 1, 2: 1, 3: 0, 4: 1, 5: 1, 6: 0, 7: 1, 8: 1, 9: 1, 10: 1}","PASS , {1: 1, 2: 1, 3: 1, 4: 1, 5: 1, 6: 1, 7: 1, 8: 1} ","PASS , {1: 1, 2: 1, 3: 1, 4: 1} ",10:53:37_29-07-25
2450,2224,8002,004638,"BV25292312262 , T252210840 ",FF00FFA50010600D1FD0761C0106389901508C85000100C800300001000DDBCD0301839A8245009C0A10,PASS,"PASS, {1: 1, 2: 1, 3: 1, 4: 1, 5: 1, 6: 1, 7: 1, 8: 1, 9: 1, 10: 1, 11: 1}","PASS, {1: 1, 2: 1, 3: 1, 4: 1, 5: 1, 6: 1, 7: 1, 8: 1, 9: 1, 10: 1}","PASS , {1: 1, 2: 1, 3: 1, 4: 1, 5: 1, 6: 1, 7: 1, 8: 1} ","PASS , {1: 1, 2: 1, 3: 1, 4: 1} ",10:55:32_29-07-25
2451,2225,8002,004638,"BV25292312260 , T252208974 ",FF00FFA50010600D1FD0761C0106389901508C85000100C800300001000DDBCD0301839A8245009C0A10,PASS,"PASS, {1: 1, 2: 1, 3: 1, 4: 1, 5: 1, 6: 1, 7: 1, 8: 1, 9: 1, 10: 1, 11: 1}","PASS, {1: 1, 2: 1, 3: 1, 4: 1, 5: 1, 6: 1, 7: 1, 8: 1, 9: 1, 10: 1}","PASS , {1: 1, 2: 1, 3: 1, 4: 1, 5: 1, 6: 1, 7: 1, 8: 1} ","PASS , {1: 1, 2: 1, 3: 1, 4: 1} ",10:57:48_29-07-25
2452,2226,8002,004638,"BV25292312257 , T252211168 ",FF00FFA50010600D1FD0761C0106389901508C85000100C800300001000DDBCD0301839A8245009C0A10,PASS,"PASS, {1: 1, 2: 1, 3: 1, 4: 1, 5: 1, 6: 1, 7: 1, 8: 1, 9: 1, 10: 1, 11: 1}","PASS, {1: 1, 2: 1, 3: 1, 4: 1, 5: 1, 6: 1, 7: 1, 8: 1, 9: 1, 10: 1}","PASS , {1: 1, 2: 1, 3: 1, 4: 1, 5: 1, 6: 1, 7: 1, 8: 1} ","PASS , {1: 1, 2: 1, 3: 1, 4: 1} ",10:59:03_29-07-25
2453,2227,8002,004638,"BV25292312258 , T252211174 ",FF00FFA50010600D1FD0761C0106389901508C85000100C800300001000DDBCD0301839A8245009C0A10,PASS,"PASS, {1: 1, 2: 1, 3: 1, 4: 1, 5: 1, 6: 1, 7: 1, 8: 1, 9: 1, 10: 1, 11: 1}","PASS, {1: 1, 2: 1, 3: 1, 4: 1, 5: 1, 6: 1, 7: 1, 8: 1, 9: 1, 10: 1}","PASS , {1: 1, 2: 1, 3: 1, 4: 1, 5: 1, 6: 1, 7: 1, 8: 1} ","PASS , {1: 1, 2: 1, 3: 1, 4: 1} ",11:00:12_29-07-25
2454,2228,8002,004638,"BV25292312256 , T252209280 ",FF00FFA50010600D1FD0761C0106389901508C85000100C800300001000DDBCD0301839A8245009C0A10,PASS,"PASS, {1: 1, 2: 1, 3: 1, 4: 1, 5: 1, 6: 1, 7: 1, 8: 1, 9: 1, 10: 1, 11: 1}","PASS, {1: 1, 2: 1, 3: 1, 4: 1, 5: 1, 6: 1, 7: 1, 8: 1, 9: 1, 10: 1}","PASS , {1: 1, 2: 1, 3: 1, 4: 1, 5: 1, 6: 1, 7: 1, 8: 1} ","PASS , {1: 1, 2: 1, 3: 1, 4: 1} ",11:01:20_29-07-25
2455,2229,8002,004638,"BV25292312253 , T252208979 ",FF00FFA50010600D1FD0761C0106389901508C85000100C800300001000DDBCD0301839A8245009C0A10,PASS,"PASS, {1: 1, 2: 1, 3: 1, 4: 1, 5: 1, 6: 1, 7: 1, 8: 1, 9: 1, 10: 1, 11: 1}","PASS, {1: 1, 2: 1, 3: 1, 4: 1, 5: 1, 6: 1, 7: 1, 8: 1, 9: 1, 10: 1}","PASS , {1: 1, 2: 1, 3: 1, 4: 1, 5: 1, 6: 1, 7: 1, 8: 1} ","PASS , {1: 1, 2: 1, 3: 1, 4: 1} ",11:02:29_29-07-25
2456,2230,8002,004638,"BV25292312254 , T252209787 ",FF00FFA50010600D1FD0761C0106389901508C85000100C800300001000DDBCD0301839A8245009C0A10,PASS,"PASS, {1: 1, 2: 1, 3: 1, 4: 1, 5: 1, 6: 1, 7: 1, 8: 1, 9: 1, 10: 1, 11: 1}","PASS, {1: 1, 2: 1, 3: 1, 4: 1, 5: 1, 6: 1, 7: 1, 8: 1, 9: 1, 10: 1}","PASS , {1: 1, 2: 1, 3: 1, 4: 1, 5: 1, 6: 1, 7: 1, 8: 1} ","PASS , {1: 1, 2: 1, 3: 1, 4: 1} ",11:03:39_29-07-25
2457,2231,8002,004638,"BV25292312252 , T252208976 ",FF00FFA50010600D1FD0761C0106389901508C85000100C800300001000DDBCD0301839A8245009C0A10,PASS,"PASS, {1: 1, 2: 1, 3: 1, 4: 1, 5: 1, 6: 1, 7: 1, 8: 1, 9: 1, 10: 1, 11: 1}","PASS, {1: 1, 2: 1, 3: 1, 4: 1, 5: 1, 6: 1, 7: 1, 8: 1, 9: 1, 10: 1}","PASS , {1: 1, 2: 1, 3: 1, 4: 1, 5: 1, 6: 1, 7: 1, 8: 1} ","PASS , {1: 1, 2: 1, 3: 1, 4: 1} ",11:04:48_29-07-25
2458,2232,8002,004638,"BV25292312246 , T252209959 ",FF00FFA50010600D1FD0761C0106389901508C85000100C800300001000DDBCD0301839A8245009C0A10,PASS,"PASS, {1: 1, 2: 1, 3: 1, 4: 1, 5: 1, 6: 1, 7: 1, 8: 1, 9: 1, 10: 1, 11: 1}","PASS, {1: 1, 2: 1, 3: 1, 4: 1, 5: 1, 6: 1, 7: 1, 8: 1, 9: 1, 10: 1}","PASS , {1: 1, 2: 1, 3: 1, 4: 1, 5: 1, 6: 1, 7: 1, 8: 1} ","PASS , {1: 1, 2: 1, 3: 1, 4: 1} ",11:05:58_29-07-25
2459,2233,8002,004638,"BV25292312247 , T252211408 ",FF00FFA50010600D1FD0761C0106389901508C85000100C800300001000DDBCD0301839A8245009C0A10,PASS,"PASS, {1: 1, 2: 1, 3: 1, 4: 1, 5: 1, 6: 1, 7: 1, 8: 1, 9: 1, 10: 1, 11: 1}","PASS, {1: 1, 2: 1, 3: 1, 4: 1, 5: 1, 6: 1, 7: 1, 8: 1, 9: 1, 10: 1}","PASS , {1: 1, 2: 1, 3: 1, 4: 1, 5: 1, 6: 1, 7: 1, 8: 1} ","PASS , {1: 1, 2: 1, 3: 1, 4: 1} ",11:07:18_29-07-25
2460,2234,8002,004638,"BV25292312248 , T252209950 ",FF00FFA50010600D1FD0761C0106389901508C85000100C800300001000DDBCD0301839A8245009C0A10,PASS,"PASS, {1: 1, 2: 1, 3: 1, 4: 1, 5: 1, 6: 1, 7: 1, 8: 1, 9: 1, 10: 1, 11: 1}","PASS, {1: 1, 2: 1, 3: 1, 4: 1, 5: 1, 6: 1, 7: 1, 8: 1, 9: 1, 10: 1}","PASS , {1: 1, 2: 1, 3: 1, 4: 1, 5: 1, 6: 1, 7: 1, 8: 1} ","PASS , {1: 1, 2: 1, 3: 1, 4: 1} ",11:08:30_29-07-25
2461,2235,8002,004638,"BV25292312271 , T252208980 ",FF00FFA50010600D1FD0761C0106389901508C85000100C800300001000DDBCD0301839A8245009C0A10,PASS,"PASS, {1: 1, 2: 1, 3: 1, 4: 1, 5: 1, 6: 1, 7: 1, 8: 1, 9: 1, 10: 1, 11: 1}","PASS, {1: 1, 2: 1, 3: 1, 4: 1, 5: 1, 6: 1, 7: 1, 8: 1, 9: 1, 10: 1}","PASS , {1: 1, 2: 1, 3: 1, 4: 1, 5: 1, 6: 1, 7: 1, 8: 1} ","PASS , {1: 1, 2: 1, 3: 1, 4: 1} ",11:09:40_29-07-25
2462,2236,8002,004638,"BV25292312273 , T252209958 ",FF00FFA50010600D1FD0761C0106389901508C85000100C800300001000DDBCD0301839A8245009C0A10,PASS,"PASS, {1: 1, 2: 1, 3: 1, 4: 1, 5: 1, 6: 1, 7: 1, 8: 1, 9: 1, 10: 1, 11: 1}","PASS, {1: 1, 2: 1, 3: 1, 4: 1, 5: 1, 6: 1, 7: 1, 8: 1, 9: 1, 10: 1}","PASS , {1: 1, 2: 1, 3: 1, 4: 1, 5: 1, 6: 1, 7: 1, 8: 1} ","PASS , {1: 1, 2: 1, 3: 1, 4: 1} ",11:10:48_29-07-25
2463,2237,8002,004638,"BV25292312259 , T252211323 ",FF00FFA50010600D1FD0761C0106389901508C85000100C800300001000DDBCD0301839A8245009C0A10,PASS,"PASS, {1: 1, 2: 1, 3: 1, 4: 1, 5: 1, 6: 1, 7: 1, 8: 1, 9: 1, 10: 1, 11: 1}","PASS, {1: 1, 2: 1, 3: 1, 4: 1, 5: 1, 6: 1, 7: 1, 8: 1, 9: 1, 10: 1}","PASS , {1: 1, 2: 1, 3: 1, 4: 1, 5: 1, 6: 1, 7: 1, 8: 1} ","PASS , {1: 1, 2: 1, 3: 1, 4: 1} ",11:11:57_29-07-25
2464,2238,8002,004638,"BV25292312276 , T252209953 ",FF00FFA50010600D1FD0761C0106389901508C85000100C800300001000DDBCD0301839A8245009C0A10,PASS,"PASS, {1: 1, 2: 1, 3: 1, 4: 1, 5: 1, 6: 1, 7: 1, 8: 1, 9: 1, 10: 1, 11: 1}","PASS, {1: 1, 2: 1, 3: 1, 4: 1, 5: 1, 6: 1, 7: 1, 8: 1, 9: 1, 10: 1}","PASS , {1: 1, 2: 1, 3: 1, 4: 1, 5: 1, 6: 1, 7: 1, 8: 1} ","PASS , {1: 1, 2: 1, 3: 1, 4: 1} ",11:13:07_29-07-25
2465,2239,8002,004638,"BV25292312275 , T252209756 ",FF00FFA50010600D1FD0761C0106389901508C85000100C800300001000DDBCD0301839A8245009C0A10,PASS,"PASS, {1: 1, 2: 1, 3: 1, 4: 1, 5: 1, 6: 1, 7: 1, 8: 1, 9: 1, 10: 1, 11: 1}","PASS, {1: 1, 2: 1, 3: 1, 4: 1, 5: 1, 6: 1, 7: 1, 8: 1, 9: 1, 10: 1}","PASS , {1: 1, 2: 1, 3: 1, 4: 1, 5: 1, 6: 1, 7: 1, 8: 1} ","PASS , {1: 1, 2: 1, 3: 1, 4: 1} ",11:14:15_29-07-25
2466,2240,8002,004638,"BV25292312264 , T252210400 ",FF00FFA50010600D1FD0761C0106389901508C85000100C800300001000DDBCD0301839A8245009C0A10,PASS,"PASS, {1: 1, 2: 1, 3: 1, 4: 1, 5: 1, 6: 1, 7: 1, 8: 1, 9: 1, 10: 1, 11: 1}","PASS, {1: 1, 2: 1, 3: 1, 4: 1, 5: 1, 6: 1, 7: 1, 8: 1, 9: 1, 10: 1}","PASS , {1: 1, 2: 1, 3: 1, 4: 1, 5: 1, 6: 1, 7: 1, 8: 1} ","PASS , {1: 1, 2: 1, 3: 1, 4: 1} ",11:15:24_29-07-25
2467,2241,8002,004638,"BV25292312265 , T252211169 ",FF00FFA50010600D1FD0761C0106389901508C85000100C800300001000DDBCD0301839A8245009C0A10,PASS,"PASS, {1: 1, 2: 1, 3: 1, 4: 1, 5: 1, 6: 1, 7: 1, 8: 1, 9: 1, 10: 1, 11: 1}","PASS, {1: 1, 2: 1, 3: 1, 4: 1, 5: 1, 6: 1, 7: 1, 8: 1, 9: 1, 10: 1}","PASS , {1: 1, 2: 1, 3: 1, 4: 1, 5: 1, 6: 1, 7: 1, 8: 1} ","PASS , {1: 1, 2: 1, 3: 1, 4: 1} ",11:16:32_29-07-25
2468,2242,8002,004638,"BV25292312266 , T252211500 ",FF00FFA50010600D1FD0761C0106389901508C85000100C800300001000DDBCD0301839A8245009C0A10,PASS,"PASS, {1: 1, 2: 1, 3: 1, 4: 1, 5: 1, 6: 1, 7: 1, 8: 1, 9: 1, 10: 1, 11: 1}","PASS, {1: 1, 2: 1, 3: 1, 4: 1, 5: 1, 6: 1, 7: 1, 8: 1, 9: 1, 10: 1}","PASS , {1: 1, 2: 1, 3: 1, 4: 1, 5: 1, 6: 1, 7: 1, 8: 1} ","PASS , {1: 1, 2: 1, 3: 1, 4: 1} ",11:17:42_29-07-25
2469,2243,8002,004638,"BV25292312278 , T252210280 ",FF00FFA50010600D1FD0761C0106389901508C85000100C800300001000DDBCD0301839A8245009C0A10,PASS,"PASS, {1: 1, 2: 1, 3: 1, 4: 1, 5: 1, 6: 1, 7: 1, 8: 1, 9: 1, 10: 1, 11: 1}","PASS, {1: 1, 2: 1, 3: 1, 4: 1, 5: 1, 6: 1, 7: 1, 8: 1, 9: 1, 10: 1}","PASS , {1: 1, 2: 1, 3: 1, 4: 1, 5: 1, 6: 1, 7: 1, 8: 1} ","PASS , {1: 1, 2: 1, 3: 1, 4: 1} ",11:18:52_29-07-25
2470,2244,8002,004638,"BV25292312280 , T252209831 ",FF00FFA50010600D1FD0761C0106389901508C85000100C800300001000DDBCD0301839A8245009C0A10,PASS,"PASS, {1: 1, 2: 1, 3: 1, 4: 1, 5: 1, 6: 1, 7: 1, 8: 1, 9: 1, 10: 1, 11: 1}","PASS, {1: 1, 2: 1, 3: 1, 4: 1, 5: 1, 6: 1, 7: 1, 8: 1, 9: 1, 10: 1}","PASS , {1: 1, 2: 1, 3: 1, 4: 1, 5: 1, 6: 1, 7: 1, 8: 1} ","PASS , {1: 1, 2: 1, 3: 1, 4: 1} ",11:20:02_29-07-25
2471,2245,8002,004638,"BV25292312282 , T253013615 ",FF00FFA50010600D1FD0761C0106389901508C85000100C800300001000DDBCD0301839A8245009C0A10,PASS,"PASS, {1: 1, 2: 1, 3: 1, 4: 1, 5: 1, 6: 1, 7: 1, 8: 1, 9: 1, 10: 1, 11: 1}","PASS, {1: 1, 2: 1, 3: 1, 4: 1, 5: 1, 6: 1, 7: 1, 8: 1, 9: 1, 10: 1}","PASS , {1: 1, 2: 1, 3: 1, 4: 1, 5: 1, 6: 1, 7: 1, 8: 1} ","PASS , {1: 1, 2: 1, 3: 1, 4: 1} ",11:21:10_29-07-25
2472,2246,8002,004638,"BV25292312284 , T253013609 ",FF00FFA50010600D1FD0761C0106389901508C85000100C800300001000DDBCD0301839A8245009C0A10,PASS,"PASS, {1: 1, 2: 1, 3: 1, 4: 1, 5: 1, 6: 1, 7: 1, 8: 1, 9: 1, 10: 1, 11: 1}","PASS, {1: 1, 2: 1, 3: 1, 4: 1, 5: 1, 6: 1, 7: 1, 8: 1, 9: 1, 10: 1}","PASS , {1: 1, 2: 1, 3: 1, 4: 1, 5: 1, 6: 1, 7: 1, 8: 1} ","PASS , {1: 1, 2: 1, 3: 1, 4: 1} ",11:22:21_29-07-25
2473,2247,8002,004638,"BV25292312285 , T253013596 ",FF00FFA50010600D1FD0761C0106389901508C85000100C800300001000DDBCD0301839A8245009C0A10,PASS,"PASS, {1: 1, 2: 1, 3: 1, 4: 1, 5: 1, 6: 1, 7: 1, 8: 1, 9: 1, 10: 1, 11: 1}","PASS, {1: 1, 2: 1, 3: 1, 4: 1, 5: 1, 6: 1, 7: 1, 8: 1, 9: 1, 10: 1}","PASS , {1: 1, 2: 1, 3: 1, 4: 1, 5: 1, 6: 1, 7: 1, 8: 1} ","PASS , {1: 1, 2: 1, 3: 1, 4: 1} ",11:23:31_29-07-25
2474,2248,8002,004638,"BV25292312286 , T253013617 ",FF00FFA50010600D1FD0761C0106389901508C85000100C800300001000DDBCD0301839A8245009C0A10,PASS,"PASS, {1: 1, 2: 1, 3: 1, 4: 1, 5: 1, 6: 1, 7: 1, 8: 1, 9: 1, 10: 1, 11: 1}","PASS, {1: 1, 2: 1, 3: 1, 4: 1, 5: 1, 6: 1, 7: 1, 8: 1, 9: 1, 10: 1}","PASS , {1: 1, 2: 1, 3: 1, 4: 1, 5: 1, 6: 1, 7: 1, 8: 1} ","PASS , {1: 1, 2: 1, 3: 1, 4: 1} ",11:24:40_29-07-25
2475,2248,8002,004638,"BV25292312288 , T253013603 ",FF00FFA50010600D1FD0761C0106389901508C85000100C800300001000DDBCD0301839A8245009C0A10,PASS,"PASS, {1: 1, 2: 1, 3: 1, 4: 1, 5: 1, 6: 1, 7: 1, 8: 1, 9: 1, 10: 1, 11: 1}","PASS, {1: 1, 2: 1, 3: 1, 4: 1, 5: 1, 6: 1, 7: 1, 8: 1, 9: 1, 10: 1}","FAIL , {1: 1, 2: 1, 3: 1, 4: 1, 5: 1, 6: 0, 7: 1, 8: 1} ","PASS , {1: 1, 2: 1, 3: 1, 4: 1} ",11:25:54_29-07-25
2476,2249,8002,004638,"BV25292312283 , T253013616 ",FF00FFA50010600D1FD0761C0106389901508C85000100C800300001000DDBCD0301839A8245009C0A10,PASS,"PASS, {1: 1, 2: 1, 3: 1, 4: 1, 5: 1, 6: 1, 7: 1, 8: 1, 9: 1, 10: 1, 11: 1}","PASS, {1: 1, 2: 1, 3: 1, 4: 1, 5: 1, 6: 1, 7: 1, 8: 1, 9: 1, 10: 1}","PASS , {1: 1, 2: 1, 3: 1, 4: 1, 5: 1, 6: 1, 7: 1, 8: 1} ","PASS , {1: 1, 2: 1, 3: 1, 4: 1} ",11:27:04_29-07-25
2477,2250,8002,004638,"BV25292312291 , T253013594 ",FF00FFA50010600D1FD0761C0106389901508C85000100C800300001000DDBCD0301839A8245009C0A10,PASS,"PASS, {1: 1, 2: 1, 3: 1, 4: 1, 5: 1, 6: 1, 7: 1, 8: 1, 9: 1, 10: 1, 11: 1}","PASS, {1: 1, 2: 1, 3: 1, 4: 1, 5: 1, 6: 1, 7: 1, 8: 1, 9: 1, 10: 1}","PASS , {1: 1, 2: 1, 3: 1, 4: 1, 5: 1, 6: 1, 7: 1, 8: 1} ","PASS , {1: 1, 2: 1, 3: 1, 4: 1} ",11:28:15_29-07-25
2478,2251,8002,004638,"BV25292312292 , T253013518 ",FF00FFA50010600D1FD0761C0106389901508C85000100C800300001000DDBCD0301839A8245009C0A10,PASS,"PASS, {1: 1, 2: 1, 3: 1, 4: 1, 5: 1, 6: 1, 7: 1, 8: 1, 9: 1, 10: 1, 11: 1}","PASS, {1: 1, 2: 1, 3: 1, 4: 1, 5: 1, 6: 1, 7: 1, 8: 1, 9: 1, 10: 1}","PASS , {1: 1, 2: 1, 3: 1, 4: 1, 5: 1, 6: 1, 7: 1, 8: 1} ","PASS , {1: 1, 2: 1, 3: 1, 4: 1} ",11:29:23_29-07-25
2479,2252,8002,004638,"BV25292312293 , T253013519 ",FF00FFA50010600D1FD0761C0106389901508C85000100C800300001000DDBCD0301839A8245009C0A10,PASS,"PASS, {1: 1, 2: 1, 3: 1, 4: 1, 5: 1, 6: 1, 7: 1, 8: 1, 9: 1, 10: 1, 11: 1}","PASS, {1: 1, 2: 1, 3: 1, 4: 1, 5: 1, 6: 1, 7: 1, 8: 1, 9: 1, 10: 1}","PASS , {1: 1, 2: 1, 3: 1, 4: 1, 5: 1, 6: 1, 7: 1, 8: 1} ","PASS , {1: 1, 2: 1, 3: 1, 4: 1} ",11:30:36_29-07-25
2480,2253,8002,004638,"BV25292312295 , T253013347 ",FF00FFA50010600D1FD0761C0106389901508C85000100C800300001000DDBCD0301839A8245009C0A10,PASS,"PASS, {1: 1, 2: 1, 3: 1, 4: 1, 5: 1, 6: 1, 7: 1, 8: 1, 9: 1, 10: 1, 11: 1}","PASS, {1: 1, 2: 1, 3: 1, 4: 1, 5: 1, 6: 1, 7: 1, 8: 1, 9: 1, 10: 1}","PASS , {1: 1, 2: 1, 3: 1, 4: 1, 5: 1, 6: 1, 7: 1, 8: 1} ","PASS , {1: 1, 2: 1, 3: 1, 4: 1} ",11:31:45_29-07-25
2481,2254,8002,004638,"BV25292312290 , T253013010 ",FF00FFA50010600D1FD0761C0106389901508C85000100C800300001000DDBCD0301839A8245009C0A10,PASS,"PASS, {1: 1, 2: 1, 3: 1, 4: 1, 5: 1, 6: 1, 7: 1, 8: 1, 9: 1, 10: 1, 11: 1}","PASS, {1: 1, 2: 1, 3: 1, 4: 1, 5: 1, 6: 1, 7: 1, 8: 1, 9: 1, 10: 1}","PASS , {1: 1, 2: 1, 3: 1, 4: 1, 5: 1, 6: 1, 7: 1, 8: 1} ","PASS , {1: 1, 2: 1, 3: 1, 4: 1} ",11:32:58_29-07-25
2482,2254,8002,004638,"BV25292312281 , T252209284 ",FF00FFA50010600D1FD0761C0106389901508C85000100000000000000000000000000000000000004DE,FAIL,"PASS, {1: 1, 2: 1, 3: 1, 4: 1, 5: 1, 6: 1, 7: 1, 8: 1, 9: 1, 10: 1, 11: 1}","PASS, {1: 1, 2: 1, 3: 1, 4: 1, 5: 1, 6: 1, 7: 1, 8: 1, 9: 1, 10: 1}","PASS , {1: 1, 2: 1, 3: 1, 4: 1, 5: 1, 6: 1, 7: 1, 8: 1} ","PASS , {1: 1, 2: 1, 3: 1, 4: 1} ",11:34:07_29-07-25
2483,2255,8002,004638,"BV25292312299 , T253013592 ",FF00FFA50010600D1FD0761C0106389901508C85000100C800300001000DDBCD0301839A8245009C0A10,PASS,"PASS, {1: 1, 2: 1, 3: 1, 4: 1, 5: 1, 6: 1, 7: 1, 8: 1, 9: 1, 10: 1, 11: 1}","PASS, {1: 1, 2: 1, 3: 1, 4: 1, 5: 1, 6: 1, 7: 1, 8: 1, 9: 1, 10: 1}","PASS , {1: 1, 2: 1, 3: 1, 4: 1, 5: 1, 6: 1, 7: 1, 8: 1} ","PASS , {1: 1, 2: 1, 3: 1, 4: 1} ",11:35:18_29-07-25
2484,2255,8002,004638,"BV25292312279 , T252210838 ",FF00FFA50010600D1FD0761C0106389901508C85000100C800300001000DDBCD0301839A8245009C0A10,PASS,"PASS, {1: 1, 2: 1, 3: 1, 4: 1, 5: 1, 6: 1, 7: 1, 8: 1, 9: 1, 10: 1, 11: 1}","FAIL, {1: 0, 2: 1, 3: 1, 4: 1, 5: 1, 6: 1, 7: 1, 8: 1, 9: 1, 10: 1}","PASS , {1: 1, 2: 1, 3: 1, 4: 1, 5: 1, 6: 1, 7: 1, 8: 1} ","PASS , {1: 1, 2: 1, 3: 1, 4: 1} ",11:36:29_29-07-25
2485,2256,8002,004638,"BV25292312277 , T252210610 ",FF00FFA50010600D1FD0761C0106389901508C85000100C800300001000DDBCD0301839A8245009C0A10,PASS,"PASS, {1: 1, 2: 1, 3: 1, 4: 1, 5: 1, 6: 1, 7: 1, 8: 1, 9: 1, 10: 1, 11: 1}","PASS, {1: 1, 2: 1, 3: 1, 4: 1, 5: 1, 6: 1, 7: 1, 8: 1, 9: 1, 10: 1}","PASS , {1: 1, 2: 1, 3: 1, 4: 1, 5: 1, 6: 1, 7: 1, 8: 1} ","PASS , {1: 1, 2: 1, 3: 1, 4: 1} ",11:37:47_29-07-25
2486,2257,8002,004638,"BV25292312307 , T253013614 ",FF00FFA50010600D1FD0761C0106389901508C85000100C800300001000DDBCD0301839A8245009C0A10,PASS,"PASS, {1: 1, 2: 1, 3: 1, 4: 1, 5: 1, 6: 1, 7: 1, 8: 1, 9: 1, 10: 1, 11: 1}","PASS, {1: 1, 2: 1, 3: 1, 4: 1, 5: 1, 6: 1, 7: 1, 8: 1, 9: 1, 10: 1}","PASS , {1: 1, 2: 1, 3: 1, 4: 1, 5: 1, 6: 1, 7: 1, 8: 1} ","PASS , {1: 1, 2: 1, 3: 1, 4: 1} ",11:39:02_29-07-25
2487,2258,8002,004638,"BV25292312309 , T253013007 ",FF00FFA50010600D1FD0761C0106389901508C85000100C800300001000DDBCD0301839A8245009C0A10,PASS,"PASS, {1: 1, 2: 1, 3: 1, 4: 1, 5: 1, 6: 1, 7: 1, 8: 1, 9: 1, 10: 1, 11: 1}","PASS, {1: 1, 2: 1, 3: 1, 4: 1, 5: 1, 6: 1, 7: 1, 8: 1, 9: 1, 10: 1}","PASS , {1: 1, 2: 1, 3: 1, 4: 1, 5: 1, 6: 1, 7: 1, 8: 1} ","PASS , {1: 1, 2: 1, 3: 1, 4: 1} ",11:40:12_29-07-25
2488,2259,8002,004638,"BV25292312311 , T253013591 ",FF00FFA50010600D1FD0761C0106389901508C85000100C800300001000DDBCD0301839A8245009C0A10,PASS,"PASS, {1: 1, 2: 1, 3: 1, 4: 1, 5: 1, 6: 1, 7: 1, 8: 1, 9: 1, 10: 1, 11: 1}","PASS, {1: 1, 2: 1, 3: 1, 4: 1, 5: 1, 6: 1, 7: 1, 8: 1, 9: 1, 10: 1}","PASS , {1: 1, 2: 1, 3: 1, 4: 1, 5: 1, 6: 1, 7: 1, 8: 1} ","PASS , {1: 1, 2: 1, 3: 1, 4: 1} ",11:41:24_29-07-25
2489,2260,8002,004638,"BV25292312312 , T253013525 ",FF00FFA50010600D1FD0761C0106389901508C85000100C800300001000DDBCD0301839A8245009C0A10,PASS,"PASS, {1: 1, 2: 1, 3: 1, 4: 1, 5: 1, 6: 1, 7: 1, 8: 1, 9: 1, 10: 1, 11: 1}","PASS, {1: 1, 2: 1, 3: 1, 4: 1, 5: 1, 6: 1, 7: 1, 8: 1, 9: 1, 10: 1}","PASS , {1: 1, 2: 1, 3: 1, 4: 1, 5: 1, 6: 1, 7: 1, 8: 1} ","PASS , {1: 1, 2: 1, 3: 1, 4: 1} ",11:42:34_29-07-25
2490,2261,8002,004638,"BV25292312316 , T253013016 ",FF00FFA50010600D1FD0761C0106389901508C85000100C800300001000DDBCD0301839A8245009C0A10,PASS,"PASS, {1: 1, 2: 1, 3: 1, 4: 1, 5: 1, 6: 1, 7: 1, 8: 1, 9: 1, 10: 1, 11: 1}","PASS, {1: 1, 2: 1, 3: 1, 4: 1, 5: 1, 6: 1, 7: 1, 8: 1, 9: 1, 10: 1}","PASS , {1: 1, 2: 1, 3: 1, 4: 1, 5: 1, 6: 1, 7: 1, 8: 1} ","PASS , {1: 1, 2: 1, 3: 1, 4: 1} ",11:43:42_29-07-25
2491,2262,8002,004638,"BV25292312317 , T253013521 ",FF00FFA50010600D1FD0761C0106389901508C85000100C800300001000DDBCD0301839A8245009C0A10,PASS,"PASS, {1: 1, 2: 1, 3: 1, 4: 1, 5: 1, 6: 1, 7: 1, 8: 1, 9: 1, 10: 1, 11: 1}","PASS, {1: 1, 2: 1, 3: 1, 4: 1, 5: 1, 6: 1, 7: 1, 8: 1, 9: 1, 10: 1}","PASS , {1: 1, 2: 1, 3: 1, 4: 1, 5: 1, 6: 1, 7: 1, 8: 1} ","PASS , {1: 1, 2: 1, 3: 1, 4: 1} ",11:44:56_29-07-25
2492,2263,8002,004638,"BV25292312320 , T253013390 ",FF00FFA50010600D1FD0761C0106389901508C85000100C800300001000DDBCD0301839A8245009C0A10,PASS,"PASS, {1: 1, 2: 1, 3: 1, 4: 1, 5: 1, 6: 1, 7: 1, 8: 1, 9: 1, 10: 1, 11: 1}","PASS, {1: 1, 2: 1, 3: 1, 4: 1, 5: 1, 6: 1, 7: 1, 8: 1, 9: 1, 10: 1}","PASS , {1: 1, 2: 1, 3: 1, 4: 1, 5: 1, 6: 1, 7: 1, 8: 1} ","PASS , {1: 1, 2: 1, 3: 1, 4: 1} ",11:46:05_29-07-25
2493,2264,8002,004638,"BV25292312313 , T253013523 ",FF00FFA50010600D1FD0761C0106389901508C85000100C800300001000DDBCD0301839A8245009C0A10,PASS,"PASS, {1: 1, 2: 1, 3: 1, 4: 1, 5: 1, 6: 1, 7: 1, 8: 1, 9: 1, 10: 1, 11: 1}","PASS, {1: 1, 2: 1, 3: 1, 4: 1, 5: 1, 6: 1, 7: 1, 8: 1, 9: 1, 10: 1}","PASS , {1: 1, 2: 1, 3: 1, 4: 1, 5: 1, 6: 1, 7: 1, 8: 1} ","PASS , {1: 1, 2: 1, 3: 1, 4: 1} ",11:47:14_29-07-25
2494,2265,8002,004638,"BV25292312322 , T253013516 ",FF00FFA50010600D1FD0761C0106389901508C85000100C800300001000DDBCD0301839A8245009C0A10,PASS,"PASS, {1: 1, 2: 1, 3: 1, 4: 1, 5: 1, 6: 1, 7: 1, 8: 1, 9: 1, 10: 1, 11: 1}","PASS, {1: 1, 2: 1, 3: 1, 4: 1, 5: 1, 6: 1, 7: 1, 8: 1, 9: 1, 10: 1}","PASS , {1: 1, 2: 1, 3: 1, 4: 1, 5: 1, 6: 1, 7: 1, 8: 1} ","PASS , {1: 1, 2: 1, 3: 1, 4: 1} ",11:48:22_29-07-25
2495,2266,8002,004638,"BV25292312325 , T253013349 ",FF00FFA50010600D1FD0761C0106389901508C85000100C800300001000DDBCD0301839A8245009C0A10,PASS,"PASS, {1: 1, 2: 1, 3: 1, 4: 1, 5: 1, 6: 1, 7: 1, 8: 1, 9: 1, 10: 1, 11: 1}","PASS, {1: 1, 2: 1, 3: 1, 4: 1, 5: 1, 6: 1, 7: 1, 8: 1, 9: 1, 10: 1}","PASS , {1: 1, 2: 1, 3: 1, 4: 1, 5: 1, 6: 1, 7: 1, 8: 1} ","PASS , {1: 1, 2: 1, 3: 1, 4: 1} ",11:49:32_29-07-25
2496,2267,8002,004638,"BV25292312327 , T253013412 ",FF00FFA50010600D1FD0761C0106389901508C85000100C800300001000DDBCD0301839A8245009C0A10,PASS,"PASS, {1: 1, 2: 1, 3: 1, 4: 1, 5: 1, 6: 1, 7: 1, 8: 1, 9: 1, 10: 1, 11: 1}","PASS, {1: 1, 2: 1, 3: 1, 4: 1, 5: 1, 6: 1, 7: 1, 8: 1, 9: 1, 10: 1}","PASS , {1: 1, 2: 1, 3: 1, 4: 1, 5: 1, 6: 1, 7: 1, 8: 1} ","PASS , {1: 1, 2: 1, 3: 1, 4: 1} ",11:50:41_29-07-25
2497,2268,8002,004638,"BV25292312329 , T253013345 ",FF00FFA50010600D1FD0761C0106389901508C85000100C800300001000DDBCD0301839A8245009C0A10,PASS,"PASS, {1: 1, 2: 1, 3: 1, 4: 1, 5: 1, 6: 1, 7: 1, 8: 1, 9: 1, 10: 1, 11: 1}","PASS, {1: 1, 2: 1, 3: 1, 4: 1, 5: 1, 6: 1, 7: 1, 8: 1, 9: 1, 10: 1}","PASS , {1: 1, 2: 1, 3: 1, 4: 1, 5: 1, 6: 1, 7: 1, 8: 1} ","PASS , {1: 1, 2: 1, 3: 1, 4: 1} ",11:51:53_29-07-25
2498,2269,8002,004638,"BV25292312331 , T253012551 ",FF00FFA50010600D1FD0761C0106389901508C85000100C800300001000DDBCD0301839A8245009C0A10,PASS,"PASS, {1: 1, 2: 1, 3: 1, 4: 1, 5: 1, 6: 1, 7: 1, 8: 1, 9: 1, 10: 1, 11: 1}","PASS, {1: 1, 2: 1, 3: 1, 4: 1, 5: 1, 6: 1, 7: 1, 8: 1, 9: 1, 10: 1}","PASS , {1: 1, 2: 1, 3: 1, 4: 1, 5: 1, 6: 1, 7: 1, 8: 1} ","PASS , {1: 1, 2: 1, 3: 1, 4: 1} ",11:53:01_29-07-25
2499,2270,8002,004638,"BV25292312333 , T253011667 ",FF00FFA50010600D1FD0761C0106389901508C85000100C800300001000DDBCD0301839A8245009C0A10,PASS,"PASS, {1: 1, 2: 1, 3: 1, 4: 1, 5: 1, 6: 1, 7: 1, 8: 1, 9: 1, 10: 1, 11: 1}","PASS, {1: 1, 2: 1, 3: 1, 4: 1, 5: 1, 6: 1, 7: 1, 8: 1, 9: 1, 10: 1}","PASS , {1: 1, 2: 1, 3: 1, 4: 1, 5: 1, 6: 1, 7: 1, 8: 1} ","PASS , {1: 1, 2: 1, 3: 1, 4: 1} ",11:54:10_29-07-25
2500,2271,8002,004638,"BV25292312335 , T253011680 ",FF00FFA50010600D1FD0761C0106389901508C85000100C800300001000DDBCD0301839A8245009C0A10,PASS,"PASS, {1: 1, 2: 1, 3: 1, 4: 1, 5: 1, 6: 1, 7: 1, 8: 1, 9: 1, 10: 1, 11: 1}","PASS, {1: 1, 2: 1, 3: 1, 4: 1, 5: 1, 6: 1, 7: 1, 8: 1, 9: 1, 10: 1}","PASS , {1: 1, 2: 1, 3: 1, 4: 1, 5: 1, 6: 1, 7: 1, 8: 1} ","PASS , {1: 1, 2: 1, 3: 1, 4: 1} ",11:55:18_29-07-25
2501,2272,8002,004638,"BV25292312337 , T253011781 ",FF00FFA50010600D1FD0761C0106389901508C85000100C800300001000DDBCD0301839A8245009C0A10,PASS,"PASS, {1: 1, 2: 1, 3: 1, 4: 1, 5: 1, 6: 1, 7: 1, 8: 1, 9: 1, 10: 1, 11: 1}","PASS, {1: 1, 2: 1, 3: 1, 4: 1, 5: 1, 6: 1, 7: 1, 8: 1, 9: 1, 10: 1}","PASS , {1: 1, 2: 1, 3: 1, 4: 1, 5: 1, 6: 1, 7: 1, 8: 1} ","PASS , {1: 1, 2: 1, 3: 1, 4: 1} ",11:56:27_29-07-25
2502,2273,8002,004638,"BV25292312338 , T253012563 ",FF00FFA50010600D1FD0761C0106389901508C85000100C800300001000DDBCD0301839A8245009C0A10,PASS,"PASS, {1: 1, 2: 1, 3: 1, 4: 1, 5: 1, 6: 1, 7: 1, 8: 1, 9: 1, 10: 1, 11: 1}","PASS, {1: 1, 2: 1, 3: 1, 4: 1, 5: 1, 6: 1, 7: 1, 8: 1, 9: 1, 10: 1}","PASS , {1: 1, 2: 1, 3: 1, 4: 1, 5: 1, 6: 1, 7: 1, 8: 1} ","PASS , {1: 1, 2: 1, 3: 1, 4: 1} ",11:57:36_29-07-25
2503,2274,8002,004638,"BV25292312340 , T253011777 ",FF00FFA50010600D1FD0761C0106389901508C85000100C800300001000DDBCD0301839A8245009C0A10,PASS,"PASS, {1: 1, 2: 1, 3: 1, 4: 1, 5: 1, 6: 1, 7: 1, 8: 1, 9: 1, 10: 1, 11: 1}","PASS, {1: 1, 2: 1, 3: 1, 4: 1, 5: 1, 6: 1, 7: 1, 8: 1, 9: 1, 10: 1}","PASS , {1: 1, 2: 1, 3: 1, 4: 1, 5: 1, 6: 1, 7: 1, 8: 1} ","PASS , {1: 1, 2: 1, 3: 1, 4: 1} ",11:58:44_29-07-25
2504,2275,8002,004638,"BV25292312342 , T253012416 ",FF00FFA50010600D1FD0761C0106389901508C85000100C800300001000DDBCD0301839A8245009C0A10,PASS,"PASS, {1: 1, 2: 1, 3: 1, 4: 1, 5: 1, 6: 1, 7: 1, 8: 1, 9: 1, 10: 1, 11: 1}","PASS, {1: 1, 2: 1, 3: 1, 4: 1, 5: 1, 6: 1, 7: 1, 8: 1, 9: 1, 10: 1}","PASS , {1: 1, 2: 1, 3: 1, 4: 1, 5: 1, 6: 1, 7: 1, 8: 1} ","PASS , {1: 1, 2: 1, 3: 1, 4: 1} ",11:59:54_29-07-25
2505,2276,8002,004638,"BV25292312344 , T253011682 ",FF00FFA50010600D1FD0761C0106389901508C85000100C800300001000DDBCD0301839A8245009C0A10,PASS,"PASS, {1: 1, 2: 1, 3: 1, 4: 1, 5: 1, 6: 1, 7: 1, 8: 1, 9: 1, 10: 1, 11: 1}","PASS, {1: 1, 2: 1, 3: 1, 4: 1, 5: 1, 6: 1, 7: 1, 8: 1, 9: 1, 10: 1}","PASS , {1: 1, 2: 1, 3: 1, 4: 1, 5: 1, 6: 1, 7: 1, 8: 1} ","PASS , {1: 1, 2: 1, 3: 1, 4: 1} ",12:01:07_29-07-25
2506,2277,8002,004638,"BV25292312345 , T253012415 ",FF00FFA50010600D1FD0761C0106389901508C85000100C800300001000DDBCD0301839A8245009C0A10,PASS,"PASS, {1: 1, 2: 1, 3: 1, 4: 1, 5: 1, 6: 1, 7: 1, 8: 1, 9: 1, 10: 1, 11: 1}","PASS, {1: 1, 2: 1, 3: 1, 4: 1, 5: 1, 6: 1, 7: 1, 8: 1, 9: 1, 10: 1}","PASS , {1: 1, 2: 1, 3: 1, 4: 1, 5: 1, 6: 1, 7: 1, 8: 1} ","PASS , {1: 1, 2: 1, 3: 1, 4: 1} ",12:02:18_29-07-25
2507,2278,8002,004638,"BV25292312343 , T253012414 ",FF00FFA50010600D1FD0761C0106389901508C85000100C800300001000DDBCD0301839A8245009C0A10,PASS,"PASS, {1: 1, 2: 1, 3: 1, 4: 1, 5: 1, 6: 1, 7: 1, 8: 1, 9: 1, 10: 1, 11: 1}","PASS, {1: 1, 2: 1, 3: 1, 4: 1, 5: 1, 6: 1, 7: 1, 8: 1, 9: 1, 10: 1}","PASS , {1: 1, 2: 1, 3: 1, 4: 1, 5: 1, 6: 1, 7: 1, 8: 1} ","PASS , {1: 1, 2: 1, 3: 1, 4: 1} ",12:03:27_29-07-25
2508,2279,8002,004638,"BV25292312341 , T253012550 ",FF00FFA50010600D1FD0761C0106389901508C85000100C800300001000DDBCD0301839A8245009C0A10,PASS,"PASS, {1: 1, 2: 1, 3: 1, 4: 1, 5: 1, 6: 1, 7: 1, 8: 1, 9: 1, 10: 1, 11: 1}","PASS, {1: 1, 2: 1, 3: 1, 4: 1, 5: 1, 6: 1, 7: 1, 8: 1, 9: 1, 10: 1}","PASS , {1: 1, 2: 1, 3: 1, 4: 1, 5: 1, 6: 1, 7: 1, 8: 1} ","PASS , {1: 1, 2: 1, 3: 1, 4: 1} ",12:04:36_29-07-25
2509,2280,8002,004638,"BV25292312339 , T253011599 ",FF00FFA50010600D1FD0761C0106389901508C85000100C800300001000DDBCD0301839A8245009C0A10,PASS,"PASS, {1: 1, 2: 1, 3: 1, 4: 1, 5: 1, 6: 1, 7: 1, 8: 1, 9: 1, 10: 1, 11: 1}","PASS, {1: 1, 2: 1, 3: 1, 4: 1, 5: 1, 6: 1, 7: 1, 8: 1, 9: 1, 10: 1}","PASS , {1: 1, 2: 1, 3: 1, 4: 1, 5: 1, 6: 1, 7: 1, 8: 1} ","PASS , {1: 1, 2: 1, 3: 1, 4: 1} ",12:05:44_29-07-25
2510,2281,8002,004638,"BV25292312336 , T253011995 ",FF00FFA50010600D1FD0761C0106389901508C85000100C800300001000DDBCD0301839A8245009C0A10,PASS,"PASS, {1: 1, 2: 1, 3: 1, 4: 1, 5: 1, 6: 1, 7: 1, 8: 1, 9: 1, 10: 1, 11: 1}","PASS, {1: 1, 2: 1, 3: 1, 4: 1, 5: 1, 6: 1, 7: 1, 8: 1, 9: 1, 10: 1}","PASS , {1: 1, 2: 1, 3: 1, 4: 1, 5: 1, 6: 1, 7: 1, 8: 1} ","PASS , {1: 1, 2: 1, 3: 1, 4: 1} ",12:06:57_29-07-25
2511,2282,8002,004638,"BV25292312303 , T253013522 ",FF00FFA50010600D1FD0761C0106389901508C85000100C800300001000DDBCD0301839A8245009C0A10,PASS,"PASS, {1: 1, 2: 1, 3: 1, 4: 1, 5: 1, 6: 1, 7: 1, 8: 1, 9: 1, 10: 1, 11: 1}","PASS, {1: 1, 2: 1, 3: 1, 4: 1, 5: 1, 6: 1, 7: 1, 8: 1, 9: 1, 10: 1}","PASS , {1: 1, 2: 1, 3: 1, 4: 1, 5: 1, 6: 1, 7: 1, 8: 1} ","PASS , {1: 1, 2: 1, 3: 1, 4: 1} ",12:08:07_29-07-25
2512,2283,8002,004638,"BV25292312364 , T253013362 ",FF00FFA50010600D1FD0761C0106389901508C85000100C800300001000DDBCD0301839A8245009C0A10,PASS,"PASS, {1: 1, 2: 1, 3: 1, 4: 1, 5: 1, 6: 1, 7: 1, 8: 1, 9: 1, 10: 1, 11: 1}","PASS, {1: 1, 2: 1, 3: 1, 4: 1, 5: 1, 6: 1, 7: 1, 8: 1, 9: 1, 10: 1}","PASS , {1: 1, 2: 1, 3: 1, 4: 1, 5: 1, 6: 1, 7: 1, 8: 1} ","PASS , {1: 1, 2: 1, 3: 1, 4: 1} ",12:09:18_29-07-25
2513,2284,8002,004638,"BV25292312366 , T253011994 ",FF00FFA50010600D1FD0761C0106389901508C85000100C800300001000DDBCD0301839A8245009C0A10,PASS,"PASS, {1: 1, 2: 1, 3: 1, 4: 1, 5: 1, 6: 1, 7: 1, 8: 1, 9: 1, 10: 1, 11: 1}","PASS, {1: 1, 2: 1, 3: 1, 4: 1, 5: 1, 6: 1, 7: 1, 8: 1, 9: 1, 10: 1}","PASS , {1: 1, 2: 1, 3: 1, 4: 1, 5: 1, 6: 1, 7: 1, 8: 1} ","PASS , {1: 1, 2: 1, 3: 1, 4: 1} ",12:10:27_29-07-25
2514,2285,8002,004638,"BV25292312363 , T253013373 ",FF00FFA50010600D1FD0761C0106389901508C85000100C800300001000DDBCD0301839A8245009C0A10,PASS,"PASS, {1: 1, 2: 1, 3: 1, 4: 1, 5: 1, 6: 1, 7: 1, 8: 1, 9: 1, 10: 1, 11: 1}","PASS, {1: 1, 2: 1, 3: 1, 4: 1, 5: 1, 6: 1, 7: 1, 8: 1, 9: 1, 10: 1}","PASS , {1: 1, 2: 1, 3: 1, 4: 1, 5: 1, 6: 1, 7: 1, 8: 1} ","PASS , {1: 1, 2: 1, 3: 1, 4: 1} ",12:11:37_29-07-25
2515,2286,8002,004638,"BV25292312369 , T253011679 ",FF00FFA50010600D1FD0761C0106389901508C85000100C800300001000DDBCD0301839A8245009C0A10,PASS,"PASS, {1: 1, 2: 1, 3: 1, 4: 1, 5: 1, 6: 1, 7: 1, 8: 1, 9: 1, 10: 1, 11: 1}","PASS, {1: 1, 2: 1, 3: 1, 4: 1, 5: 1, 6: 1, 7: 1, 8: 1, 9: 1, 10: 1}","PASS , {1: 1, 2: 1, 3: 1, 4: 1, 5: 1, 6: 1, 7: 1, 8: 1} ","PASS , {1: 1, 2: 1, 3: 1, 4: 1} ",12:12:45_29-07-25
2516,2286,8002,004638,"BV25292312370 , T253011594 ",FF00FFA50010600D1FD0761C0106389901508C85000100C800300001000DDBCD0301839A8245009C0A10,PASS,"PASS, {1: 1, 2: 1, 3: 1, 4: 1, 5: 1, 6: 1, 7: 1, 8: 1, 9: 1, 10: 1, 11: 1}","PASS, {1: 1, 2: 1, 3: 1, 4: 1, 5: 1, 6: 1, 7: 1, 8: 1, 9: 1, 10: 1}","PASS , {1: 1, 2: 1, 3: 1, 4: 1, 5: 1, 6: 1, 7: 1, 8: 1} ","FAIL , {1: 0, 2: 1, 3: 1, 4: 1} ",12:13:57_29-07-25
2517,2287,8002,004638,"BV25292312373 , T253011596 ",FF00FFA50010600D1FD0761C0106389901508C85000100C800300001000DDBCD0301839A8245009C0A10,PASS,"PASS, {1: 1, 2: 1, 3: 1, 4: 1, 5: 1, 6: 1, 7: 1, 8: 1, 9: 1, 10: 1, 11: 1}","PASS, {1: 1, 2: 1, 3: 1, 4: 1, 5: 1, 6: 1, 7: 1, 8: 1, 9: 1, 10: 1}","PASS , {1: 1, 2: 1, 3: 1, 4: 1, 5: 1, 6: 1, 7: 1, 8: 1} ","PASS , {1: 1, 2: 1, 3: 1, 4: 1} ",12:15:06_29-07-25
2518,2288,8002,004638,"BV25292312376 , T253011997 ",FF00FFA50010600D1FD0761C0106389901508C85000100C800300001000DDBCD0301839A8245009C0A10,PASS,"PASS, {1: 1, 2: 1, 3: 1, 4: 1, 5: 1, 6: 1, 7: 1, 8: 1, 9: 1, 10: 1, 11: 1}","PASS, {1: 1, 2: 1, 3: 1, 4: 1, 5: 1, 6: 1, 7: 1, 8: 1, 9: 1, 10: 1}","PASS , {1: 1, 2: 1, 3: 1, 4: 1, 5: 1, 6: 1, 7: 1, 8: 1} ","PASS , {1: 1, 2: 1, 3: 1, 4: 1} ",12:16:19_29-07-25
2519,2289,8002,004638,"BV25292312377 , T253011783 ",FF00FFA50010600D1FD0761C0106389901508C85000100C800300001000DDBCD0301839A8245009C0A10,PASS,"PASS, {1: 1, 2: 1, 3: 1, 4: 1, 5: 1, 6: 1, 7: 1, 8: 1, 9: 1, 10: 1, 11: 1}","PASS, {1: 1, 2: 1, 3: 1, 4: 1, 5: 1, 6: 1, 7: 1, 8: 1, 9: 1, 10: 1}","PASS , {1: 1, 2: 1, 3: 1, 4: 1, 5: 1, 6: 1, 7: 1, 8: 1} ","PASS , {1: 1, 2: 1, 3: 1, 4: 1} ",12:17:28_29-07-25
2520,2290,8002,004638,"BV25292312381 , T253011784 ",FF00FFA50010600D1FD0761C0106389901508C85000100C800300001000DDBCD0301839A8245009C0A10,PASS,"PASS, {1: 1, 2: 1, 3: 1, 4: 1, 5: 1, 6: 1, 7: 1, 8: 1, 9: 1, 10: 1, 11: 1}","PASS, {1: 1, 2: 1, 3: 1, 4: 1, 5: 1, 6: 1, 7: 1, 8: 1, 9: 1, 10: 1}","PASS , {1: 1, 2: 1, 3: 1, 4: 1, 5: 1, 6: 1, 7: 1, 8: 1} ","PASS , {1: 1, 2: 1, 3: 1, 4: 1} ",12:18:38_29-07-25
2521,2290,8002,004638,"BV25292312379 , T253012425 ",FF00FFA50010600D1FD0761C0106389901508C85000100C800300001000DDBCD0301839A8245009C0A10,PASS,"PASS, {1: 1, 2: 1, 3: 1, 4: 1, 5: 1, 6: 1, 7: 1, 8: 1, 9: 1, 10: 1, 11: 1}","FAIL, {1: 0, 2: 1, 3: 1, 4: 0, 5: 1, 6: 1, 7: 1, 8: 1, 9: 1, 10: 1}","PASS , {1: 1, 2: 1, 3: 1, 4: 1, 5: 1, 6: 1, 7: 1, 8: 1} ","PASS , {1: 1, 2: 1, 3: 1, 4: 1} ",12:19:45_29-07-25
2522,2291,8002,004638,"BV25292312380 , T253012424 ",FF00FFA50010600D1FD0761C0106389901508C85000100C800300001000DDBCD0301839A8245009C0A10,PASS,"PASS, {1: 1, 2: 1, 3: 1, 4: 1, 5: 1, 6: 1, 7: 1, 8: 1, 9: 1, 10: 1, 11: 1}","PASS, {1: 1, 2: 1, 3: 1, 4: 1, 5: 1, 6: 1, 7: 1, 8: 1, 9: 1, 10: 1}","PASS , {1: 1, 2: 1, 3: 1, 4: 1, 5: 1, 6: 1, 7: 1, 8: 1} ","PASS , {1: 1, 2: 1, 3: 1, 4: 1} ",12:20:55_29-07-25
2523,2292,8002,004638,"BV25292312375 , T253011668 ",FF00FFA50010600D1FD0761C0106389901508C85000100C800300001000DDBCD0301839A8245009C0A10,PASS,"PASS, {1: 1, 2: 1, 3: 1, 4: 1, 5: 1, 6: 1, 7: 1, 8: 1, 9: 1, 10: 1, 11: 1}","PASS, {1: 1, 2: 1, 3: 1, 4: 1, 5: 1, 6: 1, 7: 1, 8: 1, 9: 1, 10: 1}","PASS , {1: 1, 2: 1, 3: 1, 4: 1, 5: 1, 6: 1, 7: 1, 8: 1} ","PASS , {1: 1, 2: 1, 3: 1, 4: 1} ",12:22:04_29-07-25
2524,2293,8002,004638,"BV25292312374 , T253012088 ",FF00FFA50010600D1FD0761C0106389901508C85000100C800300001000DDBCD0301839A8245009C0A10,PASS,"PASS, {1: 1, 2: 1, 3: 1, 4: 1, 5: 1, 6: 1, 7: 1, 8: 1, 9: 1, 10: 1, 11: 1}","PASS, {1: 1, 2: 1, 3: 1, 4: 1, 5: 1, 6: 1, 7: 1, 8: 1, 9: 1, 10: 1}","PASS , {1: 1, 2: 1, 3: 1, 4: 1, 5: 1, 6: 1, 7: 1, 8: 1} ","PASS , {1: 1, 2: 1, 3: 1, 4: 1} ",12:23:12_29-07-25
2525,2294,8002,004638,"BV25292312372 , T253011598 ",FF00FFA50010600D1FD0761C0106389901508C85000100C800300001000DDBCD0301839A8245009C0A10,PASS,"PASS, {1: 1, 2: 1, 3: 1, 4: 1, 5: 1, 6: 1, 7: 1, 8: 1, 9: 1, 10: 1, 11: 1}","PASS, {1: 1, 2: 1, 3: 1, 4: 1, 5: 1, 6: 1, 7: 1, 8: 1, 9: 1, 10: 1}","PASS , {1: 1, 2: 1, 3: 1, 4: 1, 5: 1, 6: 1, 7: 1, 8: 1} ","PASS , {1: 1, 2: 1, 3: 1, 4: 1} ",12:24:21_29-07-25
2526,2295,8002,004638,"BV25292312371 , T253011666 ",FF00FFA50010600D1FD0761C0106389901508C85000100C800300001000DDBCD0301839A8245009C0A10,PASS,"PASS, {1: 1, 2: 1, 3: 1, 4: 1, 5: 1, 6: 1, 7: 1, 8: 1, 9: 1, 10: 1, 11: 1}","PASS, {1: 1, 2: 1, 3: 1, 4: 1, 5: 1, 6: 1, 7: 1, 8: 1, 9: 1, 10: 1}","PASS , {1: 1, 2: 1, 3: 1, 4: 1, 5: 1, 6: 1, 7: 1, 8: 1} ","PASS , {1: 1, 2: 1, 3: 1, 4: 1} ",12:25:34_29-07-25
2527,2296,8002,004638,"BV25292312378 , T253011996 ",FF00FFA50010600D1FD0761C0106389901508C85000100C800300001000DDBCD0301839A8245009C0A10,PASS,"PASS, {1: 1, 2: 1, 3: 1, 4: 1, 5: 1, 6: 1, 7: 1, 8: 1, 9: 1, 10: 1, 11: 1}","PASS, {1: 1, 2: 1, 3: 1, 4: 1, 5: 1, 6: 1, 7: 1, 8: 1, 9: 1, 10: 1}","PASS , {1: 1, 2: 1, 3: 1, 4: 1, 5: 1, 6: 1, 7: 1, 8: 1} ","PASS , {1: 1, 2: 1, 3: 1, 4: 1} ",12:26:42_29-07-25
2528,2297,8002,004638,"BV25292312396 , T253012417 ",FF00FFA50010600D1FD0761C0106389901508C85000100C800300001000DDBCD0301839A8245009C0A10,PASS,"PASS, {1: 1, 2: 1, 3: 1, 4: 1, 5: 1, 6: 1, 7: 1, 8: 1, 9: 1, 10: 1, 11: 1}","PASS, {1: 1, 2: 1, 3: 1, 4: 1, 5: 1, 6: 1, 7: 1, 8: 1, 9: 1, 10: 1}","PASS , {1: 1, 2: 1, 3: 1, 4: 1, 5: 1, 6: 1, 7: 1, 8: 1} ","PASS , {1: 1, 2: 1, 3: 1, 4: 1} ",12:27:51_29-07-25
2529,2298,8002,004638,"BV25292312358 , T253013367 ",FF00FFA50010600D1FD0761C0106389901508C85000100C800300001000DDBCD0301839A8245009C0A10,PASS,"PASS, {1: 1, 2: 1, 3: 1, 4: 1, 5: 1, 6: 1, 7: 1, 8: 1, 9: 1, 10: 1, 11: 1}","PASS, {1: 1, 2: 1, 3: 1, 4: 1, 5: 1, 6: 1, 7: 1, 8: 1, 9: 1, 10: 1}","PASS , {1: 1, 2: 1, 3: 1, 4: 1, 5: 1, 6: 1, 7: 1, 8: 1} ","PASS , {1: 1, 2: 1, 3: 1, 4: 1} ",12:29:00_29-07-25
2530,2299,8002,004638,"BV25292312359 , T253013363 ",FF00FFA50010600D1FD0761C0106389901508C85000100C800300001000DDBCD0301839A8245009C0A10,PASS,"PASS, {1: 1, 2: 1, 3: 1, 4: 1, 5: 1, 6: 1, 7: 1, 8: 1, 9: 1, 10: 1, 11: 1}","PASS, {1: 1, 2: 1, 3: 1, 4: 1, 5: 1, 6: 1, 7: 1, 8: 1, 9: 1, 10: 1}","PASS , {1: 1, 2: 1, 3: 1, 4: 1, 5: 1, 6: 1, 7: 1, 8: 1} ","PASS , {1: 1, 2: 1, 3: 1, 4: 1} ",12:30:09_29-07-25
2531,2300,8002,004638,"BV25282310207 , T252210860 ",FF00FFA50010600D1FD0761C0106389901508C85000100C800300001000DDBCD0301839A8245009C0A10,PASS,"PASS, {1: 1, 2: 1, 3: 1, 4: 1, 5: 1, 6: 1, 7: 1, 8: 1, 9: 1, 10: 1, 11: 1}","PASS, {1: 1, 2: 1, 3: 1, 4: 1, 5: 1, 6: 1, 7: 1, 8: 1, 9: 1, 10: 1}","PASS , {1: 1, 2: 1, 3: 1, 4: 1, 5: 1, 6: 1, 7: 1, 8: 1} ","PASS , {1: 1, 2: 1, 3: 1, 4: 1} ",12:31:19_29-07-25
2532,2301,8002,004638,"BV25292312395 , T252716310 ",FF00FFA50010600D1FD0761C0106389901508C85000100C800300001000DDBCD0301839A8245009C0A10,PASS,"PASS, {1: 1, 2: 1, 3: 1, 4: 1, 5: 1, 6: 1, 7: 1, 8: 1, 9: 1, 10: 1, 11: 1}","PASS, {1: 1, 2: 1, 3: 1, 4: 1, 5: 1, 6: 1, 7: 1, 8: 1, 9: 1, 10: 1}","PASS , {1: 1, 2: 1, 3: 1, 4: 1, 5: 1, 6: 1, 7: 1, 8: 1} ","PASS , {1: 1, 2: 1, 3: 1, 4: 1} ",12:32:28_29-07-25
2533,2302,8002,004638,"BV25292312399 , T253013348 ",FF00FFA50010600D1FD0761C0106389901508C85000100C800300001000DDBCD0301839A8245009C0A10,PASS,"PASS, {1: 1, 2: 1, 3: 1, 4: 1, 5: 1, 6: 1, 7: 1, 8: 1, 9: 1, 10: 1, 11: 1}","PASS, {1: 1, 2: 1, 3: 1, 4: 1, 5: 1, 6: 1, 7: 1, 8: 1, 9: 1, 10: 1}","PASS , {1: 1, 2: 1, 3: 1, 4: 1, 5: 1, 6: 1, 7: 1, 8: 1} ","PASS , {1: 1, 2: 1, 3: 1, 4: 1} ",12:34:08_29-07-25
2534,2303,8002,004638,"BV25292312387 , T253012574 ",FF00FFA50010600D1FD0761C0106389901508C85000100C800300001000DDBCD0301839A8245009C0A10,PASS,"PASS, {1: 1, 2: 1, 3: 1, 4: 1, 5: 1, 6: 1, 7: 1, 8: 1, 9: 1, 10: 1, 11: 1}","PASS, {1: 1, 2: 1, 3: 1, 4: 1, 5: 1, 6: 1, 7: 1, 8: 1, 9: 1, 10: 1}","PASS , {1: 1, 2: 1, 3: 1, 4: 1, 5: 1, 6: 1, 7: 1, 8: 1} ","PASS , {1: 1, 2: 1, 3: 1, 4: 1} ",12:35:47_29-07-25
2535,2304,8002,004638,"BV25292312393 , T253012572 ",FF00FFA50010600D1FD0761C0106389901508C85000100C800300001000DDBCD0301839A8245009C0A10,PASS,"PASS, {1: 1, 2: 1, 3: 1, 4: 1, 5: 1, 6: 1, 7: 1, 8: 1, 9: 1, 10: 1, 11: 1}","PASS, {1: 1, 2: 1, 3: 1, 4: 1, 5: 1, 6: 1, 7: 1, 8: 1, 9: 1, 10: 1}","PASS , {1: 1, 2: 1, 3: 1, 4: 1, 5: 1, 6: 1, 7: 1, 8: 1} ","PASS , {1: 1, 2: 1, 3: 1, 4: 1} ",12:36:58_29-07-25
2536,2304,8002,004638,"BV25292312384 , T252720397 ",FF00FFA50010600D1FD0761C0106389901508C85000100C800300001000DDBCD0301839A8245009C0A10,PASS,"PASS, {1: 1, 2: 1, 3: 1, 4: 1, 5: 1, 6: 1, 7: 1, 8: 1, 9: 1, 10: 1, 11: 1}","FAIL, {1: 0, 2: 1, 3: 1, 4: 1, 5: 1, 6: 1, 7: 1, 8: 1, 9: 1, 10: 1}","PASS , {1: 1, 2: 1, 3: 1, 4: 1, 5: 1, 6: 1, 7: 1, 8: 1} ","PASS , {1: 1, 2: 1, 3: 1, 4: 1} ",12:38:09_29-07-25
2537,2305,8002,004638,"BV25292312398 , T253012423 ",FF00FFA50010600D1FD0761C0106389901508C85000100C800300001000DDBCD0301839A8245009C0A10,PASS,"PASS, {1: 1, 2: 1, 3: 1, 4: 1, 5: 1, 6: 1, 7: 1, 8: 1, 9: 1, 10: 1, 11: 1}","PASS, {1: 1, 2: 1, 3: 1, 4: 1, 5: 1, 6: 1, 7: 1, 8: 1, 9: 1, 10: 1}","PASS , {1: 1, 2: 1, 3: 1, 4: 1, 5: 1, 6: 1, 7: 1, 8: 1} ","PASS , {1: 1, 2: 1, 3: 1, 4: 1} ",12:39:27_29-07-25
2538,2306,8002,004638,"BV25292312386 , T253012412 ",FF00FFA50010600D1FD0761C0106389901508C85000100C800300001000DDBCD0301839A8245009C0A10,PASS,"PASS, {1: 1, 2: 1, 3: 1, 4: 1, 5: 1, 6: 1, 7: 1, 8: 1, 9: 1, 10: 1, 11: 1}","PASS, {1: 1, 2: 1, 3: 1, 4: 1, 5: 1, 6: 1, 7: 1, 8: 1, 9: 1, 10: 1}","PASS , {1: 1, 2: 1, 3: 1, 4: 1, 5: 1, 6: 1, 7: 1, 8: 1} ","PASS , {1: 1, 2: 1, 3: 1, 4: 1} ",12:40:36_29-07-25
2539,2307,8002,004638,"BV25292312351 , T253012419 ",FF00FFA50010600D1FD0761C0106389901508C85000100C800300001000DDBCD0301839A8245009C0A10,PASS,"PASS, {1: 1, 2: 1, 3: 1, 4: 1, 5: 1, 6: 1, 7: 1, 8: 1, 9: 1, 10: 1, 11: 1}","PASS, {1: 1, 2: 1, 3: 1, 4: 1, 5: 1, 6: 1, 7: 1, 8: 1, 9: 1, 10: 1}","PASS , {1: 1, 2: 1, 3: 1, 4: 1, 5: 1, 6: 1, 7: 1, 8: 1} ","PASS , {1: 1, 2: 1, 3: 1, 4: 1} ",12:41:48_29-07-25
2540,2308,8002,004638,"BV25292312361 , T253013365 ",FF00FFA50010600D1FD0761C0106389901508C85000100C800300001000DDBCD0301839A8245009C0A10,PASS,"PASS, {1: 1, 2: 1, 3: 1, 4: 1, 5: 1, 6: 1, 7: 1, 8: 1, 9: 1, 10: 1, 11: 1}","PASS, {1: 1, 2: 1, 3: 1, 4: 1, 5: 1, 6: 1, 7: 1, 8: 1, 9: 1, 10: 1}","PASS , {1: 1, 2: 1, 3: 1, 4: 1, 5: 1, 6: 1, 7: 1, 8: 1} ","PASS , {1: 1, 2: 1, 3: 1, 4: 1} ",12:43:01_29-07-25
2541,2309,8002,004638,"BV25292312357 , T253012426 ",FF00FFA50010600D1FD0761C0106389901508C85000100C800300001000DDBCD0301839A8245009C0A10,PASS,"PASS, {1: 1, 2: 1, 3: 1, 4: 1, 5: 1, 6: 1, 7: 1, 8: 1, 9: 1, 10: 1, 11: 1}","PASS, {1: 1, 2: 1, 3: 1, 4: 1, 5: 1, 6: 1, 7: 1, 8: 1, 9: 1, 10: 1}","PASS , {1: 1, 2: 1, 3: 1, 4: 1, 5: 1, 6: 1, 7: 1, 8: 1} ","PASS , {1: 1, 2: 1, 3: 1, 4: 1} ",12:44:14_29-07-25
2542,2310,8002,004638,"BV25292312360 , T253013368 ",FF00FFA50010600D1FD0761C0106389901508C85000100C800300001000DDBCD0301839A8245009C0A10,PASS,"PASS, {1: 1, 2: 1, 3: 1, 4: 1, 5: 1, 6: 1, 7: 1, 8: 1, 9: 1, 10: 1, 11: 1}","PASS, {1: 1, 2: 1, 3: 1, 4: 1, 5: 1, 6: 1, 7: 1, 8: 1, 9: 1, 10: 1}","PASS , {1: 1, 2: 1, 3: 1, 4: 1, 5: 1, 6: 1, 7: 1, 8: 1} ","PASS , {1: 1, 2: 1, 3: 1, 4: 1} ",12:45:24_29-07-25
2543,2311,8002,004638,"BV25292312367 , T253013371 ",FF00FFA50010600D1FD0761C0106389901508C85000100C800300001000DDBCD0301839A8245009C0A10,PASS,"PASS, {1: 1, 2: 1, 3: 1, 4: 1, 5: 1, 6: 1, 7: 1, 8: 1, 9: 1, 10: 1, 11: 1}","PASS, {1: 1, 2: 1, 3: 1, 4: 1, 5: 1, 6: 1, 7: 1, 8: 1, 9: 1, 10: 1}","PASS , {1: 1, 2: 1, 3: 1, 4: 1, 5: 1, 6: 1, 7: 1, 8: 1} ","PASS , {1: 1, 2: 1, 3: 1, 4: 1} ",12:46:34_29-07-25
2544,2312,8002,004638,"BV25292312362 , T253013364 ",FF00FFA50010600D1FD0761C0106389901508C85000100C800300001000DDBCD0301839A8245009C0A10,PASS,"PASS, {1: 1, 2: 1, 3: 1, 4: 1, 5: 1, 6: 1, 7: 1, 8: 1, 9: 1, 10: 1, 11: 1}","PASS, {1: 1, 2: 1, 3: 1, 4: 1, 5: 1, 6: 1, 7: 1, 8: 1, 9: 1, 10: 1}","PASS , {1: 1, 2: 1, 3: 1, 4: 1, 5: 1, 6: 1, 7: 1, 8: 1} ","PASS , {1: 1, 2: 1, 3: 1, 4: 1} ",12:47:42_29-07-25
2545,2313,8002,004638,"BV25292312365 , T253013372 ",FF00FFA50010600D1FD0761C0106389901508C85000100C800300001000DDBCD0301839A8245009C0A10,PASS,"PASS, {1: 1, 2: 1, 3: 1, 4: 1, 5: 1, 6: 1, 7: 1, 8: 1, 9: 1, 10: 1, 11: 1}","PASS, {1: 1, 2: 1, 3: 1, 4: 1, 5: 1, 6: 1, 7: 1, 8: 1, 9: 1, 10: 1}","PASS , {1: 1, 2: 1, 3: 1, 4: 1, 5: 1, 6: 1, 7: 1, 8: 1} ","PASS , {1: 1, 2: 1, 3: 1, 4: 1} ",12:48:52_29-07-25
2546,2314,8002,004638,"BV25292312368 , T253012427 ",FF00FFA50010600D1FD0761C0106389901508C85000100C800300001000DDBCD0301839A8245009C0A10,PASS,"PASS, {1: 1, 2: 1, 3: 1, 4: 1, 5: 1, 6: 1, 7: 1, 8: 1, 9: 1, 10: 1, 11: 1}","PASS, {1: 1, 2: 1, 3: 1, 4: 1, 5: 1, 6: 1, 7: 1, 8: 1, 9: 1, 10: 1}","PASS , {1: 1, 2: 1, 3: 1, 4: 1, 5: 1, 6: 1, 7: 1, 8: 1} ","PASS , {1: 1, 2: 1, 3: 1, 4: 1} ",12:50:03_29-07-25
2547,2315,8002,004638,"BV25292312334 , T253011678 ",FF00FFA50010600D1FD0761C0106389901508C85000100C800300001000DDBCD0301839A8245009C0A10,PASS,"PASS, {1: 1, 2: 1, 3: 1, 4: 1, 5: 1, 6: 1, 7: 1, 8: 1, 9: 1, 10: 1, 11: 1}","PASS, {1: 1, 2: 1, 3: 1, 4: 1, 5: 1, 6: 1, 7: 1, 8: 1, 9: 1, 10: 1}","PASS , {1: 1, 2: 1, 3: 1, 4: 1, 5: 1, 6: 1, 7: 1, 8: 1} ","PASS , {1: 1, 2: 1, 3: 1, 4: 1} ",12:51:13_29-07-25
2548,2316,8002,004638,"BV25292312332 , T253012092 ",FF00FFA50010600D1FD0761C0106389901508C85000100C800300001000DDBCD0301839A8245009C0A10,PASS,"PASS, {1: 1, 2: 1, 3: 1, 4: 1, 5: 1, 6: 1, 7: 1, 8: 1, 9: 1, 10: 1, 11: 1}","PASS, {1: 1, 2: 1, 3: 1, 4: 1, 5: 1, 6: 1, 7: 1, 8: 1, 9: 1, 10: 1}","PASS , {1: 1, 2: 1, 3: 1, 4: 1, 5: 1, 6: 1, 7: 1, 8: 1} ","PASS , {1: 1, 2: 1, 3: 1, 4: 1} ",12:52:22_29-07-25
2549,2317,8002,004638,"BV25292312330 , T253012429 ",FF00FFA50010600D1FD0761C0106389901508C85000100C800300001000DDBCD0301839A8245009C0A10,PASS,"PASS, {1: 1, 2: 1, 3: 1, 4: 1, 5: 1, 6: 1, 7: 1, 8: 1, 9: 1, 10: 1, 11: 1}","PASS, {1: 1, 2: 1, 3: 1, 4: 1, 5: 1, 6: 1, 7: 1, 8: 1, 9: 1, 10: 1}","PASS , {1: 1, 2: 1, 3: 1, 4: 1, 5: 1, 6: 1, 7: 1, 8: 1} ","PASS , {1: 1, 2: 1, 3: 1, 4: 1} ",12:53:33_29-07-25
2550,2318,8002,004638,"BV25292312350 , T253013380 ",FF00FFA50010600D1FD0761C0106389901508C85000100C800300001000DDBCD0301839A8245009C0A10,PASS,"PASS, {1: 1, 2: 1, 3: 1, 4: 1, 5: 1, 6: 1, 7: 1, 8: 1, 9: 1, 10: 1, 11: 1}","PASS, {1: 1, 2: 1, 3: 1, 4: 1, 5: 1, 6: 1, 7: 1, 8: 1, 9: 1, 10: 1}","PASS , {1: 1, 2: 1, 3: 1, 4: 1, 5: 1, 6: 1, 7: 1, 8: 1} ","PASS , {1: 1, 2: 1, 3: 1, 4: 1} ",12:54:43_29-07-25
2551,2319,8002,004638,"BV25292312392 , T252718401 ",FF00FFA50010600D1FD0761C0106389901508C85000100C800300001000DDBCD0301839A8245009C0A10,PASS,"PASS, {1: 1, 2: 1, 3: 1, 4: 1, 5: 1, 6: 1, 7: 1, 8: 1, 9: 1, 10: 1, 11: 1}","PASS, {1: 1, 2: 1, 3: 1, 4: 1, 5: 1, 6: 1, 7: 1, 8: 1, 9: 1, 10: 1}","PASS , {1: 1, 2: 1, 3: 1, 4: 1, 5: 1, 6: 1, 7: 1, 8: 1} ","PASS , {1: 1, 2: 1, 3: 1, 4: 1} ",12:55:53_29-07-25
2552,2320,8002,004638,"BV25292312397 , T253012090 ",FF00FFA50010600D1FD0761C0106389901508C85000100C800300001000DDBCD0301839A8245009C0A10,PASS,"PASS, {1: 1, 2: 1, 3: 1, 4: 1, 5: 1, 6: 1, 7: 1, 8: 1, 9: 1, 10: 1, 11: 1}","PASS, {1: 1, 2: 1, 3: 1, 4: 1, 5: 1, 6: 1, 7: 1, 8: 1, 9: 1, 10: 1}","PASS , {1: 1, 2: 1, 3: 1, 4: 1, 5: 1, 6: 1, 7: 1, 8: 1} ","PASS , {1: 1, 2: 1, 3: 1, 4: 1} ",12:57:05_29-07-25
2553,2321,8002,004638,"BV25292312383 , T252716308 ",FF00FFA50010600D1FD0761C0106389901508C85000100C800300001000DDBCD0301839A8245009C0A10,PASS,"PASS, {1: 1, 2: 1, 3: 1, 4: 1, 5: 1, 6: 1, 7: 1, 8: 1, 9: 1, 10: 1, 11: 1}","PASS, {1: 1, 2: 1, 3: 1, 4: 1, 5: 1, 6: 1, 7: 1, 8: 1, 9: 1, 10: 1}","PASS , {1: 1, 2: 1, 3: 1, 4: 1, 5: 1, 6: 1, 7: 1, 8: 1} ","PASS , {1: 1, 2: 1, 3: 1, 4: 1} ",12:58:14_29-07-25
2554,2322,8002,004638,"BV25292312390 , T253012560 ",FF00FFA50010600D1FD0761C0106389901508C85000100C800300001000DDBCD0301839A8245009C0A10,PASS,"PASS, {1: 1, 2: 1, 3: 1, 4: 1, 5: 1, 6: 1, 7: 1, 8: 1, 9: 1, 10: 1, 11: 1}","PASS, {1: 1, 2: 1, 3: 1, 4: 1, 5: 1, 6: 1, 7: 1, 8: 1, 9: 1, 10: 1}","PASS , {1: 1, 2: 1, 3: 1, 4: 1, 5: 1, 6: 1, 7: 1, 8: 1} ","PASS , {1: 1, 2: 1, 3: 1, 4: 1} ",12:59:24_29-07-25
2555,2322,8002,004638,"BV25292312382 , T253013589 ",FF00FFA50010600D1FD0761C0106389901508C85000100C800300001000DDBCD0301839A8245009C0A10,PASS,"PASS, {1: 1, 2: 1, 3: 1, 4: 1, 5: 1, 6: 1, 7: 1, 8: 1, 9: 1, 10: 1, 11: 1}","PASS, {1: 1, 2: 1, 3: 1, 4: 1, 5: 1, 6: 1, 7: 1, 8: 1, 9: 1, 10: 1}","PASS , {1: 1, 2: 1, 3: 1, 4: 1, 5: 1, 6: 1, 7: 1, 8: 1} ","FAIL , {1: 1, 2: 0, 3: 1, 4: 1} ",13:00:36_29-07-25
2556,2323,8002,004638,"BV25292312388 , T253012559 ",FF00FFA50010600D1FD0761C0106389901508C85000100C800300001000DDBCD0301839A8245009C0A10,PASS,"PASS, {1: 1, 2: 1, 3: 1, 4: 1, 5: 1, 6: 1, 7: 1, 8: 1, 9: 1, 10: 1, 11: 1}","PASS, {1: 1, 2: 1, 3: 1, 4: 1, 5: 1, 6: 1, 7: 1, 8: 1, 9: 1, 10: 1}","PASS , {1: 1, 2: 1, 3: 1, 4: 1, 5: 1, 6: 1, 7: 1, 8: 1} ","PASS , {1: 1, 2: 1, 3: 1, 4: 1} ",13:01:46_29-07-25
2557,2323,8002,004638,"BV25292312352 , T253012422 ",FF00FFA50010600D1FD0761C0106389901508C85000100C800300001000DDBCD0301839A8245009C0A10,PASS,"PASS, {1: 1, 2: 1, 3: 1, 4: 1, 5: 1, 6: 1, 7: 1, 8: 1, 9: 1, 10: 1, 11: 1}","PASS, {1: 1, 2: 1, 3: 1, 4: 1, 5: 1, 6: 1, 7: 1, 8: 1, 9: 1, 10: 1}","PASS , {1: 1, 2: 1, 3: 1, 4: 1, 5: 1, 6: 1, 7: 1, 8: 1} ","FAIL , {1: 1, 2: 1, 3: 1, 4: 0} ",13:02:58_29-07-25
2558,2324,8002,004638,"BV25292312353 , T253013378 ",FF00FFA50010600D1FD0761C0106389901508C85000100C800300001000DDBCD0301839A8245009C0A10,PASS,"PASS, {1: 1, 2: 1, 3: 1, 4: 1, 5: 1, 6: 1, 7: 1, 8: 1, 9: 1, 10: 1, 11: 1}","PASS, {1: 1, 2: 1, 3: 1, 4: 1, 5: 1, 6: 1, 7: 1, 8: 1, 9: 1, 10: 1}","PASS , {1: 1, 2: 1, 3: 1, 4: 1, 5: 1, 6: 1, 7: 1, 8: 1} ","PASS , {1: 1, 2: 1, 3: 1, 4: 1} ",13:04:12_29-07-25
2559,2325,8002,004638,"BV25292312352 , T253012422 ",FF00FFA50010600D1FD0761C0106389901508C85000100C800300001000DDBCD0301839A8245009C0A10,PASS,"PASS, {1: 1, 2: 1, 3: 1, 4: 1, 5: 1, 6: 1, 7: 1, 8: 1, 9: 1, 10: 1, 11: 1}","PASS, {1: 1, 2: 1, 3: 1, 4: 1, 5: 1, 6: 1, 7: 1, 8: 1, 9: 1, 10: 1}","PASS , {1: 1, 2: 1, 3: 1, 4: 1, 5: 1, 6: 1, 7: 1, 8: 1} ","PASS , {1: 1, 2: 1, 3: 1, 4: 1} ",13:05:26_29-07-25
2560,2326,8002,004638,"BV25292312356 , T253013385 ",FF00FFA50010600D1FD0761C0106389901508C85000100C800300001000DDBCD0301839A8245009C0A10,PASS,"PASS, {1: 1, 2: 1, 3: 1, 4: 1, 5: 1, 6: 1, 7: 1, 8: 1, 9: 1, 10: 1, 11: 1}","PASS, {1: 1, 2: 1, 3: 1, 4: 1, 5: 1, 6: 1, 7: 1, 8: 1, 9: 1, 10: 1}","PASS , {1: 1, 2: 1, 3: 1, 4: 1, 5: 1, 6: 1, 7: 1, 8: 1} ","PASS , {1: 1, 2: 1, 3: 1, 4: 1} ",13:07:20_29-07-25
2561,2327,8002,004638,"BV25292312419 , T253013358 ",FF00FFA50010600D1FD0761C0106389901508C85000100C800300001000DDBCD0301839A8245009C0A10,PASS,"PASS, {1: 1, 2: 1, 3: 1, 4: 1, 5: 1, 6: 1, 7: 1, 8: 1, 9: 1, 10: 1, 11: 1}","PASS, {1: 1, 2: 1, 3: 1, 4: 1, 5: 1, 6: 1, 7: 1, 8: 1, 9: 1, 10: 1}","PASS , {1: 1, 2: 1, 3: 1, 4: 1, 5: 1, 6: 1, 7: 1, 8: 1} ","PASS , {1: 1, 2: 1, 3: 1, 4: 1} ",13:08:29_29-07-25
2562,2328,8002,004638,"BV25292312406 , T253011515 ",FF00FFA50010600D1FD0761C0106389901508C85000100C800300001000DDBCD0301839A8245009C0A10,PASS,"PASS, {1: 1, 2: 1, 3: 1, 4: 1, 5: 1, 6: 1, 7: 1, 8: 1, 9: 1, 10: 1, 11: 1}","PASS, {1: 1, 2: 1, 3: 1, 4: 1, 5: 1, 6: 1, 7: 1, 8: 1, 9: 1, 10: 1}","PASS , {1: 1, 2: 1, 3: 1, 4: 1, 5: 1, 6: 1, 7: 1, 8: 1} ","PASS , {1: 1, 2: 1, 3: 1, 4: 1} ",13:18:17_29-07-25
2563,2329,8002,004638,"BV25292312420 , T253012413 ",FF00FFA50010600D1FD0761C0106389901508C85000100C800300001000DDBCD0301839A8245009C0A10,PASS,"PASS, {1: 1, 2: 1, 3: 1, 4: 1, 5: 1, 6: 1, 7: 1, 8: 1, 9: 1, 10: 1, 11: 1}","PASS, {1: 1, 2: 1, 3: 1, 4: 1, 5: 1, 6: 1, 7: 1, 8: 1, 9: 1, 10: 1}","PASS , {1: 1, 2: 1, 3: 1, 4: 1, 5: 1, 6: 1, 7: 1, 8: 1} ","PASS , {1: 1, 2: 1, 3: 1, 4: 1} ",13:19:33_29-07-25
2564,2330,8002,004638,"BV25292312401 , T252718404 ",FF00FFA50010600D1FD0761C0106389901508C85000100C800300001000DDBCD0301839A8245009C0A10,PASS,"PASS, {1: 1, 2: 1, 3: 1, 4: 1, 5: 1, 6: 1, 7: 1, 8: 1, 9: 1, 10: 1, 11: 1}","PASS, {1: 1, 2: 1, 3: 1, 4: 1, 5: 1, 6: 1, 7: 1, 8: 1, 9: 1, 10: 1}","PASS , {1: 1, 2: 1, 3: 1, 4: 1, 5: 1, 6: 1, 7: 1, 8: 1} ","PASS , {1: 1, 2: 1, 3: 1, 4: 1} ",13:20:44_29-07-25
2565,2331,8002,004638,"BV25292312348 , T253012420 ",FF00FFA50010600D1FD0761C0106389901508C85000100C800300001000DDBCD0301839A8245009C0A10,PASS,"PASS, {1: 1, 2: 1, 3: 1, 4: 1, 5: 1, 6: 1, 7: 1, 8: 1, 9: 1, 10: 1, 11: 1}","PASS, {1: 1, 2: 1, 3: 1, 4: 1, 5: 1, 6: 1, 7: 1, 8: 1, 9: 1, 10: 1}","PASS , {1: 1, 2: 1, 3: 1, 4: 1, 5: 1, 6: 1, 7: 1, 8: 1} ","PASS , {1: 1, 2: 1, 3: 1, 4: 1} ",13:21:55_29-07-25
2566,2332,8002,004638,"BV25292312349 , T253013357 ",FF00FFA50010600D1FD0761C0106389901508C85000100C800300001000DDBCD0301839A8245009C0A10,PASS,"PASS, {1: 1, 2: 1, 3: 1, 4: 1, 5: 1, 6: 1, 7: 1, 8: 1, 9: 1, 10: 1, 11: 1}","PASS, {1: 1, 2: 1, 3: 1, 4: 1, 5: 1, 6: 1, 7: 1, 8: 1, 9: 1, 10: 1}","PASS , {1: 1, 2: 1, 3: 1, 4: 1, 5: 1, 6: 1, 7: 1, 8: 1} ","PASS , {1: 1, 2: 1, 3: 1, 4: 1} ",13:23:12_29-07-25
2567,2333,8002,004638,"BV25292312444 , T253012564 ",FF00FFA50010600D1FD0761C0106389901508C85000100C800300001000DDBCD0301839A8245009C0A10,PASS,"PASS, {1: 1, 2: 1, 3: 1, 4: 1, 5: 1, 6: 1, 7: 1, 8: 1, 9: 1, 10: 1, 11: 1}","PASS, {1: 1, 2: 1, 3: 1, 4: 1, 5: 1, 6: 1, 7: 1, 8: 1, 9: 1, 10: 1}","PASS , {1: 1, 2: 1, 3: 1, 4: 1, 5: 1, 6: 1, 7: 1, 8: 1} ","PASS , {1: 1, 2: 1, 3: 1, 4: 1} ",13:24:32_29-07-25
2568,2334,8002,004638,"BV25292312440 , T253012552 ",FF00FFA50010600D1FD0761C0106389901508C85000100C800300001000DDBCD0301839A8245009C0A10,PASS,"PASS, {1: 1, 2: 1, 3: 1, 4: 1, 5: 1, 6: 1, 7: 1, 8: 1, 9: 1, 10: 1, 11: 1}","PASS, {1: 1, 2: 1, 3: 1, 4: 1, 5: 1, 6: 1, 7: 1, 8: 1, 9: 1, 10: 1}","PASS , {1: 1, 2: 1, 3: 1, 4: 1, 5: 1, 6: 1, 7: 1, 8: 1} ","PASS , {1: 1, 2: 1, 3: 1, 4: 1} ",13:25:48_29-07-25
2569,2335,8002,004638,"BV25292312438 , T253011671 ",FF00FFA50010600D1FD0761C0106389901508C85000100C800300001000DDBCD0301839A8245009C0A10,PASS,"PASS, {1: 1, 2: 1, 3: 1, 4: 1, 5: 1, 6: 1, 7: 1, 8: 1, 9: 1, 10: 1, 11: 1}","PASS, {1: 1, 2: 1, 3: 1, 4: 1, 5: 1, 6: 1, 7: 1, 8: 1, 9: 1, 10: 1}","PASS , {1: 1, 2: 1, 3: 1, 4: 1, 5: 1, 6: 1, 7: 1, 8: 1} ","PASS , {1: 1, 2: 1, 3: 1, 4: 1} ",13:27:02_29-07-25
2570,2336,8002,004638,"BV25292312436 , T253011595 ",FF00FFA50010600D1FD0761C0106389901508C85000100C800300001000DDBCD0301839A8245009C0A10,PASS,"PASS, {1: 1, 2: 1, 3: 1, 4: 1, 5: 1, 6: 1, 7: 1, 8: 1, 9: 1, 10: 1, 11: 1}","PASS, {1: 1, 2: 1, 3: 1, 4: 1, 5: 1, 6: 1, 7: 1, 8: 1, 9: 1, 10: 1}","PASS , {1: 1, 2: 1, 3: 1, 4: 1, 5: 1, 6: 1, 7: 1, 8: 1} ","PASS , {1: 1, 2: 1, 3: 1, 4: 1} ",13:28:15_29-07-25
2571,2337,8002,004638,"BV25292312432 , T253012089 ",FF00FFA50010600D1FD0761C0106389901508C85000100C800300001000DDBCD0301839A8245009C0A10,PASS,"PASS, {1: 1, 2: 1, 3: 1, 4: 1, 5: 1, 6: 1, 7: 1, 8: 1, 9: 1, 10: 1, 11: 1}","PASS, {1: 1, 2: 1, 3: 1, 4: 1, 5: 1, 6: 1, 7: 1, 8: 1, 9: 1, 10: 1}","PASS , {1: 1, 2: 1, 3: 1, 4: 1, 5: 1, 6: 1, 7: 1, 8: 1} ","PASS , {1: 1, 2: 1, 3: 1, 4: 1} ",13:29:32_29-07-25
2572,2338,8002,004638,"BV25292312433 , T253011782 ",FF00FFA50010600D1FD0761C0106389901508C85000100C800300001000DDBCD0301839A8245009C0A10,PASS,"PASS, {1: 1, 2: 1, 3: 1, 4: 1, 5: 1, 6: 1, 7: 1, 8: 1, 9: 1, 10: 1, 11: 1}","PASS, {1: 1, 2: 1, 3: 1, 4: 1, 5: 1, 6: 1, 7: 1, 8: 1, 9: 1, 10: 1}","PASS , {1: 1, 2: 1, 3: 1, 4: 1, 5: 1, 6: 1, 7: 1, 8: 1} ","PASS , {1: 1, 2: 1, 3: 1, 4: 1} ",13:30:44_29-07-25
2573,2339,8002,004638,"BV25292312434 , T253011597 ",FF00FFA50010600D1FD0761C0106389901508C85000100C800300001000DDBCD0301839A8245009C0A10,PASS,"PASS, {1: 1, 2: 1, 3: 1, 4: 1, 5: 1, 6: 1, 7: 1, 8: 1, 9: 1, 10: 1, 11: 1}","PASS, {1: 1, 2: 1, 3: 1, 4: 1, 5: 1, 6: 1, 7: 1, 8: 1, 9: 1, 10: 1}","PASS , {1: 1, 2: 1, 3: 1, 4: 1, 5: 1, 6: 1, 7: 1, 8: 1} ","PASS , {1: 1, 2: 1, 3: 1, 4: 1} ",13:31:55_29-07-25
2574,2340,8002,004638,"BV25292312435 , T253011670 ",FF00FFA50010600D1FD0761C0106389901508C85000100C800300001000DDBCD0301839A8245009C0A10,PASS,"PASS, {1: 1, 2: 1, 3: 1, 4: 1, 5: 1, 6: 1, 7: 1, 8: 1, 9: 1, 10: 1, 11: 1}","PASS, {1: 1, 2: 1, 3: 1, 4: 1, 5: 1, 6: 1, 7: 1, 8: 1, 9: 1, 10: 1}","PASS , {1: 1, 2: 1, 3: 1, 4: 1, 5: 1, 6: 1, 7: 1, 8: 1} ","PASS , {1: 1, 2: 1, 3: 1, 4: 1} ",13:33:07_29-07-25
2575,2340,8002,004638,"BV25292312437 , T253011780 ",FF00FFA50010600D1FD0761C0106389901508C85000100C800300001000DDBCD0301839A8245009C0A10,PASS,"PASS, {1: 1, 2: 1, 3: 1, 4: 1, 5: 1, 6: 1, 7: 1, 8: 1, 9: 1, 10: 1, 11: 1}","PASS, {1: 1, 2: 1, 3: 1, 4: 1, 5: 1, 6: 1, 7: 1, 8: 1, 9: 1, 10: 1}","FAIL , {1: 1, 2: 1, 3: 1, 4: 1, 5: 1, 6: 1, 7: 0, 8: 1} ","PASS , {1: 1, 2: 1, 3: 1, 4: 1} ",13:34:26_29-07-25
2576,2341,8002,004638,"BV25292312441 , T253012091 ",FF00FFA50010600D1FD0761C0106389901508C85000100C800300001000DDBCD0301839A8245009C0A10,PASS,"PASS, {1: 1, 2: 1, 3: 1, 4: 1, 5: 1, 6: 1, 7: 1, 8: 1, 9: 1, 10: 1, 11: 1}","PASS, {1: 1, 2: 1, 3: 1, 4: 1, 5: 1, 6: 1, 7: 1, 8: 1, 9: 1, 10: 1}","PASS , {1: 1, 2: 1, 3: 1, 4: 1, 5: 1, 6: 1, 7: 1, 8: 1} ","PASS , {1: 1, 2: 1, 3: 1, 4: 1} ",13:35:44_29-07-25
2577,2342,8002,004638,"BV25292312442 , T253011669 ",FF00FFA50010600D1FD0761C0106389901508C85000100C800300001000DDBCD0301839A8245009C0A10,PASS,"PASS, {1: 1, 2: 1, 3: 1, 4: 1, 5: 1, 6: 1, 7: 1, 8: 1, 9: 1, 10: 1, 11: 1}","PASS, {1: 1, 2: 1, 3: 1, 4: 1, 5: 1, 6: 1, 7: 1, 8: 1, 9: 1, 10: 1}","PASS , {1: 1, 2: 1, 3: 1, 4: 1, 5: 1, 6: 1, 7: 1, 8: 1} ","PASS , {1: 1, 2: 1, 3: 1, 4: 1} ",13:36:58_29-07-25
2578,2343,8002,004638,"BV25292312443 , T253012428 ",FF00FFA50010600D1FD0761C0106389901508C85000100C800300001000DDBCD0301839A8245009C0A10,PASS,"PASS, {1: 1, 2: 1, 3: 1, 4: 1, 5: 1, 6: 1, 7: 1, 8: 1, 9: 1, 10: 1, 11: 1}","PASS, {1: 1, 2: 1, 3: 1, 4: 1, 5: 1, 6: 1, 7: 1, 8: 1, 9: 1, 10: 1}","PASS , {1: 1, 2: 1, 3: 1, 4: 1, 5: 1, 6: 1, 7: 1, 8: 1} ","PASS , {1: 1, 2: 1, 3: 1, 4: 1} ",13:38:11_29-07-25
2579,2344,8002,004638,"BV25292312447 , T253012576 ",FF00FFA50010600D1FD0761C0106389901508C85000100C800300001000DDBCD0301839A8245009C0A10,PASS,"PASS, {1: 1, 2: 1, 3: 1, 4: 1, 5: 1, 6: 1, 7: 1, 8: 1, 9: 1, 10: 1, 11: 1}","PASS, {1: 1, 2: 1, 3: 1, 4: 1, 5: 1, 6: 1, 7: 1, 8: 1, 9: 1, 10: 1}","PASS , {1: 1, 2: 1, 3: 1, 4: 1, 5: 1, 6: 1, 7: 1, 8: 1} ","PASS , {1: 1, 2: 1, 3: 1, 4: 1} ",13:39:24_29-07-25
2580,2345,8002,004638,"BV25292312400 , T253012562 ",FF00FFA50010600D1FD0761C0106389901508C85000100C800300001000DDBCD0301839A8245009C0A10,PASS,"PASS, {1: 1, 2: 1, 3: 1, 4: 1, 5: 1, 6: 1, 7: 1, 8: 1, 9: 1, 10: 1, 11: 1}","PASS, {1: 1, 2: 1, 3: 1, 4: 1, 5: 1, 6: 1, 7: 1, 8: 1, 9: 1, 10: 1}","PASS , {1: 1, 2: 1, 3: 1, 4: 1, 5: 1, 6: 1, 7: 1, 8: 1} ","PASS , {1: 1, 2: 1, 3: 1, 4: 1} ",13:40:35_29-07-25
2581,2346,8002,004638,"BV25292312347 , T253013360 ",FF00FFA50010600D1FD0761C0106389901508C85000100C800300001000DDBCD0301839A8245009C0A10,PASS,"PASS, {1: 1, 2: 1, 3: 1, 4: 1, 5: 1, 6: 1, 7: 1, 8: 1, 9: 1, 10: 1, 11: 1}","PASS, {1: 1, 2: 1, 3: 1, 4: 1, 5: 1, 6: 1, 7: 1, 8: 1, 9: 1, 10: 1}","PASS , {1: 1, 2: 1, 3: 1, 4: 1, 5: 1, 6: 1, 7: 1, 8: 1} ","PASS , {1: 1, 2: 1, 3: 1, 4: 1} ",13:41:53_29-07-25
2582,2347,8002,004638,"BV25292312403 , T253011683 ",FF00FFA50010600D1FD0761C0106389901508C85000100C800300001000DDBCD0301839A8245009C0A10,PASS,"PASS, {1: 1, 2: 1, 3: 1, 4: 1, 5: 1, 6: 1, 7: 1, 8: 1, 9: 1, 10: 1, 11: 1}","PASS, {1: 1, 2: 1, 3: 1, 4: 1, 5: 1, 6: 1, 7: 1, 8: 1, 9: 1, 10: 1}","PASS , {1: 1, 2: 1, 3: 1, 4: 1, 5: 1, 6: 1, 7: 1, 8: 1} ","PASS , {1: 1, 2: 1, 3: 1, 4: 1} ",13:43:38_29-07-25
2583,2348,8002,004638,"BV25292312402 , T253012093 ",FF00FFA50010600D1FD0761C0106389901508C85000100C800300001000DDBCD0301839A8245009C0A10,PASS,"PASS, {1: 1, 2: 1, 3: 1, 4: 1, 5: 1, 6: 1, 7: 1, 8: 1, 9: 1, 10: 1, 11: 1}","PASS, {1: 1, 2: 1, 3: 1, 4: 1, 5: 1, 6: 1, 7: 1, 8: 1, 9: 1, 10: 1}","PASS , {1: 1, 2: 1, 3: 1, 4: 1, 5: 1, 6: 1, 7: 1, 8: 1} ","PASS , {1: 1, 2: 1, 3: 1, 4: 1} ",13:44:50_29-07-25
2584,2349,8002,004638,"BV25292312404 , T253011681 ",FF00FFA50010600D1FD0761C0106389901508C85000100C800300001000DDBCD0301839A8245009C0A10,PASS,"PASS, {1: 1, 2: 1, 3: 1, 4: 1, 5: 1, 6: 1, 7: 1, 8: 1, 9: 1, 10: 1, 11: 1}","PASS, {1: 1, 2: 1, 3: 1, 4: 1, 5: 1, 6: 1, 7: 1, 8: 1, 9: 1, 10: 1}","PASS , {1: 1, 2: 1, 3: 1, 4: 1, 5: 1, 6: 1, 7: 1, 8: 1} ","PASS , {1: 1, 2: 1, 3: 1, 4: 1} ",13:46:02_29-07-25
2585,2350,8002,004638,"BV25292312405 , T253011677 ",FF00FFA50010600D1FD0761C0106389901508C85000100C800300001000DDBCD0301839A8245009C0A10,PASS,"PASS, {1: 1, 2: 1, 3: 1, 4: 1, 5: 1, 6: 1, 7: 1, 8: 1, 9: 1, 10: 1, 11: 1}","PASS, {1: 1, 2: 1, 3: 1, 4: 1, 5: 1, 6: 1, 7: 1, 8: 1, 9: 1, 10: 1}","PASS , {1: 1, 2: 1, 3: 1, 4: 1, 5: 1, 6: 1, 7: 1, 8: 1} ","PASS , {1: 1, 2: 1, 3: 1, 4: 1} ",13:47:18_29-07-25
2586,2351,8002,004638,"BV25292312385 , T252716313 ",FF00FFA50010600D1FD0761C0106389901508C85000100C800300001000DDBCD0301839A8245009C0A10,PASS,"PASS, {1: 1, 2: 1, 3: 1, 4: 1, 5: 1, 6: 1, 7: 1, 8: 1, 9: 1, 10: 1, 11: 1}","PASS, {1: 1, 2: 1, 3: 1, 4: 1, 5: 1, 6: 1, 7: 1, 8: 1, 9: 1, 10: 1}","PASS , {1: 1, 2: 1, 3: 1, 4: 1, 5: 1, 6: 1, 7: 1, 8: 1} ","PASS , {1: 1, 2: 1, 3: 1, 4: 1} ",13:49:21_29-07-25
2587,2352,8002,004638,"BV25292312407 , T253013539 ",FF00FFA50010600D1FD0761C0106389901508C85000100C800300001000DDBCD0301839A8245009C0A10,PASS,"PASS, {1: 1, 2: 1, 3: 1, 4: 1, 5: 1, 6: 1, 7: 1, 8: 1, 9: 1, 10: 1, 11: 1}","PASS, {1: 1, 2: 1, 3: 1, 4: 1, 5: 1, 6: 1, 7: 1, 8: 1, 9: 1, 10: 1}","PASS , {1: 1, 2: 1, 3: 1, 4: 1, 5: 1, 6: 1, 7: 1, 8: 1} ","PASS , {1: 1, 2: 1, 3: 1, 4: 1} ",13:51:13_29-07-25
2588,2353,8002,004638,"BV25292312408 , T253011514 ",FF00FFA50010600D1FD0761C0106389901508C85000100C800300001000DDBCD0301839A8245009C0A10,PASS,"PASS, {1: 1, 2: 1, 3: 1, 4: 1, 5: 1, 6: 1, 7: 1, 8: 1, 9: 1, 10: 1, 11: 1}","PASS, {1: 1, 2: 1, 3: 1, 4: 1, 5: 1, 6: 1, 7: 1, 8: 1, 9: 1, 10: 1}","PASS , {1: 1, 2: 1, 3: 1, 4: 1, 5: 1, 6: 1, 7: 1, 8: 1} ","PASS , {1: 1, 2: 1, 3: 1, 4: 1} ",13:52:22_29-07-25
2589,2354,8002,004638,"BV25292312410 , T253013543 ",FF00FFA50010600D1FD0761C0106389901508C85000100C800300001000DDBCD0301839A8245009C0A10,PASS,"PASS, {1: 1, 2: 1, 3: 1, 4: 1, 5: 1, 6: 1, 7: 1, 8: 1, 9: 1, 10: 1, 11: 1}","PASS, {1: 1, 2: 1, 3: 1, 4: 1, 5: 1, 6: 1, 7: 1, 8: 1, 9: 1, 10: 1}","PASS , {1: 1, 2: 1, 3: 1, 4: 1, 5: 1, 6: 1, 7: 1, 8: 1} ","PASS , {1: 1, 2: 1, 3: 1, 4: 1} ",13:54:32_29-07-25
2590,2355,8002,004638,"BV25292312411 , T252718403 ",FF00FFA50010600D1FD0761C0106389901508C85000100C800300001000DDBCD0301839A8245009C0A10,PASS,"PASS, {1: 1, 2: 1, 3: 1, 4: 1, 5: 1, 6: 1, 7: 1, 8: 1, 9: 1, 10: 1, 11: 1}","PASS, {1: 1, 2: 1, 3: 1, 4: 1, 5: 1, 6: 1, 7: 1, 8: 1, 9: 1, 10: 1}","PASS , {1: 1, 2: 1, 3: 1, 4: 1, 5: 1, 6: 1, 7: 1, 8: 1} ","PASS , {1: 1, 2: 1, 3: 1, 4: 1} ",13:56:54_29-07-25
2591,2356,8002,004638,"BV25292312412 , T253013542 ",FF00FFA50010600D1FD0761C0106389901508C85000100C800300001000DDBCD0301839A8245009C0A10,PASS,"PASS, {1: 1, 2: 1, 3: 1, 4: 1, 5: 1, 6: 1, 7: 1, 8: 1, 9: 1, 10: 1, 11: 1}","PASS, {1: 1, 2: 1, 3: 1, 4: 1, 5: 1, 6: 1, 7: 1, 8: 1, 9: 1, 10: 1}","PASS , {1: 1, 2: 1, 3: 1, 4: 1, 5: 1, 6: 1, 7: 1, 8: 1} ","PASS , {1: 1, 2: 1, 3: 1, 4: 1} ",13:58:49_29-07-25
2592,2357,8002,004638,"BV25292312310 , T253013598 ",FF00FFA50010600D1FD0761C0106389901508C85000100C800300001000DDBCD0301839A8245009C0A10,PASS,"PASS, {1: 1, 2: 1, 3: 1, 4: 1, 5: 1, 6: 1, 7: 1, 8: 1, 9: 1, 10: 1, 11: 1}","PASS, {1: 1, 2: 1, 3: 1, 4: 1, 5: 1, 6: 1, 7: 1, 8: 1, 9: 1, 10: 1}","PASS , {1: 1, 2: 1, 3: 1, 4: 1, 5: 1, 6: 1, 7: 1, 8: 1} ","PASS , {1: 1, 2: 1, 3: 1, 4: 1} ",14:00:06_29-07-25
2593,2358,8002,004638,"BV25292312413 , T253013546 ",FF00FFA50010600D1FD0761C0106389901508C85000100C800300001000DDBCD0301839A8245009C0A10,PASS,"PASS, {1: 1, 2: 1, 3: 1, 4: 1, 5: 1, 6: 1, 7: 1, 8: 1, 9: 1, 10: 1, 11: 1}","PASS, {1: 1, 2: 1, 3: 1, 4: 1, 5: 1, 6: 1, 7: 1, 8: 1, 9: 1, 10: 1}","PASS , {1: 1, 2: 1, 3: 1, 4: 1, 5: 1, 6: 1, 7: 1, 8: 1} ","PASS , {1: 1, 2: 1, 3: 1, 4: 1} ",14:02:22_29-07-25
2594,2359,8002,004638,"BV25292312414 , T253012109 ",FF00FFA50010600D1FD0761C0106389901508C85000100C800300001000DDBCD0301839A8245009C0A10,PASS,"PASS, {1: 1, 2: 1, 3: 1, 4: 1, 5: 1, 6: 1, 7: 1, 8: 1, 9: 1, 10: 1, 11: 1}","PASS, {1: 1, 2: 1, 3: 1, 4: 1, 5: 1, 6: 1, 7: 1, 8: 1, 9: 1, 10: 1}","PASS , {1: 1, 2: 1, 3: 1, 4: 1, 5: 1, 6: 1, 7: 1, 8: 1} ","PASS , {1: 1, 2: 1, 3: 1, 4: 1} ",14:04:15_29-07-25
2595,2360,8002,004638,"BV25292312415 , T253013538 ",FF00FFA50010600D1FD0761C0106389901508C85000100C800300001000DDBCD0301839A8245009C0A10,PASS,"PASS, {1: 1, 2: 1, 3: 1, 4: 1, 5: 1, 6: 1, 7: 1, 8: 1, 9: 1, 10: 1, 11: 1}","PASS, {1: 1, 2: 1, 3: 1, 4: 1, 5: 1, 6: 1, 7: 1, 8: 1, 9: 1, 10: 1}","PASS , {1: 1, 2: 1, 3: 1, 4: 1, 5: 1, 6: 1, 7: 1, 8: 1} ","PASS , {1: 1, 2: 1, 3: 1, 4: 1} ",14:06:00_29-07-25
2596,2361,8002,004638,"BV25292312416 , T253013370 ",FF00FFA50010600D1FD0761C0106389901508C85000100C800300001000DDBCD0301839A8245009C0A10,PASS,"PASS, {1: 1, 2: 1, 3: 1, 4: 1, 5: 1, 6: 1, 7: 1, 8: 1, 9: 1, 10: 1, 11: 1}","PASS, {1: 1, 2: 1, 3: 1, 4: 1, 5: 1, 6: 1, 7: 1, 8: 1, 9: 1, 10: 1}","PASS , {1: 1, 2: 1, 3: 1, 4: 1, 5: 1, 6: 1, 7: 1, 8: 1} ","PASS , {1: 1, 2: 1, 3: 1, 4: 1} ",14:07:24_29-07-25
2597,2362,8002,004638,"BV25292312418 , T253013377 ",FF00FFA50010600D1FD0761C0106389901508C85000100C800300001000DDBCD0301839A8245009C0A10,PASS,"PASS, {1: 1, 2: 1, 3: 1, 4: 1, 5: 1, 6: 1, 7: 1, 8: 1, 9: 1, 10: 1, 11: 1}","PASS, {1: 1, 2: 1, 3: 1, 4: 1, 5: 1, 6: 1, 7: 1, 8: 1, 9: 1, 10: 1}","PASS , {1: 1, 2: 1, 3: 1, 4: 1, 5: 1, 6: 1, 7: 1, 8: 1} ","PASS , {1: 1, 2: 1, 3: 1, 4: 1} ",14:08:58_29-07-25
2598,2363,8002,004638,"BV25292312355 , T253013383 ",FF00FFA50010600D1FD0761C0106389901508C85000100C800300001000DDBCD0301839A8245009C0A10,PASS,"PASS, {1: 1, 2: 1, 3: 1, 4: 1, 5: 1, 6: 1, 7: 1, 8: 1, 9: 1, 10: 1, 11: 1}","PASS, {1: 1, 2: 1, 3: 1, 4: 1, 5: 1, 6: 1, 7: 1, 8: 1, 9: 1, 10: 1}","PASS , {1: 1, 2: 1, 3: 1, 4: 1, 5: 1, 6: 1, 7: 1, 8: 1} ","PASS , {1: 1, 2: 1, 3: 1, 4: 1} ",14:10:22_29-07-25
2599,2364,8002,004638,"BV25292312354 , T253013382 ",FF00FFA50010600D1FD0761C0106389901508C85000100C800300001000DDBCD0301839A8245009C0A10,PASS,"PASS, {1: 1, 2: 1, 3: 1, 4: 1, 5: 1, 6: 1, 7: 1, 8: 1, 9: 1, 10: 1, 11: 1}","PASS, {1: 1, 2: 1, 3: 1, 4: 1, 5: 1, 6: 1, 7: 1, 8: 1, 9: 1, 10: 1}","PASS , {1: 1, 2: 1, 3: 1, 4: 1, 5: 1, 6: 1, 7: 1, 8: 1} ","PASS , {1: 1, 2: 1, 3: 1, 4: 1} ",14:11:43_29-07-25
2600,2365,8002,004638,"BV25292312389 , T252718440 ",FF00FFA50010600D1FD0761C0106389901508C85000100C800300001000DDBCD0301839A8245009C0A10,PASS,"PASS, {1: 1, 2: 1, 3: 1, 4: 1, 5: 1, 6: 1, 7: 1, 8: 1, 9: 1, 10: 1, 11: 1}","PASS, {1: 1, 2: 1, 3: 1, 4: 1, 5: 1, 6: 1, 7: 1, 8: 1, 9: 1, 10: 1}","PASS , {1: 1, 2: 1, 3: 1, 4: 1, 5: 1, 6: 1, 7: 1, 8: 1} ","PASS , {1: 1, 2: 1, 3: 1, 4: 1} ",14:13:13_29-07-25
2601,2366,8002,004638,"BV25292312391 , T252718399 ",FF00FFA50010600D1FD0761C0106389901508C85000100C800300001000DDBCD0301839A8245009C0A10,PASS,"PASS, {1: 1, 2: 1, 3: 1, 4: 1, 5: 1, 6: 1, 7: 1, 8: 1, 9: 1, 10: 1, 11: 1}","PASS, {1: 1, 2: 1, 3: 1, 4: 1, 5: 1, 6: 1, 7: 1, 8: 1, 9: 1, 10: 1}","PASS , {1: 1, 2: 1, 3: 1, 4: 1, 5: 1, 6: 1, 7: 1, 8: 1} ","PASS , {1: 1, 2: 1, 3: 1, 4: 1} ",14:14:31_29-07-25
2602,2367,8002,004638,"BV25292312328 , T253013517 ",FF00FFA50010600D1FD0761C0106389901508C85000100C800300001000DDBCD0301839A8245009C0A10,PASS,"PASS, {1: 1, 2: 1, 3: 1, 4: 1, 5: 1, 6: 1, 7: 1, 8: 1, 9: 1, 10: 1, 11: 1}","PASS, {1: 1, 2: 1, 3: 1, 4: 1, 5: 1, 6: 1, 7: 1, 8: 1, 9: 1, 10: 1}","PASS , {1: 1, 2: 1, 3: 1, 4: 1, 5: 1, 6: 1, 7: 1, 8: 1} ","PASS , {1: 1, 2: 1, 3: 1, 4: 1} ",14:15:52_29-07-25
2603,2368,8002,004638,"BV25292312326 , T253013387 ",FF00FFA50010600D1FD0761C0106389901508C85000100C800300001000DDBCD0301839A8245009C0A10,PASS,"PASS, {1: 1, 2: 1, 3: 1, 4: 1, 5: 1, 6: 1, 7: 1, 8: 1, 9: 1, 10: 1, 11: 1}","PASS, {1: 1, 2: 1, 3: 1, 4: 1, 5: 1, 6: 1, 7: 1, 8: 1, 9: 1, 10: 1}","PASS , {1: 1, 2: 1, 3: 1, 4: 1, 5: 1, 6: 1, 7: 1, 8: 1} ","PASS , {1: 1, 2: 1, 3: 1, 4: 1} ",14:17:41_29-07-25
2604,2369,8002,004638,"BV25292312324 , T253013350 ",FF00FFA50010600D1FD0761C0106389901508C85000100C800300001000DDBCD0301839A8245009C0A10,PASS,"PASS, {1: 1, 2: 1, 3: 1, 4: 1, 5: 1, 6: 1, 7: 1, 8: 1, 9: 1, 10: 1, 11: 1}","PASS, {1: 1, 2: 1, 3: 1, 4: 1, 5: 1, 6: 1, 7: 1, 8: 1, 9: 1, 10: 1}","PASS , {1: 1, 2: 1, 3: 1, 4: 1, 5: 1, 6: 1, 7: 1, 8: 1} ","PASS , {1: 1, 2: 1, 3: 1, 4: 1} ",14:19:13_29-07-25
2605,2370,8002,004638,"BV25292312323 , T253013389 ",FF00FFA50010600D1FD0761C0106389901508C85000100C800300001000DDBCD0301839A8245009C0A10,PASS,"PASS, {1: 1, 2: 1, 3: 1, 4: 1, 5: 1, 6: 1, 7: 1, 8: 1, 9: 1, 10: 1, 11: 1}","PASS, {1: 1, 2: 1, 3: 1, 4: 1, 5: 1, 6: 1, 7: 1, 8: 1, 9: 1, 10: 1}","PASS , {1: 1, 2: 1, 3: 1, 4: 1, 5: 1, 6: 1, 7: 1, 8: 1} ","PASS , {1: 1, 2: 1, 3: 1, 4: 1} ",14:20:39_29-07-25
2606,2371,8002,004638,"BV25292312315 , T253013607 ",FF00FFA50010600D1FD0761C0106389901508C85000100C800300001000DDBCD0301839A8245009C0A10,PASS,"PASS, {1: 1, 2: 1, 3: 1, 4: 1, 5: 1, 6: 1, 7: 1, 8: 1, 9: 1, 10: 1, 11: 1}","PASS, {1: 1, 2: 1, 3: 1, 4: 1, 5: 1, 6: 1, 7: 1, 8: 1, 9: 1, 10: 1}","PASS , {1: 1, 2: 1, 3: 1, 4: 1, 5: 1, 6: 1, 7: 1, 8: 1} ","PASS , {1: 1, 2: 1, 3: 1, 4: 1} ",14:22:03_29-07-25
2607,2372,8002,004638,"BV25292312314 , T253013011 ",FF00FFA50010600D1FD0761C0106389901508C85000100C800300001000DDBCD0301839A8245009C0A10,PASS,"PASS, {1: 1, 2: 1, 3: 1, 4: 1, 5: 1, 6: 1, 7: 1, 8: 1, 9: 1, 10: 1, 11: 1}","PASS, {1: 1, 2: 1, 3: 1, 4: 1, 5: 1, 6: 1, 7: 1, 8: 1, 9: 1, 10: 1}","PASS , {1: 1, 2: 1, 3: 1, 4: 1, 5: 1, 6: 1, 7: 1, 8: 1} ","PASS , {1: 1, 2: 1, 3: 1, 4: 1} ",14:23:27_29-07-25
2608,2373,8002,004638,"BV25292312318 , T253013590 ",FF00FFA50010600D1FD0761C0106389901508C85000100C800300001000DDBCD0301839A8245009C0A10,PASS,"PASS, {1: 1, 2: 1, 3: 1, 4: 1, 5: 1, 6: 1, 7: 1, 8: 1, 9: 1, 10: 1, 11: 1}","PASS, {1: 1, 2: 1, 3: 1, 4: 1, 5: 1, 6: 1, 7: 1, 8: 1, 9: 1, 10: 1}","PASS , {1: 1, 2: 1, 3: 1, 4: 1, 5: 1, 6: 1, 7: 1, 8: 1} ","PASS , {1: 1, 2: 1, 3: 1, 4: 1} ",14:24:54_29-07-25
2609,2374,8002,004638,"BV25292312319 , T253013415 ",FF00FFA50010600D1FD0761C0106389901508C85000100C800300001000DDBCD0301839A8245009C0A10,PASS,"PASS, {1: 1, 2: 1, 3: 1, 4: 1, 5: 1, 6: 1, 7: 1, 8: 1, 9: 1, 10: 1, 11: 1}","PASS, {1: 1, 2: 1, 3: 1, 4: 1, 5: 1, 6: 1, 7: 1, 8: 1, 9: 1, 10: 1}","PASS , {1: 1, 2: 1, 3: 1, 4: 1, 5: 1, 6: 1, 7: 1, 8: 1} ","PASS , {1: 1, 2: 1, 3: 1, 4: 1} ",14:26:27_29-07-25
2610,2375,8002,004638,"BV25292312321 , T253013533 ",FF00FFA50010600D1FD0761C0106389901508C85000100C800300001000DDBCD0301839A8245009C0A10,PASS,"PASS, {1: 1, 2: 1, 3: 1, 4: 1, 5: 1, 6: 1, 7: 1, 8: 1, 9: 1, 10: 1, 11: 1}","PASS, {1: 1, 2: 1, 3: 1, 4: 1, 5: 1, 6: 1, 7: 1, 8: 1, 9: 1, 10: 1}","PASS , {1: 1, 2: 1, 3: 1, 4: 1, 5: 1, 6: 1, 7: 1, 8: 1} ","PASS , {1: 1, 2: 1, 3: 1, 4: 1} ",14:28:02_29-07-25
2611,2376,8002,004638,"BV25292312308 , T253013604 ",FF00FFA50010600D1FD0761C0106389901508C85000100C800300001000DDBCD0301839A8245009C0A10,PASS,"PASS, {1: 1, 2: 1, 3: 1, 4: 1, 5: 1, 6: 1, 7: 1, 8: 1, 9: 1, 10: 1, 11: 1}","PASS, {1: 1, 2: 1, 3: 1, 4: 1, 5: 1, 6: 1, 7: 1, 8: 1, 9: 1, 10: 1}","PASS , {1: 1, 2: 1, 3: 1, 4: 1, 5: 1, 6: 1, 7: 1, 8: 1} ","PASS , {1: 1, 2: 1, 3: 1, 4: 1} ",14:29:29_29-07-25
2612,2377,8002,004638,"BV25292312306 , T253013014 ",FF00FFA50010600D1FD0761C0106389901508C85000100C800300001000DDBCD0301839A8245009C0A10,PASS,"PASS, {1: 1, 2: 1, 3: 1, 4: 1, 5: 1, 6: 1, 7: 1, 8: 1, 9: 1, 10: 1, 11: 1}","PASS, {1: 1, 2: 1, 3: 1, 4: 1, 5: 1, 6: 1, 7: 1, 8: 1, 9: 1, 10: 1}","PASS , {1: 1, 2: 1, 3: 1, 4: 1, 5: 1, 6: 1, 7: 1, 8: 1} ","PASS , {1: 1, 2: 1, 3: 1, 4: 1} ",14:30:58_29-07-25
2613,2378,8002,004638,"BV25292312305 , T253013527 ",FF00FFA50010600D1FD0761C0106389901508C85000100C800300001000DDBCD0301839A8245009C0A10,PASS,"PASS, {1: 1, 2: 1, 3: 1, 4: 1, 5: 1, 6: 1, 7: 1, 8: 1, 9: 1, 10: 1, 11: 1}","PASS, {1: 1, 2: 1, 3: 1, 4: 1, 5: 1, 6: 1, 7: 1, 8: 1, 9: 1, 10: 1}","PASS , {1: 1, 2: 1, 3: 1, 4: 1, 5: 1, 6: 1, 7: 1, 8: 1} ","PASS , {1: 1, 2: 1, 3: 1, 4: 1} ",14:32:16_29-07-25
2614,2378,8002,004638,"BV25292312267 , T252211181 ",FF00FFA50010600D1FD0761C0106389901508C85000100C800300001000DDBCD0301839A8245009C0A10,PASS,"PASS, {1: 1, 2: 1, 3: 1, 4: 1, 5: 1, 6: 1, 7: 1, 8: 1, 9: 1, 10: 1, 11: 1}","PASS, {1: 1, 2: 1, 3: 1, 4: 1, 5: 1, 6: 1, 7: 1, 8: 1, 9: 1, 10: 1}","FAIL , {1: 1, 2: 0, 3: 1, 4: 1, 5: 1, 6: 1, 7: 1, 8: 1} ","PASS , {1: 1, 2: 1, 3: 1, 4: 1} ",14:33:32_29-07-25
2615,2379,8002,004638,"BV25292312268 , T252210404 ",FF00FFA50010600D1FD0761C0106389901508C85000100C800300001000DDBCD0301839A8245009C0A10,PASS,"PASS, {1: 1, 2: 1, 3: 1, 4: 1, 5: 1, 6: 1, 7: 1, 8: 1, 9: 1, 10: 1, 11: 1}","PASS, {1: 1, 2: 1, 3: 1, 4: 1, 5: 1, 6: 1, 7: 1, 8: 1, 9: 1, 10: 1}","PASS , {1: 1, 2: 1, 3: 1, 4: 1, 5: 1, 6: 1, 7: 1, 8: 1} ","PASS , {1: 1, 2: 1, 3: 1, 4: 1} ",14:34:43_29-07-25
2616,2380,8002,004638,"BV25292312269 , T252211502 ",FF00FFA50010600D1FD0761C0106389901508C85000100C800300001000DDBCD0301839A8245009C0A10,PASS,"PASS, {1: 1, 2: 1, 3: 1, 4: 1, 5: 1, 6: 1, 7: 1, 8: 1, 9: 1, 10: 1, 11: 1}","PASS, {1: 1, 2: 1, 3: 1, 4: 1, 5: 1, 6: 1, 7: 1, 8: 1, 9: 1, 10: 1}","PASS , {1: 1, 2: 1, 3: 1, 4: 1, 5: 1, 6: 1, 7: 1, 8: 1} ","PASS , {1: 1, 2: 1, 3: 1, 4: 1} ",14:35:53_29-07-25
2617,2381,8002,004638,"BV25292312270 , T252209956 ",FF00FFA50010600D1FD0761C0106389901508C85000100C800300001000DDBCD0301839A8245009C0A10,PASS,"PASS, {1: 1, 2: 1, 3: 1, 4: 1, 5: 1, 6: 1, 7: 1, 8: 1, 9: 1, 10: 1, 11: 1}","PASS, {1: 1, 2: 1, 3: 1, 4: 1, 5: 1, 6: 1, 7: 1, 8: 1, 9: 1, 10: 1}","PASS , {1: 1, 2: 1, 3: 1, 4: 1, 5: 1, 6: 1, 7: 1, 8: 1} ","PASS , {1: 1, 2: 1, 3: 1, 4: 1} ",14:37:12_29-07-25
2618,2382,8002,004638,"BV25292312425 , T253012571 ",FF00FFA50010600D1FD0761C0106389901508C85000100C800300001000DDBCD0301839A8245009C0A10,PASS,"PASS, {1: 1, 2: 1, 3: 1, 4: 1, 5: 1, 6: 1, 7: 1, 8: 1, 9: 1, 10: 1, 11: 1}","PASS, {1: 1, 2: 1, 3: 1, 4: 1, 5: 1, 6: 1, 7: 1, 8: 1, 9: 1, 10: 1}","PASS , {1: 1, 2: 1, 3: 1, 4: 1, 5: 1, 6: 1, 7: 1, 8: 1} ","PASS , {1: 1, 2: 1, 3: 1, 4: 1} ",14:38:37_29-07-25
2619,2383,8002,004638,"BV25292312428 , T253013384 ",FF00FFA50010600D1FD0761C0106389901508C85000100C800300001000DDBCD0301839A8245009C0A10,PASS,"PASS, {1: 1, 2: 1, 3: 1, 4: 1, 5: 1, 6: 1, 7: 1, 8: 1, 9: 1, 10: 1, 11: 1}","PASS, {1: 1, 2: 1, 3: 1, 4: 1, 5: 1, 6: 1, 7: 1, 8: 1, 9: 1, 10: 1}","PASS , {1: 1, 2: 1, 3: 1, 4: 1, 5: 1, 6: 1, 7: 1, 8: 1} ","PASS , {1: 1, 2: 1, 3: 1, 4: 1} ",14:40:01_29-07-25
2620,2384,8002,004638,"BV25292312430 , T253013369 ",FF00FFA50010600D1FD0761C0106389901508C85000100C800300001000DDBCD0301839A8245009C0A10,PASS,"PASS, {1: 1, 2: 1, 3: 1, 4: 1, 5: 1, 6: 1, 7: 1, 8: 1, 9: 1, 10: 1, 11: 1}","PASS, {1: 1, 2: 1, 3: 1, 4: 1, 5: 1, 6: 1, 7: 1, 8: 1, 9: 1, 10: 1}","PASS , {1: 1, 2: 1, 3: 1, 4: 1, 5: 1, 6: 1, 7: 1, 8: 1} ","PASS , {1: 1, 2: 1, 3: 1, 4: 1} ",14:41:21_29-07-25
2621,2385,8002,004638,"BV25292312424 , T253012418 ",FF00FFA50010600D1FD0761C0106389901508C85000100C800300001000DDBCD0301839A8245009C0A10,PASS,"PASS, {1: 1, 2: 1, 3: 1, 4: 1, 5: 1, 6: 1, 7: 1, 8: 1, 9: 1, 10: 1, 11: 1}","PASS, {1: 1, 2: 1, 3: 1, 4: 1, 5: 1, 6: 1, 7: 1, 8: 1, 9: 1, 10: 1}","PASS , {1: 1, 2: 1, 3: 1, 4: 1, 5: 1, 6: 1, 7: 1, 8: 1} ","PASS , {1: 1, 2: 1, 3: 1, 4: 1} ",14:42:38_29-07-25
2622,2386,8002,004638,"BV25292312422 , T253012575 ",FF00FFA50010600D1FD0761C0106389901508C85000100C800300001000DDBCD0301839A8245009C0A10,PASS,"PASS, {1: 1, 2: 1, 3: 1, 4: 1, 5: 1, 6: 1, 7: 1, 8: 1, 9: 1, 10: 1, 11: 1}","PASS, {1: 1, 2: 1, 3: 1, 4: 1, 5: 1, 6: 1, 7: 1, 8: 1, 9: 1, 10: 1}","PASS , {1: 1, 2: 1, 3: 1, 4: 1, 5: 1, 6: 1, 7: 1, 8: 1} ","PASS , {1: 1, 2: 1, 3: 1, 4: 1} ",14:43:52_29-07-25
2623,2387,8002,004638,"BV25292312423 , T253012421 ",FF00FFA50010600D1FD0761C0106389901508C85000100C800300001000DDBCD0301839A8245009C0A10,PASS,"PASS, {1: 1, 2: 1, 3: 1, 4: 1, 5: 1, 6: 1, 7: 1, 8: 1, 9: 1, 10: 1, 11: 1}","PASS, {1: 1, 2: 1, 3: 1, 4: 1, 5: 1, 6: 1, 7: 1, 8: 1, 9: 1, 10: 1}","PASS , {1: 1, 2: 1, 3: 1, 4: 1, 5: 1, 6: 1, 7: 1, 8: 1} ","PASS , {1: 1, 2: 1, 3: 1, 4: 1} ",14:45:07_29-07-25
2624,2388,8002,004638,"BV25292312439 , T253011779 ",FF00FFA50010600D1FD0761C0106389901508C85000100C800300001000DDBCD0301839A8245009C0A10,PASS,"PASS, {1: 1, 2: 1, 3: 1, 4: 1, 5: 1, 6: 1, 7: 1, 8: 1, 9: 1, 10: 1, 11: 1}","PASS, {1: 1, 2: 1, 3: 1, 4: 1, 5: 1, 6: 1, 7: 1, 8: 1, 9: 1, 10: 1}","PASS , {1: 1, 2: 1, 3: 1, 4: 1, 5: 1, 6: 1, 7: 1, 8: 1} ","PASS , {1: 1, 2: 1, 3: 1, 4: 1} ",14:46:19_29-07-25
2625,2389,8002,004638,"BV25292312421 , T253013386 ",FF00FFA50010600D1FD0761C0106389901508C85000100C800300001000DDBCD0301839A8245009C0A10,PASS,"PASS, {1: 1, 2: 1, 3: 1, 4: 1, 5: 1, 6: 1, 7: 1, 8: 1, 9: 1, 10: 1, 11: 1}","PASS, {1: 1, 2: 1, 3: 1, 4: 1, 5: 1, 6: 1, 7: 1, 8: 1, 9: 1, 10: 1}","PASS , {1: 1, 2: 1, 3: 1, 4: 1, 5: 1, 6: 1, 7: 1, 8: 1} ","PASS , {1: 1, 2: 1, 3: 1, 4: 1} ",14:47:31_29-07-25
2626,2390,8002,004638,"BV25292312431 , T253013361 ",FF00FFA50010600D1FD0761C0106389901508C85000100C800300001000DDBCD0301839A8245009C0A10,PASS,"PASS, {1: 1, 2: 1, 3: 1, 4: 1, 5: 1, 6: 1, 7: 1, 8: 1, 9: 1, 10: 1, 11: 1}","PASS, {1: 1, 2: 1, 3: 1, 4: 1, 5: 1, 6: 1, 7: 1, 8: 1, 9: 1, 10: 1}","PASS , {1: 1, 2: 1, 3: 1, 4: 1, 5: 1, 6: 1, 7: 1, 8: 1} ","PASS , {1: 1, 2: 1, 3: 1, 4: 1} ",14:48:44_29-07-25
2627,2391,8002,004638,"BV25292312429 , T253013379 ",FF00FFA50010600D1FD0761C0106389901508C85000100C800300001000DDBCD0301839A8245009C0A10,PASS,"PASS, {1: 1, 2: 1, 3: 1, 4: 1, 5: 1, 6: 1, 7: 1, 8: 1, 9: 1, 10: 1, 11: 1}","PASS, {1: 1, 2: 1, 3: 1, 4: 1, 5: 1, 6: 1, 7: 1, 8: 1, 9: 1, 10: 1}","PASS , {1: 1, 2: 1, 3: 1, 4: 1, 5: 1, 6: 1, 7: 1, 8: 1} ","PASS , {1: 1, 2: 1, 3: 1, 4: 1} ",14:49:55_29-07-25
2628,2392,8002,004638,"BV25292312427 , T253013366 ",FF00FFA50010600D1FD0761C0106389901508C85000100C800300001000DDBCD0301839A8245009C0A10,PASS,"PASS, {1: 1, 2: 1, 3: 1, 4: 1, 5: 1, 6: 1, 7: 1, 8: 1, 9: 1, 10: 1, 11: 1}","PASS, {1: 1, 2: 1, 3: 1, 4: 1, 5: 1, 6: 1, 7: 1, 8: 1, 9: 1, 10: 1}","PASS , {1: 1, 2: 1, 3: 1, 4: 1, 5: 1, 6: 1, 7: 1, 8: 1} ","PASS , {1: 1, 2: 1, 3: 1, 4: 1} ",14:51:07_29-07-25
2629,2393,8002,004638,"BV25292312426 , T253013381 ",FF00FFA50010600D1FD0761C0106389901508C85000100C800300001000DDBCD0301839A8245009C0A10,PASS,"PASS, {1: 1, 2: 1, 3: 1, 4: 1, 5: 1, 6: 1, 7: 1, 8: 1, 9: 1, 10: 1, 11: 1}","PASS, {1: 1, 2: 1, 3: 1, 4: 1, 5: 1, 6: 1, 7: 1, 8: 1, 9: 1, 10: 1}","PASS , {1: 1, 2: 1, 3: 1, 4: 1, 5: 1, 6: 1, 7: 1, 8: 1} ","PASS , {1: 1, 2: 1, 3: 1, 4: 1} ",14:52:22_29-07-25
2630,2394,8002,004638,"BV25292312449 , T253012547 ",FF00FFA50010600D1FD0761C0106389901508C85000100C800300001000DDBCD0301839A8245009C0A10,PASS,"PASS, {1: 1, 2: 1, 3: 1, 4: 1, 5: 1, 6: 1, 7: 1, 8: 1, 9: 1, 10: 1, 11: 1}","PASS, {1: 1, 2: 1, 3: 1, 4: 1, 5: 1, 6: 1, 7: 1, 8: 1, 9: 1, 10: 1}","PASS , {1: 1, 2: 1, 3: 1, 4: 1, 5: 1, 6: 1, 7: 1, 8: 1} ","PASS , {1: 1, 2: 1, 3: 1, 4: 1} ",14:53:34_29-07-25
2631,2395,8002,004638,"BV25292312446 , T253012561 ",FF00FFA50010600D1FD0761C0106389901508C85000100C800300001000DDBCD0301839A8245009C0A10,PASS,"PASS, {1: 1, 2: 1, 3: 1, 4: 1, 5: 1, 6: 1, 7: 1, 8: 1, 9: 1, 10: 1, 11: 1}","PASS, {1: 1, 2: 1, 3: 1, 4: 1, 5: 1, 6: 1, 7: 1, 8: 1, 9: 1, 10: 1}","PASS , {1: 1, 2: 1, 3: 1, 4: 1, 5: 1, 6: 1, 7: 1, 8: 1} ","PASS , {1: 1, 2: 1, 3: 1, 4: 1} ",14:54:45_29-07-25
2632,2396,8002,004638,"BV25292312454 , T253013548 ",FF00FFA50010600D1FD0761C0106389901508C85000100C800300001000DDBCD0301839A8245009C0A10,PASS,"PASS, {1: 1, 2: 1, 3: 1, 4: 1, 5: 1, 6: 1, 7: 1, 8: 1, 9: 1, 10: 1, 11: 1}","PASS, {1: 1, 2: 1, 3: 1, 4: 1, 5: 1, 6: 1, 7: 1, 8: 1, 9: 1, 10: 1}","PASS , {1: 1, 2: 1, 3: 1, 4: 1, 5: 1, 6: 1, 7: 1, 8: 1} ","PASS , {1: 1, 2: 1, 3: 1, 4: 1} ",14:55:57_29-07-25
2633,2397,8002,004638,"BV25292312456 , T253012111 ",FF00FFA50010600D1FD0761C0106389901508C85000100C800300001000DDBCD0301839A8245009C0A10,PASS,"PASS, {1: 1, 2: 1, 3: 1, 4: 1, 5: 1, 6: 1, 7: 1, 8: 1, 9: 1, 10: 1, 11: 1}","PASS, {1: 1, 2: 1, 3: 1, 4: 1, 5: 1, 6: 1, 7: 1, 8: 1, 9: 1, 10: 1}","PASS , {1: 1, 2: 1, 3: 1, 4: 1, 5: 1, 6: 1, 7: 1, 8: 1} ","PASS , {1: 1, 2: 1, 3: 1, 4: 1} ",14:57:15_29-07-25
2634,2398,8002,004638,"BV25292312452 , T253013567 ",FF00FFA50010600D1FD0761C0106389901508C85000100C800300001000DDBCD0301839A8245009C0A10,PASS,"PASS, {1: 1, 2: 1, 3: 1, 4: 1, 5: 1, 6: 1, 7: 1, 8: 1, 9: 1, 10: 1, 11: 1}","PASS, {1: 1, 2: 1, 3: 1, 4: 1, 5: 1, 6: 1, 7: 1, 8: 1, 9: 1, 10: 1}","PASS , {1: 1, 2: 1, 3: 1, 4: 1, 5: 1, 6: 1, 7: 1, 8: 1} ","PASS , {1: 1, 2: 1, 3: 1, 4: 1} ",14:58:32_29-07-25
2635,2399,8002,004638,"BV25292312451 , T253013569 ",FF00FFA50010600D1FD0761C0106389901508C85000100C800300001000DDBCD0301839A8245009C0A10,PASS,"PASS, {1: 1, 2: 1, 3: 1, 4: 1, 5: 1, 6: 1, 7: 1, 8: 1, 9: 1, 10: 1, 11: 1}","PASS, {1: 1, 2: 1, 3: 1, 4: 1, 5: 1, 6: 1, 7: 1, 8: 1, 9: 1, 10: 1}","PASS , {1: 1, 2: 1, 3: 1, 4: 1, 5: 1, 6: 1, 7: 1, 8: 1} ","PASS , {1: 1, 2: 1, 3: 1, 4: 1} ",14:59:44_29-07-25
2636,2400,8002,004638,"BV25292312457 , T253012107 ",FF00FFA50010600D1FD0761C0106389901508C85000100C800300001000DDBCD0301839A8245009C0A10,PASS,"PASS, {1: 1, 2: 1, 3: 1, 4: 1, 5: 1, 6: 1, 7: 1, 8: 1, 9: 1, 10: 1, 11: 1}","PASS, {1: 1, 2: 1, 3: 1, 4: 1, 5: 1, 6: 1, 7: 1, 8: 1, 9: 1, 10: 1}","PASS , {1: 1, 2: 1, 3: 1, 4: 1, 5: 1, 6: 1, 7: 1, 8: 1} ","PASS , {1: 1, 2: 1, 3: 1, 4: 1} ",15:00:58_29-07-25
2637,2401,8002,004638,"BV25292312459 , T253013571 ",FF00FFA50010600D1FD0761C0106389901508C85000100C800300001000DDBCD0301839A8245009C0A10,PASS,"PASS, {1: 1, 2: 1, 3: 1, 4: 1, 5: 1, 6: 1, 7: 1, 8: 1, 9: 1, 10: 1, 11: 1}","PASS, {1: 1, 2: 1, 3: 1, 4: 1, 5: 1, 6: 1, 7: 1, 8: 1, 9: 1, 10: 1}","PASS , {1: 1, 2: 1, 3: 1, 4: 1, 5: 1, 6: 1, 7: 1, 8: 1} ","PASS , {1: 1, 2: 1, 3: 1, 4: 1} ",15:02:10_29-07-25
2638,2402,8002,004638,"BV25292312458 , T253013399 ",FF00FFA50010600D1FD0761C0106389901508C85000100C800300001000DDBCD0301839A8245009C0A10,PASS,"PASS, {1: 1, 2: 1, 3: 1, 4: 1, 5: 1, 6: 1, 7: 1, 8: 1, 9: 1, 10: 1, 11: 1}","PASS, {1: 1, 2: 1, 3: 1, 4: 1, 5: 1, 6: 1, 7: 1, 8: 1, 9: 1, 10: 1}","PASS , {1: 1, 2: 1, 3: 1, 4: 1, 5: 1, 6: 1, 7: 1, 8: 1} ","PASS , {1: 1, 2: 1, 3: 1, 4: 1} ",15:03:22_29-07-25
2639,2403,8002,004638,"BV25292312460 , T253013403 ",FF00FFA50010600D1FD0761C0106389901508C85000100C800300001000DDBCD0301839A8245009C0A10,PASS,"PASS, {1: 1, 2: 1, 3: 1, 4: 1, 5: 1, 6: 1, 7: 1, 8: 1, 9: 1, 10: 1, 11: 1}","PASS, {1: 1, 2: 1, 3: 1, 4: 1, 5: 1, 6: 1, 7: 1, 8: 1, 9: 1, 10: 1}","PASS , {1: 1, 2: 1, 3: 1, 4: 1, 5: 1, 6: 1, 7: 1, 8: 1} ","PASS , {1: 1, 2: 1, 3: 1, 4: 1} ",15:04:34_29-07-25
2640,2404,8002,004638,"BV25292312461 , T253013573 ",FF00FFA50010600D1FD0761C0106389901508C85000100C800300001000DDBCD0301839A8245009C0A10,PASS,"PASS, {1: 1, 2: 1, 3: 1, 4: 1, 5: 1, 6: 1, 7: 1, 8: 1, 9: 1, 10: 1, 11: 1}","PASS, {1: 1, 2: 1, 3: 1, 4: 1, 5: 1, 6: 1, 7: 1, 8: 1, 9: 1, 10: 1}","PASS , {1: 1, 2: 1, 3: 1, 4: 1, 5: 1, 6: 1, 7: 1, 8: 1} ","PASS , {1: 1, 2: 1, 3: 1, 4: 1} ",15:05:47_29-07-25
2641,2405,8002,004638,"BV25292312463 , T253013535 ",FF00FFA50010600D1FD0761C0106389901508C85000100C800300001000DDBCD0301839A8245009C0A10,PASS,"PASS, {1: 1, 2: 1, 3: 1, 4: 1, 5: 1, 6: 1, 7: 1, 8: 1, 9: 1, 10: 1, 11: 1}","PASS, {1: 1, 2: 1, 3: 1, 4: 1, 5: 1, 6: 1, 7: 1, 8: 1, 9: 1, 10: 1}","PASS , {1: 1, 2: 1, 3: 1, 4: 1, 5: 1, 6: 1, 7: 1, 8: 1} ","PASS , {1: 1, 2: 1, 3: 1, 4: 1} ",15:07:48_29-07-25
2642,2406,8002,004638,"BV25292312489 , T252716096 ",FF00FFA50010600D1FD0761C0106389901508C85000100C800300001000DDBCD0301839A8245009C0A10,PASS,"PASS, {1: 1, 2: 1, 3: 1, 4: 1, 5: 1, 6: 1, 7: 1, 8: 1, 9: 1, 10: 1, 11: 1}","PASS, {1: 1, 2: 1, 3: 1, 4: 1, 5: 1, 6: 1, 7: 1, 8: 1, 9: 1, 10: 1}","PASS , {1: 1, 2: 1, 3: 1, 4: 1, 5: 1, 6: 1, 7: 1, 8: 1} ","PASS , {1: 1, 2: 1, 3: 1, 4: 1} ",15:08:58_29-07-25
2643,2407,8002,004638,"BV25292312465 , T253013553 ",FF00FFA50010600D1FD0761C0106389901508C85000100C800300001000DDBCD0301839A8245009C0A10,PASS,"PASS, {1: 1, 2: 1, 3: 1, 4: 1, 5: 1, 6: 1, 7: 1, 8: 1, 9: 1, 10: 1, 11: 1}","PASS, {1: 1, 2: 1, 3: 1, 4: 1, 5: 1, 6: 1, 7: 1, 8: 1, 9: 1, 10: 1}","PASS , {1: 1, 2: 1, 3: 1, 4: 1, 5: 1, 6: 1, 7: 1, 8: 1} ","PASS , {1: 1, 2: 1, 3: 1, 4: 1} ",15:10:12_29-07-25
2644,2408,8002,004638,"BV25292312485 , T252718438 ",FF00FFA50010600D1FD0761C0106389901508C85000100C800300001000DDBCD0301839A8245009C0A10,PASS,"PASS, {1: 1, 2: 1, 3: 1, 4: 1, 5: 1, 6: 1, 7: 1, 8: 1, 9: 1, 10: 1, 11: 1}","PASS, {1: 1, 2: 1, 3: 1, 4: 1, 5: 1, 6: 1, 7: 1, 8: 1, 9: 1, 10: 1}","PASS , {1: 1, 2: 1, 3: 1, 4: 1, 5: 1, 6: 1, 7: 1, 8: 1} ","PASS , {1: 1, 2: 1, 3: 1, 4: 1} ",15:11:54_29-07-25
2645,2409,8002,004638,"BV25292312484 , T252718437 ",FF00FFA50010600D1FD0761C0106389901508C85000100C800300001000DDBCD0301839A8245009C0A10,PASS,"PASS, {1: 1, 2: 1, 3: 1, 4: 1, 5: 1, 6: 1, 7: 1, 8: 1, 9: 1, 10: 1, 11: 1}","PASS, {1: 1, 2: 1, 3: 1, 4: 1, 5: 1, 6: 1, 7: 1, 8: 1, 9: 1, 10: 1}","PASS , {1: 1, 2: 1, 3: 1, 4: 1, 5: 1, 6: 1, 7: 1, 8: 1} ","PASS , {1: 1, 2: 1, 3: 1, 4: 1} ",15:13:08_29-07-25
2646,2410,8002,004638,"BV25292312468 , T253013549 ",FF00FFA50010600D1FD0761C0106389901508C85000100C800300001000DDBCD0301839A8245009C0A10,PASS,"PASS, {1: 1, 2: 1, 3: 1, 4: 1, 5: 1, 6: 1, 7: 1, 8: 1, 9: 1, 10: 1, 11: 1}","PASS, {1: 1, 2: 1, 3: 1, 4: 1, 5: 1, 6: 1, 7: 1, 8: 1, 9: 1, 10: 1}","PASS , {1: 1, 2: 1, 3: 1, 4: 1, 5: 1, 6: 1, 7: 1, 8: 1} ","PASS , {1: 1, 2: 1, 3: 1, 4: 1} ",15:14:22_29-07-25
2647,2411,8002,004638,"BV25292312470 , T252716604 ",FF00FFA50010600D1FD0761C0106389901508C85000100C800300001000DDBCD0301839A8245009C0A10,PASS,"PASS, {1: 1, 2: 1, 3: 1, 4: 1, 5: 1, 6: 1, 7: 1, 8: 1, 9: 1, 10: 1, 11: 1}","PASS, {1: 1, 2: 1, 3: 1, 4: 1, 5: 1, 6: 1, 7: 1, 8: 1, 9: 1, 10: 1}","PASS , {1: 1, 2: 1, 3: 1, 4: 1, 5: 1, 6: 1, 7: 1, 8: 1} ","PASS , {1: 1, 2: 1, 3: 1, 4: 1} ",15:15:34_29-07-25
2648,2412,8002,004638,"BV25292312494 , T252720952 ",FF00FFA50010600D1FD0761C0106389901508C85000100C800300001000DDBCD0301839A8245009C0A10,PASS,"PASS, {1: 1, 2: 1, 3: 1, 4: 1, 5: 1, 6: 1, 7: 1, 8: 1, 9: 1, 10: 1, 11: 1}","PASS, {1: 1, 2: 1, 3: 1, 4: 1, 5: 1, 6: 1, 7: 1, 8: 1, 9: 1, 10: 1}","PASS , {1: 1, 2: 1, 3: 1, 4: 1, 5: 1, 6: 1, 7: 1, 8: 1} ","PASS , {1: 1, 2: 1, 3: 1, 4: 1} ",15:16:47_29-07-25
2649,2412,8002,004638,"BV25292312469 , T252716603 ",FF00FFA50010600D1FD0761C0106389901508C85000100C800300001000DDBCD0301839A8245009C0A10,PASS,"PASS, {1: 1, 2: 1, 3: 1, 4: 1, 5: 1, 6: 1, 7: 1, 8: 1, 9: 1, 10: 1, 11: 1}","FAIL, {1: 0, 2: 1, 3: 1, 4: 1, 5: 1, 6: 1, 7: 1, 8: 1, 9: 1, 10: 1}","PASS , {1: 1, 2: 1, 3: 1, 4: 1, 5: 1, 6: 1, 7: 1, 8: 1} ","PASS , {1: 1, 2: 1, 3: 1, 4: 1} ",15:17:57_29-07-25
2650,2413,8002,004638,"BV25292312474 , T252802119 ",FF00FFA50010600D1FD0761C0106389901508C85000100C800300001000DDBCD0301839A8245009C0A10,PASS,"PASS, {1: 1, 2: 1, 3: 1, 4: 1, 5: 1, 6: 1, 7: 1, 8: 1, 9: 1, 10: 1, 11: 1}","PASS, {1: 1, 2: 1, 3: 1, 4: 1, 5: 1, 6: 1, 7: 1, 8: 1, 9: 1, 10: 1}","PASS , {1: 1, 2: 1, 3: 1, 4: 1, 5: 1, 6: 1, 7: 1, 8: 1} ","PASS , {1: 1, 2: 1, 3: 1, 4: 1} ",15:19:09_29-07-25
2651,2414,8002,004638,"BV25292312476 , T252802290 ",FF00FFA50010600D1FD0761C0106389901508C85000100C800300001000DDBCD0301839A8245009C0A10,PASS,"PASS, {1: 1, 2: 1, 3: 1, 4: 1, 5: 1, 6: 1, 7: 1, 8: 1, 9: 1, 10: 1, 11: 1}","PASS, {1: 1, 2: 1, 3: 1, 4: 1, 5: 1, 6: 1, 7: 1, 8: 1, 9: 1, 10: 1}","PASS , {1: 1, 2: 1, 3: 1, 4: 1, 5: 1, 6: 1, 7: 1, 8: 1} ","PASS , {1: 1, 2: 1, 3: 1, 4: 1} ",15:20:21_29-07-25
2652,2415,8002,004638,"BV25292312475 , T252802292 ",FF00FFA50010600D1FD0761C0106389901508C85000100C800300001000DDBCD0301839A8245009C0A10,PASS,"PASS, {1: 1, 2: 1, 3: 1, 4: 1, 5: 1, 6: 1, 7: 1, 8: 1, 9: 1, 10: 1, 11: 1}","PASS, {1: 1, 2: 1, 3: 1, 4: 1, 5: 1, 6: 1, 7: 1, 8: 1, 9: 1, 10: 1}","PASS , {1: 1, 2: 1, 3: 1, 4: 1, 5: 1, 6: 1, 7: 1, 8: 1} ","PASS , {1: 1, 2: 1, 3: 1, 4: 1} ",15:21:39_29-07-25
2653,2416,8002,004638,"BV25292312497 , T253013560 ",FF00FFA50010600D1FD0761C0106389901508C85000100C800300001000DDBCD0301839A8245009C0A10,PASS,"PASS, {1: 1, 2: 1, 3: 1, 4: 1, 5: 1, 6: 1, 7: 1, 8: 1, 9: 1, 10: 1, 11: 1}","PASS, {1: 1, 2: 1, 3: 1, 4: 1, 5: 1, 6: 1, 7: 1, 8: 1, 9: 1, 10: 1}","PASS , {1: 1, 2: 1, 3: 1, 4: 1, 5: 1, 6: 1, 7: 1, 8: 1} ","PASS , {1: 1, 2: 1, 3: 1, 4: 1} ",15:22:50_29-07-25
2654,2417,8002,004638,"BV25292312490 , T252716111 ",FF00FFA50010600D1FD0761C0106389901508C85000100C800300001000DDBCD0301839A8245009C0A10,PASS,"PASS, {1: 1, 2: 1, 3: 1, 4: 1, 5: 1, 6: 1, 7: 1, 8: 1, 9: 1, 10: 1, 11: 1}","PASS, {1: 1, 2: 1, 3: 1, 4: 1, 5: 1, 6: 1, 7: 1, 8: 1, 9: 1, 10: 1}","PASS , {1: 1, 2: 1, 3: 1, 4: 1, 5: 1, 6: 1, 7: 1, 8: 1} ","PASS , {1: 1, 2: 1, 3: 1, 4: 1} ",15:24:05_29-07-25
2655,2418,8002,004638,"BV25292312492 , T253013568 ",FF00FFA50010600D1FD0761C0106389901508C85000100C800300001000DDBCD0301839A8245009C0A10,PASS,"PASS, {1: 1, 2: 1, 3: 1, 4: 1, 5: 1, 6: 1, 7: 1, 8: 1, 9: 1, 10: 1, 11: 1}","PASS, {1: 1, 2: 1, 3: 1, 4: 1, 5: 1, 6: 1, 7: 1, 8: 1, 9: 1, 10: 1}","PASS , {1: 1, 2: 1, 3: 1, 4: 1, 5: 1, 6: 1, 7: 1, 8: 1} ","PASS , {1: 1, 2: 1, 3: 1, 4: 1} ",15:25:21_29-07-25
2656,2418,8002,004638,"BV25292312479 , T252716312 ",FF00FFA50010600D1FD0761C0106389901508C85000100C800300001000DDBCD0301839A8245009C0A10,PASS,"PASS, {1: 1, 2: 1, 3: 1, 4: 1, 5: 1, 6: 1, 7: 1, 8: 1, 9: 1, 10: 1, 11: 1}","FAIL, {1: 0, 2: 1, 3: 1, 4: 1, 5: 1, 6: 1, 7: 1, 8: 1, 9: 1, 10: 1}","PASS , {1: 1, 2: 1, 3: 1, 4: 1, 5: 1, 6: 1, 7: 1, 8: 1} ","PASS , {1: 1, 2: 1, 3: 1, 4: 1} ",15:26:35_29-07-25
2657,2419,8002,004638,"BV25292312481 , T252716309 ",FF00FFA50010600D1FD0761C0106389901508C85000100C800300001000DDBCD0301839A8245009C0A10,PASS,"PASS, {1: 1, 2: 1, 3: 1, 4: 1, 5: 1, 6: 1, 7: 1, 8: 1, 9: 1, 10: 1, 11: 1}","PASS, {1: 1, 2: 1, 3: 1, 4: 1, 5: 1, 6: 1, 7: 1, 8: 1, 9: 1, 10: 1}","PASS , {1: 1, 2: 1, 3: 1, 4: 1, 5: 1, 6: 1, 7: 1, 8: 1} ","PASS , {1: 1, 2: 1, 3: 1, 4: 1} ",15:28:06_29-07-25
2658,2420,8002,004638,"BV25292312480 , T252720396 ",FF00FFA50010600D1FD0761C0106389901508C85000100C800300001000DDBCD0301839A8245009C0A10,PASS,"PASS, {1: 1, 2: 1, 3: 1, 4: 1, 5: 1, 6: 1, 7: 1, 8: 1, 9: 1, 10: 1, 11: 1}","PASS, {1: 1, 2: 1, 3: 1, 4: 1, 5: 1, 6: 1, 7: 1, 8: 1, 9: 1, 10: 1}","PASS , {1: 1, 2: 1, 3: 1, 4: 1, 5: 1, 6: 1, 7: 1, 8: 1} ","PASS , {1: 1, 2: 1, 3: 1, 4: 1} ",15:29:17_29-07-25
2659,2421,8002,004638,"BV25292312483 , T252718402 ",FF00FFA50010600D1FD0761C0106389901508C85000100C800300001000DDBCD0301839A8245009C0A10,PASS,"PASS, {1: 1, 2: 1, 3: 1, 4: 1, 5: 1, 6: 1, 7: 1, 8: 1, 9: 1, 10: 1, 11: 1}","PASS, {1: 1, 2: 1, 3: 1, 4: 1, 5: 1, 6: 1, 7: 1, 8: 1, 9: 1, 10: 1}","PASS , {1: 1, 2: 1, 3: 1, 4: 1, 5: 1, 6: 1, 7: 1, 8: 1} ","PASS , {1: 1, 2: 1, 3: 1, 4: 1} ",15:30:33_29-07-25
2660,2422,8002,004638,"BV25292312466 , T253013556 ",FF00FFA50010600D1FD0761C0106389901508C85000100C800300001000DDBCD0301839A8245009C0A10,PASS,"PASS, {1: 1, 2: 1, 3: 1, 4: 1, 5: 1, 6: 1, 7: 1, 8: 1, 9: 1, 10: 1, 11: 1}","PASS, {1: 1, 2: 1, 3: 1, 4: 1, 5: 1, 6: 1, 7: 1, 8: 1, 9: 1, 10: 1}","PASS , {1: 1, 2: 1, 3: 1, 4: 1, 5: 1, 6: 1, 7: 1, 8: 1} ","PASS , {1: 1, 2: 1, 3: 1, 4: 1} ",15:31:49_29-07-25
2661,2423,8002,004638,"BV25292312467 , T253013551 ",FF00FFA50010600D1FD0761C0106389901508C85000100C800300001000DDBCD0301839A8245009C0A10,PASS,"PASS, {1: 1, 2: 1, 3: 1, 4: 1, 5: 1, 6: 1, 7: 1, 8: 1, 9: 1, 10: 1, 11: 1}","PASS, {1: 1, 2: 1, 3: 1, 4: 1, 5: 1, 6: 1, 7: 1, 8: 1, 9: 1, 10: 1}","PASS , {1: 1, 2: 1, 3: 1, 4: 1, 5: 1, 6: 1, 7: 1, 8: 1} ","PASS , {1: 1, 2: 1, 3: 1, 4: 1} ",15:33:02_29-07-25
2662,2424,8002,004638,"BV25292312464 , T253013536 ",FF00FFA50010600D1FD0761C0106389901508C85000100C800300001000DDBCD0301839A8245009C0A10,PASS,"PASS, {1: 1, 2: 1, 3: 1, 4: 1, 5: 1, 6: 1, 7: 1, 8: 1, 9: 1, 10: 1, 11: 1}","PASS, {1: 1, 2: 1, 3: 1, 4: 1, 5: 1, 6: 1, 7: 1, 8: 1, 9: 1, 10: 1}","PASS , {1: 1, 2: 1, 3: 1, 4: 1, 5: 1, 6: 1, 7: 1, 8: 1} ","PASS , {1: 1, 2: 1, 3: 1, 4: 1} ",15:34:19_29-07-25
2663,2425,8002,004638,"BV25292312482 , T252718400 ",FF00FFA50010600D1FD0761C0106389901508C85000100C800300001000DDBCD0301839A8245009C0A10,PASS,"PASS, {1: 1, 2: 1, 3: 1, 4: 1, 5: 1, 6: 1, 7: 1, 8: 1, 9: 1, 10: 1, 11: 1}","PASS, {1: 1, 2: 1, 3: 1, 4: 1, 5: 1, 6: 1, 7: 1, 8: 1, 9: 1, 10: 1}","PASS , {1: 1, 2: 1, 3: 1, 4: 1, 5: 1, 6: 1, 7: 1, 8: 1} ","PASS , {1: 1, 2: 1, 3: 1, 4: 1} ",15:35:34_29-07-25
2664,2425,8002,004638,"BV25292312478 , T252718439 ",FF00FFA50010600D1FD0761C0106389901508C85000100C800300001000DDBCD0301839A8245009C0A10,PASS,"PASS, {1: 1, 2: 1, 3: 1, 4: 1, 5: 1, 6: 1, 7: 1, 8: 1, 9: 1, 10: 1, 11: 1}","PASS, {1: 1, 2: 1, 3: 1, 4: 1, 5: 1, 6: 1, 7: 1, 8: 1, 9: 1, 10: 1}","PASS , {1: 1, 2: 1, 3: 1, 4: 1, 5: 1, 6: 1, 7: 1, 8: 1} ","FAIL , {1: 0, 2: 1, 3: 1, 4: 1} ",15:36:47_29-07-25
2665,2426,8002,004638,"BV25292312495 , T252720956 ",FF00FFA50010600D1FD0761C0106389901508C85000100C800300001000DDBCD0301839A8245009C0A10,PASS,"PASS, {1: 1, 2: 1, 3: 1, 4: 1, 5: 1, 6: 1, 7: 1, 8: 1, 9: 1, 10: 1, 11: 1}","PASS, {1: 1, 2: 1, 3: 1, 4: 1, 5: 1, 6: 1, 7: 1, 8: 1, 9: 1, 10: 1}","PASS , {1: 1, 2: 1, 3: 1, 4: 1, 5: 1, 6: 1, 7: 1, 8: 1} ","PASS , {1: 1, 2: 1, 3: 1, 4: 1} ",15:37:56_29-07-25
2666,2427,8002,004638,"BV25292312496 , T252716092 ",FF00FFA50010600D1FD0761C0106389901508C85000100C800300001000DDBCD0301839A8245009C0A10,PASS,"PASS, {1: 1, 2: 1, 3: 1, 4: 1, 5: 1, 6: 1, 7: 1, 8: 1, 9: 1, 10: 1, 11: 1}","PASS, {1: 1, 2: 1, 3: 1, 4: 1, 5: 1, 6: 1, 7: 1, 8: 1, 9: 1, 10: 1}","PASS , {1: 1, 2: 1, 3: 1, 4: 1, 5: 1, 6: 1, 7: 1, 8: 1} ","PASS , {1: 1, 2: 1, 3: 1, 4: 1} ",15:39:43_29-07-25
2667,2428,8002,004638,"BV25292312498 , T253013565 ",FF00FFA50010600D1FD0761C0106389901508C85000100C800300001000DDBCD0301839A8245009C0A10,PASS,"PASS, {1: 1, 2: 1, 3: 1, 4: 1, 5: 1, 6: 1, 7: 1, 8: 1, 9: 1, 10: 1, 11: 1}","PASS, {1: 1, 2: 1, 3: 1, 4: 1, 5: 1, 6: 1, 7: 1, 8: 1, 9: 1, 10: 1}","PASS , {1: 1, 2: 1, 3: 1, 4: 1, 5: 1, 6: 1, 7: 1, 8: 1} ","PASS , {1: 1, 2: 1, 3: 1, 4: 1} ",15:40:53_29-07-25
2668,2429,8002,004638,"BV25292312477 , T252802287 ",FF00FFA50010600D1FD0761C0106389901508C85000100C800300001000DDBCD0301839A8245009C0A10,PASS,"PASS, {1: 1, 2: 1, 3: 1, 4: 1, 5: 1, 6: 1, 7: 1, 8: 1, 9: 1, 10: 1, 11: 1}","PASS, {1: 1, 2: 1, 3: 1, 4: 1, 5: 1, 6: 1, 7: 1, 8: 1, 9: 1, 10: 1}","PASS , {1: 1, 2: 1, 3: 1, 4: 1, 5: 1, 6: 1, 7: 1, 8: 1} ","PASS , {1: 1, 2: 1, 3: 1, 4: 1} ",15:42:04_29-07-25
2669,2430,8002,004638,"BV25292312491 , T252716113 ",FF00FFA50010600D1FD0761C0106389901508C85000100C800300001000DDBCD0301839A8245009C0A10,PASS,"PASS, {1: 1, 2: 1, 3: 1, 4: 1, 5: 1, 6: 1, 7: 1, 8: 1, 9: 1, 10: 1, 11: 1}","PASS, {1: 1, 2: 1, 3: 1, 4: 1, 5: 1, 6: 1, 7: 1, 8: 1, 9: 1, 10: 1}","PASS , {1: 1, 2: 1, 3: 1, 4: 1, 5: 1, 6: 1, 7: 1, 8: 1} ","PASS , {1: 1, 2: 1, 3: 1, 4: 1} ",15:43:23_29-07-25
2670,2431,8002,004638,"BV25292312504 , T253013339 ",FF00FFA50010600D1FD0761C0106389901508C85000100C800300001000DDBCD0301839A8245009C0A10,PASS,"PASS, {1: 1, 2: 1, 3: 1, 4: 1, 5: 1, 6: 1, 7: 1, 8: 1, 9: 1, 10: 1, 11: 1}","PASS, {1: 1, 2: 1, 3: 1, 4: 1, 5: 1, 6: 1, 7: 1, 8: 1, 9: 1, 10: 1}","PASS , {1: 1, 2: 1, 3: 1, 4: 1, 5: 1, 6: 1, 7: 1, 8: 1} ","PASS , {1: 1, 2: 1, 3: 1, 4: 1} ",15:44:34_29-07-25
2671,2432,8002,004638,"BV25292312506 , T253013342 ",FF00FFA50010600D1FD0761C0106389901508C85000100C800300001000DDBCD0301839A8245009C0A10,PASS,"PASS, {1: 1, 2: 1, 3: 1, 4: 1, 5: 1, 6: 1, 7: 1, 8: 1, 9: 1, 10: 1, 11: 1}","PASS, {1: 1, 2: 1, 3: 1, 4: 1, 5: 1, 6: 1, 7: 1, 8: 1, 9: 1, 10: 1}","PASS , {1: 1, 2: 1, 3: 1, 4: 1, 5: 1, 6: 1, 7: 1, 8: 1} ","PASS , {1: 1, 2: 1, 3: 1, 4: 1} ",15:45:51_29-07-25
2672,2433,8002,004638,"BV25292312508 , T253012747 ",FF00FFA50010600D1FD0761C0106389901508C85000100C800300001000DDBCD0301839A8245009C0A10,PASS,"PASS, {1: 1, 2: 1, 3: 1, 4: 1, 5: 1, 6: 1, 7: 1, 8: 1, 9: 1, 10: 1, 11: 1}","PASS, {1: 1, 2: 1, 3: 1, 4: 1, 5: 1, 6: 1, 7: 1, 8: 1, 9: 1, 10: 1}","PASS , {1: 1, 2: 1, 3: 1, 4: 1, 5: 1, 6: 1, 7: 1, 8: 1} ","PASS , {1: 1, 2: 1, 3: 1, 4: 1} ",15:47:01_29-07-25
2673,2434,8002,004638,"BV25292312509 , T253012969 ",FF00FFA50010600D1FD0761C0106389901508C85000100C800300001000DDBCD0301839A8245009C0A10,PASS,"PASS, {1: 1, 2: 1, 3: 1, 4: 1, 5: 1, 6: 1, 7: 1, 8: 1, 9: 1, 10: 1, 11: 1}","PASS, {1: 1, 2: 1, 3: 1, 4: 1, 5: 1, 6: 1, 7: 1, 8: 1, 9: 1, 10: 1}","PASS , {1: 1, 2: 1, 3: 1, 4: 1, 5: 1, 6: 1, 7: 1, 8: 1} ","PASS , {1: 1, 2: 1, 3: 1, 4: 1} ",15:48:12_29-07-25
2674,2435,8002,004638,"BV25292312513 , T253012486 ",FF00FFA50010600D1FD0761C0106389901508C85000100C800300001000DDBCD0301839A8245009C0A10,PASS,"PASS, {1: 1, 2: 1, 3: 1, 4: 1, 5: 1, 6: 1, 7: 1, 8: 1, 9: 1, 10: 1, 11: 1}","PASS, {1: 1, 2: 1, 3: 1, 4: 1, 5: 1, 6: 1, 7: 1, 8: 1, 9: 1, 10: 1}","PASS , {1: 1, 2: 1, 3: 1, 4: 1, 5: 1, 6: 1, 7: 1, 8: 1} ","PASS , {1: 1, 2: 1, 3: 1, 4: 1} ",15:49:31_29-07-25
2675,2436,8002,004638,"BV25292312514 , T253013334 ",FF00FFA50010600D1FD0761C0106389901508C85000100C800300001000DDBCD0301839A8245009C0A10,PASS,"PASS, {1: 1, 2: 1, 3: 1, 4: 1, 5: 1, 6: 1, 7: 1, 8: 1, 9: 1, 10: 1, 11: 1}","PASS, {1: 1, 2: 1, 3: 1, 4: 1, 5: 1, 6: 1, 7: 1, 8: 1, 9: 1, 10: 1}","PASS , {1: 1, 2: 1, 3: 1, 4: 1, 5: 1, 6: 1, 7: 1, 8: 1} ","PASS , {1: 1, 2: 1, 3: 1, 4: 1} ",15:50:45_29-07-25
2676,2437,8002,004638,"BV25292312515 , T253013498 ",FF00FFA50010600D1FD0761C0106389901508C85000100C800300001000DDBCD0301839A8245009C0A10,PASS,"PASS, {1: 1, 2: 1, 3: 1, 4: 1, 5: 1, 6: 1, 7: 1, 8: 1, 9: 1, 10: 1, 11: 1}","PASS, {1: 1, 2: 1, 3: 1, 4: 1, 5: 1, 6: 1, 7: 1, 8: 1, 9: 1, 10: 1}","PASS , {1: 1, 2: 1, 3: 1, 4: 1, 5: 1, 6: 1, 7: 1, 8: 1} ","PASS , {1: 1, 2: 1, 3: 1, 4: 1} ",15:51:57_29-07-25
2677,2438,8002,004638,"BV25292312516 , T253013425 ",FF00FFA50010600D1FD0761C0106389901508C85000100C800300001000DDBCD0301839A8245009C0A10,PASS,"PASS, {1: 1, 2: 1, 3: 1, 4: 1, 5: 1, 6: 1, 7: 1, 8: 1, 9: 1, 10: 1, 11: 1}","PASS, {1: 1, 2: 1, 3: 1, 4: 1, 5: 1, 6: 1, 7: 1, 8: 1, 9: 1, 10: 1}","PASS , {1: 1, 2: 1, 3: 1, 4: 1, 5: 1, 6: 1, 7: 1, 8: 1} ","PASS , {1: 1, 2: 1, 3: 1, 4: 1} ",15:53:15_29-07-25
2678,2439,8002,004638,"BV25292312517 , T253013509 ",FF00FFA50010600D1FD0761C0106389901508C85000100C800300001000DDBCD0301839A8245009C0A10,PASS,"PASS, {1: 1, 2: 1, 3: 1, 4: 1, 5: 1, 6: 1, 7: 1, 8: 1, 9: 1, 10: 1, 11: 1}","PASS, {1: 1, 2: 1, 3: 1, 4: 1, 5: 1, 6: 1, 7: 1, 8: 1, 9: 1, 10: 1}","PASS , {1: 1, 2: 1, 3: 1, 4: 1, 5: 1, 6: 1, 7: 1, 8: 1} ","PASS , {1: 1, 2: 1, 3: 1, 4: 1} ",15:55:11_29-07-25
2679,2440,8002,004638,"BV25292312520 , T253011621 ",FF00FFA50010600D1FD0761C0106389901508C85000100C800300001000DDBCD0301839A8245009C0A10,PASS,"PASS, {1: 1, 2: 1, 3: 1, 4: 1, 5: 1, 6: 1, 7: 1, 8: 1, 9: 1, 10: 1, 11: 1}","PASS, {1: 1, 2: 1, 3: 1, 4: 1, 5: 1, 6: 1, 7: 1, 8: 1, 9: 1, 10: 1}","PASS , {1: 1, 2: 1, 3: 1, 4: 1, 5: 1, 6: 1, 7: 1, 8: 1} ","PASS , {1: 1, 2: 1, 3: 1, 4: 1} ",15:58:03_29-07-25
2680,2441,8002,004638,"BV25292312519 , T253012432 ",FF00FFA50010600D1FD0761C0106389901508C85000100C800300001000DDBCD0301839A8245009C0A10,PASS,"PASS, {1: 1, 2: 1, 3: 1, 4: 1, 5: 1, 6: 1, 7: 1, 8: 1, 9: 1, 10: 1, 11: 1}","PASS, {1: 1, 2: 1, 3: 1, 4: 1, 5: 1, 6: 1, 7: 1, 8: 1, 9: 1, 10: 1}","PASS , {1: 1, 2: 1, 3: 1, 4: 1, 5: 1, 6: 1, 7: 1, 8: 1} ","PASS , {1: 1, 2: 1, 3: 1, 4: 1} ",15:59:14_29-07-25
2681,2442,8002,004638,"BV25292312518 , T253012768 ",FF00FFA50010600D1FD0761C0106389901508C85000100C800300001000DDBCD0301839A8245009C0A10,PASS,"PASS, {1: 1, 2: 1, 3: 1, 4: 1, 5: 1, 6: 1, 7: 1, 8: 1, 9: 1, 10: 1, 11: 1}","PASS, {1: 1, 2: 1, 3: 1, 4: 1, 5: 1, 6: 1, 7: 1, 8: 1, 9: 1, 10: 1}","PASS , {1: 1, 2: 1, 3: 1, 4: 1, 5: 1, 6: 1, 7: 1, 8: 1} ","PASS , {1: 1, 2: 1, 3: 1, 4: 1} ",16:00:25_29-07-25
2682,2443,8002,004638,"BV25292312511 , T253012484 ",FF00FFA50010600D1FD0761C0106389901508C85000100C800300001000DDBCD0301839A8245009C0A10,PASS,"PASS, {1: 1, 2: 1, 3: 1, 4: 1, 5: 1, 6: 1, 7: 1, 8: 1, 9: 1, 10: 1, 11: 1}","PASS, {1: 1, 2: 1, 3: 1, 4: 1, 5: 1, 6: 1, 7: 1, 8: 1, 9: 1, 10: 1}","PASS , {1: 1, 2: 1, 3: 1, 4: 1, 5: 1, 6: 1, 7: 1, 8: 1} ","PASS , {1: 1, 2: 1, 3: 1, 4: 1} ",16:01:36_29-07-25
2683,2444,8002,004638,"BV25292312510 , T253012967 ",FF00FFA50010600D1FD0761C0106389901508C85000100C800300001000DDBCD0301839A8245009C0A10,PASS,"PASS, {1: 1, 2: 1, 3: 1, 4: 1, 5: 1, 6: 1, 7: 1, 8: 1, 9: 1, 10: 1, 11: 1}","PASS, {1: 1, 2: 1, 3: 1, 4: 1, 5: 1, 6: 1, 7: 1, 8: 1, 9: 1, 10: 1}","PASS , {1: 1, 2: 1, 3: 1, 4: 1, 5: 1, 6: 1, 7: 1, 8: 1} ","PASS , {1: 1, 2: 1, 3: 1, 4: 1} ",16:02:49_29-07-25
2684,2445,8002,004638,"BV25292312545 , T253012812 ",FF00FFA50010600D1FD0761C0106389901508C85000100C800300001000DDBCD0301839A8245009C0A10,PASS,"PASS, {1: 1, 2: 1, 3: 1, 4: 1, 5: 1, 6: 1, 7: 1, 8: 1, 9: 1, 10: 1, 11: 1}","PASS, {1: 1, 2: 1, 3: 1, 4: 1, 5: 1, 6: 1, 7: 1, 8: 1, 9: 1, 10: 1}","PASS , {1: 1, 2: 1, 3: 1, 4: 1, 5: 1, 6: 1, 7: 1, 8: 1} ","PASS , {1: 1, 2: 1, 3: 1, 4: 1} ",16:04:02_29-07-25
2685,2446,8002,004638,"BV25292312512 , T253012970 ",FF00FFA50010600D1FD0761C0106389901508C85000100C800300001000DDBCD0301839A8245009C0A10,PASS,"PASS, {1: 1, 2: 1, 3: 1, 4: 1, 5: 1, 6: 1, 7: 1, 8: 1, 9: 1, 10: 1, 11: 1}","PASS, {1: 1, 2: 1, 3: 1, 4: 1, 5: 1, 6: 1, 7: 1, 8: 1, 9: 1, 10: 1}","PASS , {1: 1, 2: 1, 3: 1, 4: 1, 5: 1, 6: 1, 7: 1, 8: 1} ","PASS , {1: 1, 2: 1, 3: 1, 4: 1} ",16:05:13_29-07-25
2686,2447,8002,004638,"BV25292312521 , T253011625 ",FF00FFA50010600D1FD0761C0106389901508C85000100C800300001000DDBCD0301839A8245009C0A10,PASS,"PASS, {1: 1, 2: 1, 3: 1, 4: 1, 5: 1, 6: 1, 7: 1, 8: 1, 9: 1, 10: 1, 11: 1}","PASS, {1: 1, 2: 1, 3: 1, 4: 1, 5: 1, 6: 1, 7: 1, 8: 1, 9: 1, 10: 1}","PASS , {1: 1, 2: 1, 3: 1, 4: 1, 5: 1, 6: 1, 7: 1, 8: 1} ","PASS , {1: 1, 2: 1, 3: 1, 4: 1} ",16:06:23_29-07-25
2687,2448,8002,004638,"BV25292312522 , T253011622 ",FF00FFA50010600D1FD0761C0106389901508C85000100C800300001000DDBCD0301839A8245009C0A10,PASS,"PASS, {1: 1, 2: 1, 3: 1, 4: 1, 5: 1, 6: 1, 7: 1, 8: 1, 9: 1, 10: 1, 11: 1}","PASS, {1: 1, 2: 1, 3: 1, 4: 1, 5: 1, 6: 1, 7: 1, 8: 1, 9: 1, 10: 1}","PASS , {1: 1, 2: 1, 3: 1, 4: 1, 5: 1, 6: 1, 7: 1, 8: 1} ","PASS , {1: 1, 2: 1, 3: 1, 4: 1} ",16:07:37_29-07-25
2688,2449,8002,004638,"BV25292312523 , T253013493 ",FF00FFA50010600D1FD0761C0106389901508C85000100C800300001000DDBCD0301839A8245009C0A10,PASS,"PASS, {1: 1, 2: 1, 3: 1, 4: 1, 5: 1, 6: 1, 7: 1, 8: 1, 9: 1, 10: 1, 11: 1}","PASS, {1: 1, 2: 1, 3: 1, 4: 1, 5: 1, 6: 1, 7: 1, 8: 1, 9: 1, 10: 1}","PASS , {1: 1, 2: 1, 3: 1, 4: 1, 5: 1, 6: 1, 7: 1, 8: 1} ","PASS , {1: 1, 2: 1, 3: 1, 4: 1} ",16:08:52_29-07-25
2689,2450,8002,004638,"BV25292312524 , T253013497 ",FF00FFA50010600D1FD0761C0106389901508C85000100C800300001000DDBCD0301839A8245009C0A10,PASS,"PASS, {1: 1, 2: 1, 3: 1, 4: 1, 5: 1, 6: 1, 7: 1, 8: 1, 9: 1, 10: 1, 11: 1}","PASS, {1: 1, 2: 1, 3: 1, 4: 1, 5: 1, 6: 1, 7: 1, 8: 1, 9: 1, 10: 1}","PASS , {1: 1, 2: 1, 3: 1, 4: 1, 5: 1, 6: 1, 7: 1, 8: 1} ","PASS , {1: 1, 2: 1, 3: 1, 4: 1} ",16:10:11_29-07-25
2690,2451,8002,004638,"BV25292312525 , T253013495 ",FF00FFA50010600D1FD0761C0106389901508C85000100C800300001000DDBCD0301839A8245009C0A10,PASS,"PASS, {1: 1, 2: 1, 3: 1, 4: 1, 5: 1, 6: 1, 7: 1, 8: 1, 9: 1, 10: 1, 11: 1}","PASS, {1: 1, 2: 1, 3: 1, 4: 1, 5: 1, 6: 1, 7: 1, 8: 1, 9: 1, 10: 1}","PASS , {1: 1, 2: 1, 3: 1, 4: 1, 5: 1, 6: 1, 7: 1, 8: 1} ","PASS , {1: 1, 2: 1, 3: 1, 4: 1} ",16:11:24_29-07-25
2691,2452,8002,004638,"BV25292312537 , T252720917 ",FF00FFA50010600D1FD0761C0106389901508C85000100C800300001000DDBCD0301839A8245009C0A10,PASS,"PASS, {1: 1, 2: 1, 3: 1, 4: 1, 5: 1, 6: 1, 7: 1, 8: 1, 9: 1, 10: 1, 11: 1}","PASS, {1: 1, 2: 1, 3: 1, 4: 1, 5: 1, 6: 1, 7: 1, 8: 1, 9: 1, 10: 1}","PASS , {1: 1, 2: 1, 3: 1, 4: 1, 5: 1, 6: 1, 7: 1, 8: 1} ","PASS , {1: 1, 2: 1, 3: 1, 4: 1} ",16:12:37_29-07-25
2692,2452,8002,004638,"BV25292312527 , T253013484 ",FF00FFA50010600D1FD0761C0106389901508C85000100C800300001000DDBCD0301839A8245009C0A10,PASS,"PASS, {1: 1, 2: 1, 3: 1, 4: 1, 5: 1, 6: 1, 7: 1, 8: 1, 9: 1, 10: 1, 11: 1}","FAIL, {1: 0, 2: 1, 3: 1, 4: 1, 5: 1, 6: 1, 7: 1, 8: 1, 9: 1, 10: 1}","PASS , {1: 1, 2: 1, 3: 1, 4: 1, 5: 1, 6: 1, 7: 1, 8: 1} ","PASS , {1: 1, 2: 1, 3: 1, 4: 1} ",16:13:50_29-07-25
2693,2453,8002,004638,"BV25292312531 , T252802107 ",FF00FFA50010600D1FD0761C0106389901508C85000100C800300001000DDBCD0301839A8245009C0A10,PASS,"PASS, {1: 1, 2: 1, 3: 1, 4: 1, 5: 1, 6: 1, 7: 1, 8: 1, 9: 1, 10: 1, 11: 1}","PASS, {1: 1, 2: 1, 3: 1, 4: 1, 5: 1, 6: 1, 7: 1, 8: 1, 9: 1, 10: 1}","PASS , {1: 1, 2: 1, 3: 1, 4: 1, 5: 1, 6: 1, 7: 1, 8: 1} ","PASS , {1: 1, 2: 1, 3: 1, 4: 1} ",16:16:43_29-07-25
2694,2454,8002,004638,"BV25292312532 , T252720919 ",FF00FFA50010600D1FD0761C0106389901508C85000100C800300001000DDBCD0301839A8245009C0A10,PASS,"PASS, {1: 1, 2: 1, 3: 1, 4: 1, 5: 1, 6: 1, 7: 1, 8: 1, 9: 1, 10: 1, 11: 1}","PASS, {1: 1, 2: 1, 3: 1, 4: 1, 5: 1, 6: 1, 7: 1, 8: 1, 9: 1, 10: 1}","PASS , {1: 1, 2: 1, 3: 1, 4: 1, 5: 1, 6: 1, 7: 1, 8: 1} ","PASS , {1: 1, 2: 1, 3: 1, 4: 1} ",16:18:07_29-07-25
2695,2455,8002,004638,"BV25292312536 , T252801709 ",FF00FFA50010600D1FD0761C0106389901508C85000100C800300001000DDBCD0301839A8245009C0A10,PASS,"PASS, {1: 1, 2: 1, 3: 1, 4: 1, 5: 1, 6: 1, 7: 1, 8: 1, 9: 1, 10: 1, 11: 1}","PASS, {1: 1, 2: 1, 3: 1, 4: 1, 5: 1, 6: 1, 7: 1, 8: 1, 9: 1, 10: 1}","PASS , {1: 1, 2: 1, 3: 1, 4: 1, 5: 1, 6: 1, 7: 1, 8: 1} ","PASS , {1: 1, 2: 1, 3: 1, 4: 1} ",16:19:19_29-07-25
2696,2456,8002,004638,"BV25292312528 , T253011623 ",FF00FFA50010600D1FD0761C0106389901508C85000100C800300001000DDBCD0301839A8245009C0A10,PASS,"PASS, {1: 1, 2: 1, 3: 1, 4: 1, 5: 1, 6: 1, 7: 1, 8: 1, 9: 1, 10: 1, 11: 1}","PASS, {1: 1, 2: 1, 3: 1, 4: 1, 5: 1, 6: 1, 7: 1, 8: 1, 9: 1, 10: 1}","PASS , {1: 1, 2: 1, 3: 1, 4: 1, 5: 1, 6: 1, 7: 1, 8: 1} ","PASS , {1: 1, 2: 1, 3: 1, 4: 1} ",16:20:32_29-07-25
2697,2457,8002,004638,"BV25292312535 , T252801710 ",FF00FFA50010600D1FD0761C0106389901508C85000100C800300001000DDBCD0301839A8245009C0A10,PASS,"PASS, {1: 1, 2: 1, 3: 1, 4: 1, 5: 1, 6: 1, 7: 1, 8: 1, 9: 1, 10: 1, 11: 1}","PASS, {1: 1, 2: 1, 3: 1, 4: 1, 5: 1, 6: 1, 7: 1, 8: 1, 9: 1, 10: 1}","PASS , {1: 1, 2: 1, 3: 1, 4: 1, 5: 1, 6: 1, 7: 1, 8: 1} ","PASS , {1: 1, 2: 1, 3: 1, 4: 1} ",16:21:44_29-07-25
2698,2458,8002,004638,"BV25292312544 , T253012790 ",FF00FFA50010600D1FD0761C0106389901508C85000100C800300001000DDBCD0301839A8245009C0A10,PASS,"PASS, {1: 1, 2: 1, 3: 1, 4: 1, 5: 1, 6: 1, 7: 1, 8: 1, 9: 1, 10: 1, 11: 1}","PASS, {1: 1, 2: 1, 3: 1, 4: 1, 5: 1, 6: 1, 7: 1, 8: 1, 9: 1, 10: 1}","PASS , {1: 1, 2: 1, 3: 1, 4: 1, 5: 1, 6: 1, 7: 1, 8: 1} ","PASS , {1: 1, 2: 1, 3: 1, 4: 1} ",16:22:59_29-07-25
2699,2459,8002,004638,"BV25292312542 , T253012474 ",FF00FFA50010600D1FD0761C0106389901508C85000100C800300001000DDBCD0301839A8245009C0A10,PASS,"PASS, {1: 1, 2: 1, 3: 1, 4: 1, 5: 1, 6: 1, 7: 1, 8: 1, 9: 1, 10: 1, 11: 1}","PASS, {1: 1, 2: 1, 3: 1, 4: 1, 5: 1, 6: 1, 7: 1, 8: 1, 9: 1, 10: 1}","PASS , {1: 1, 2: 1, 3: 1, 4: 1, 5: 1, 6: 1, 7: 1, 8: 1} ","PASS , {1: 1, 2: 1, 3: 1, 4: 1} ",16:24:11_29-07-25
2700,2459,8002,004638,"BV25292312540 , T253012477 ",FF00FFA50010600D1FD0761C0106389901508C85000100C800300001000DDBCD0301839A8245009C0A10,PASS,"PASS, {1: 1, 2: 1, 3: 1, 4: 1, 5: 1, 6: 1, 7: 1, 8: 1, 9: 1, 10: 1, 11: 1}","PASS, {1: 1, 2: 1, 3: 1, 4: 1, 5: 1, 6: 1, 7: 1, 8: 1, 9: 1, 10: 1}","FAIL , {1: 1, 2: 1, 3: 0, 4: 1, 5: 1, 6: 1, 7: 1, 8: 1} ","PASS , {1: 1, 2: 1, 3: 1, 4: 1} ",16:25:30_29-07-25
2701,2460,8002,004638,"BV25292312543 , T253012472 ",FF00FFA50010600D1FD0761C0106389901508C85000100C800300001000DDBCD0301839A8245009C0A10,PASS,"PASS, {1: 1, 2: 1, 3: 1, 4: 1, 5: 1, 6: 1, 7: 1, 8: 1, 9: 1, 10: 1, 11: 1}","PASS, {1: 1, 2: 1, 3: 1, 4: 1, 5: 1, 6: 1, 7: 1, 8: 1, 9: 1, 10: 1}","PASS , {1: 1, 2: 1, 3: 1, 4: 1, 5: 1, 6: 1, 7: 1, 8: 1} ","PASS , {1: 1, 2: 1, 3: 1, 4: 1} ",16:26:45_29-07-25
2702,2461,8002,004638,"BV25292312539 , T253013483 ",FF00FFA50010600D1FD0761C0106389901508C85000100C800300001000DDBCD0301839A8245009C0A10,PASS,"PASS, {1: 1, 2: 1, 3: 1, 4: 1, 5: 1, 6: 1, 7: 1, 8: 1, 9: 1, 10: 1, 11: 1}","PASS, {1: 1, 2: 1, 3: 1, 4: 1, 5: 1, 6: 1, 7: 1, 8: 1, 9: 1, 10: 1}","PASS , {1: 1, 2: 1, 3: 1, 4: 1, 5: 1, 6: 1, 7: 1, 8: 1} ","PASS , {1: 1, 2: 1, 3: 1, 4: 1} ",16:27:54_29-07-25
2703,2462,8002,004638,"BV25292312538 , T252802032 ",FF00FFA50010600D1FD0761C0106389901508C85000100C800300001000DDBCD0301839A8245009C0A10,PASS,"PASS, {1: 1, 2: 1, 3: 1, 4: 1, 5: 1, 6: 1, 7: 1, 8: 1, 9: 1, 10: 1, 11: 1}","PASS, {1: 1, 2: 1, 3: 1, 4: 1, 5: 1, 6: 1, 7: 1, 8: 1, 9: 1, 10: 1}","PASS , {1: 1, 2: 1, 3: 1, 4: 1, 5: 1, 6: 1, 7: 1, 8: 1} ","PASS , {1: 1, 2: 1, 3: 1, 4: 1} ",16:29:13_29-07-25
2704,2463,8002,004638,"BV25292312541 , T253012473 ",FF00FFA50010600D1FD0761C0106389901508C85000100C800300001000DDBCD0301839A8245009C0A10,PASS,"PASS, {1: 1, 2: 1, 3: 1, 4: 1, 5: 1, 6: 1, 7: 1, 8: 1, 9: 1, 10: 1, 11: 1}","PASS, {1: 1, 2: 1, 3: 1, 4: 1, 5: 1, 6: 1, 7: 1, 8: 1, 9: 1, 10: 1}","PASS , {1: 1, 2: 1, 3: 1, 4: 1, 5: 1, 6: 1, 7: 1, 8: 1} ","PASS , {1: 1, 2: 1, 3: 1, 4: 1} ",16:30:25_29-07-25
2705,2464,8002,004638,"BV25292312534 , T252802205 ",FF00FFA50010600D1FD0761C0106389901508C85000100C800300001000DDBCD0301839A8245009C0A10,PASS,"PASS, {1: 1, 2: 1, 3: 1, 4: 1, 5: 1, 6: 1, 7: 1, 8: 1, 9: 1, 10: 1, 11: 1}","PASS, {1: 1, 2: 1, 3: 1, 4: 1, 5: 1, 6: 1, 7: 1, 8: 1, 9: 1, 10: 1}","PASS , {1: 1, 2: 1, 3: 1, 4: 1, 5: 1, 6: 1, 7: 1, 8: 1} ","PASS , {1: 1, 2: 1, 3: 1, 4: 1} ",16:31:36_29-07-25
2706,2465,8002,004638,"BV25292312530 , T252720990 ",FF00FFA50010600D1FD0761C0106389901508C85000100C800300001000DDBCD0301839A8245009C0A10,PASS,"PASS, {1: 1, 2: 1, 3: 1, 4: 1, 5: 1, 6: 1, 7: 1, 8: 1, 9: 1, 10: 1, 11: 1}","PASS, {1: 1, 2: 1, 3: 1, 4: 1, 5: 1, 6: 1, 7: 1, 8: 1, 9: 1, 10: 1}","PASS , {1: 1, 2: 1, 3: 1, 4: 1, 5: 1, 6: 1, 7: 1, 8: 1} ","PASS , {1: 1, 2: 1, 3: 1, 4: 1} ",16:32:59_29-07-25
2707,2466,8002,004638,"BV25292312529 , T252720987 ",FF00FFA50010600D1FD0761C0106389901508C85000100C800300001000DDBCD0301839A8245009C0A10,PASS,"PASS, {1: 1, 2: 1, 3: 1, 4: 1, 5: 1, 6: 1, 7: 1, 8: 1, 9: 1, 10: 1, 11: 1}","PASS, {1: 1, 2: 1, 3: 1, 4: 1, 5: 1, 6: 1, 7: 1, 8: 1, 9: 1, 10: 1}","PASS , {1: 1, 2: 1, 3: 1, 4: 1, 5: 1, 6: 1, 7: 1, 8: 1} ","PASS , {1: 1, 2: 1, 3: 1, 4: 1} ",16:34:20_29-07-25
2708,2467,8002,004638,"BV25292312550 , T253012476 ",FF00FFA50010600D1FD0761C0106389901508C85000100C800300001000DDBCD0301839A8245009C0A10,PASS,"PASS, {1: 1, 2: 1, 3: 1, 4: 1, 5: 1, 6: 1, 7: 1, 8: 1, 9: 1, 10: 1, 11: 1}","PASS, {1: 1, 2: 1, 3: 1, 4: 1, 5: 1, 6: 1, 7: 1, 8: 1, 9: 1, 10: 1}","PASS , {1: 1, 2: 1, 3: 1, 4: 1, 5: 1, 6: 1, 7: 1, 8: 1} ","PASS , {1: 1, 2: 1, 3: 1, 4: 1} ",16:35:41_29-07-25
2709,2468,8002,004638,"BV25292312557 , T253012785 ",FF00FFA50010600D1FD0761C0106389901508C85000100C800300001000DDBCD0301839A8245009C0A10,PASS,"PASS, {1: 1, 2: 1, 3: 1, 4: 1, 5: 1, 6: 1, 7: 1, 8: 1, 9: 1, 10: 1, 11: 1}","PASS, {1: 1, 2: 1, 3: 1, 4: 1, 5: 1, 6: 1, 7: 1, 8: 1, 9: 1, 10: 1}","PASS , {1: 1, 2: 1, 3: 1, 4: 1, 5: 1, 6: 1, 7: 1, 8: 1} ","PASS , {1: 1, 2: 1, 3: 1, 4: 1} ",16:36:59_29-07-25
2710,2469,8002,004638,"BV25292312551 , T253013489 ",FF00FFA50010600D1FD0761C0106389901508C85000100C800300001000DDBCD0301839A8245009C0A10,PASS,"PASS, {1: 1, 2: 1, 3: 1, 4: 1, 5: 1, 6: 1, 7: 1, 8: 1, 9: 1, 10: 1, 11: 1}","PASS, {1: 1, 2: 1, 3: 1, 4: 1, 5: 1, 6: 1, 7: 1, 8: 1, 9: 1, 10: 1}","PASS , {1: 1, 2: 1, 3: 1, 4: 1, 5: 1, 6: 1, 7: 1, 8: 1} ","PASS , {1: 1, 2: 1, 3: 1, 4: 1} ",16:38:23_29-07-25
2711,2470,8002,004638,"BV25292312553 , T253013487 ",FF00FFA50010600D1FD0761C0106389901508C85000100C800300001000DDBCD0301839A8245009C0A10,PASS,"PASS, {1: 1, 2: 1, 3: 1, 4: 1, 5: 1, 6: 1, 7: 1, 8: 1, 9: 1, 10: 1, 11: 1}","PASS, {1: 1, 2: 1, 3: 1, 4: 1, 5: 1, 6: 1, 7: 1, 8: 1, 9: 1, 10: 1}","PASS , {1: 1, 2: 1, 3: 1, 4: 1, 5: 1, 6: 1, 7: 1, 8: 1} ","PASS , {1: 1, 2: 1, 3: 1, 4: 1} ",16:39:39_29-07-25
2712,2470,8002,004638,"BV25292312555 , T253012781 ",FF00FFA50010600D1FD0761C0106389901508C85000100C800300001000DDBCD0301839A8245009C0A10,PASS,"PASS, {1: 1, 2: 1, 3: 1, 4: 1, 5: 1, 6: 1, 7: 1, 8: 1, 9: 1, 10: 1, 11: 1}","FAIL, {1: 0, 2: 1, 3: 1, 4: 0, 5: 1, 6: 1, 7: 1, 8: 1, 9: 1, 10: 1}","PASS , {1: 1, 2: 1, 3: 1, 4: 1, 5: 1, 6: 1, 7: 1, 8: 1} ","PASS , {1: 1, 2: 1, 3: 1, 4: 1} ",16:41:01_29-07-25
2713,2471,8002,004638,"BV25292312556 , T253012783 ",FF00FFA50010600D1FD0761C0106389901508C85000100C800300001000DDBCD0301839A8245009C0A10,PASS,"PASS, {1: 1, 2: 1, 3: 1, 4: 1, 5: 1, 6: 1, 7: 1, 8: 1, 9: 1, 10: 1, 11: 1}","PASS, {1: 1, 2: 1, 3: 1, 4: 1, 5: 1, 6: 1, 7: 1, 8: 1, 9: 1, 10: 1}","PASS , {1: 1, 2: 1, 3: 1, 4: 1, 5: 1, 6: 1, 7: 1, 8: 1} ","PASS , {1: 1, 2: 1, 3: 1, 4: 1} ",16:42:17_29-07-25
2714,2472,8002,004638,"BV25292312549 , T253012788 ",FF00FFA50010600D1FD0761C0106389901508C85000100C800300001000DDBCD0301839A8245009C0A10,PASS,"PASS, {1: 1, 2: 1, 3: 1, 4: 1, 5: 1, 6: 1, 7: 1, 8: 1, 9: 1, 10: 1, 11: 1}","PASS, {1: 1, 2: 1, 3: 1, 4: 1, 5: 1, 6: 1, 7: 1, 8: 1, 9: 1, 10: 1}","PASS , {1: 1, 2: 1, 3: 1, 4: 1, 5: 1, 6: 1, 7: 1, 8: 1} ","PASS , {1: 1, 2: 1, 3: 1, 4: 1} ",16:43:38_29-07-25
2715,2473,8002,004638,"BV25292312548 , T253012814 ",FF00FFA50010600D1FD0761C0106389901508C85000100C800300001000DDBCD0301839A8245009C0A10,PASS,"PASS, {1: 1, 2: 1, 3: 1, 4: 1, 5: 1, 6: 1, 7: 1, 8: 1, 9: 1, 10: 1, 11: 1}","PASS, {1: 1, 2: 1, 3: 1, 4: 1, 5: 1, 6: 1, 7: 1, 8: 1, 9: 1, 10: 1}","PASS , {1: 1, 2: 1, 3: 1, 4: 1, 5: 1, 6: 1, 7: 1, 8: 1} ","PASS , {1: 1, 2: 1, 3: 1, 4: 1} ",16:45:00_29-07-25
2716,2474,8002,004638,"BV25292312547 , T253012811 ",FF00FFA50010600D1FD0761C0106389901508C85000100C800300001000DDBCD0301839A8245009C0A10,PASS,"PASS, {1: 1, 2: 1, 3: 1, 4: 1, 5: 1, 6: 1, 7: 1, 8: 1, 9: 1, 10: 1, 11: 1}","PASS, {1: 1, 2: 1, 3: 1, 4: 1, 5: 1, 6: 1, 7: 1, 8: 1, 9: 1, 10: 1}","PASS , {1: 1, 2: 1, 3: 1, 4: 1, 5: 1, 6: 1, 7: 1, 8: 1} ","PASS , {1: 1, 2: 1, 3: 1, 4: 1} ",16:46:14_29-07-25
2717,2475,8002,004638,"BV25292312570 , T253013122 ",FF00FFA50010600D1FD0761C0106389901508C85000100C800300001000DDBCD0301839A8245009C0A10,PASS,"PASS, {1: 1, 2: 1, 3: 1, 4: 1, 5: 1, 6: 1, 7: 1, 8: 1, 9: 1, 10: 1, 11: 1}","PASS, {1: 1, 2: 1, 3: 1, 4: 1, 5: 1, 6: 1, 7: 1, 8: 1, 9: 1, 10: 1}","PASS , {1: 1, 2: 1, 3: 1, 4: 1, 5: 1, 6: 1, 7: 1, 8: 1} ","PASS , {1: 1, 2: 1, 3: 1, 4: 1} ",16:48:22_29-07-25
2718,2476,8002,004638,"BV25292312555 , T253012781 ",FF00FFA50010600D1FD0761C0106389901508C85000100C800300001000DDBCD0301839A8245009C0A10,PASS,"PASS, {1: 1, 2: 1, 3: 1, 4: 1, 5: 1, 6: 1, 7: 1, 8: 1, 9: 1, 10: 1, 11: 1}","PASS, {1: 1, 2: 1, 3: 1, 4: 1, 5: 1, 6: 1, 7: 1, 8: 1, 9: 1, 10: 1}","PASS , {1: 1, 2: 1, 3: 1, 4: 1, 5: 1, 6: 1, 7: 1, 8: 1} ","PASS , {1: 1, 2: 1, 3: 1, 4: 1} ",16:49:43_29-07-25
2719,2477,8002,004638,"BV25292312546 , T253012787 ",FF00FFA50010600D1FD0761C0106389901508C85000100C800300001000DDBCD0301839A8245009C0A10,PASS,"PASS, {1: 1, 2: 1, 3: 1, 4: 1, 5: 1, 6: 1, 7: 1, 8: 1, 9: 1, 10: 1, 11: 1}","PASS, {1: 1, 2: 1, 3: 1, 4: 1, 5: 1, 6: 1, 7: 1, 8: 1, 9: 1, 10: 1}","PASS , {1: 1, 2: 1, 3: 1, 4: 1, 5: 1, 6: 1, 7: 1, 8: 1} ","PASS , {1: 1, 2: 1, 3: 1, 4: 1} ",16:50:57_29-07-25
2720,2478,8002,004638,"BV25292312572 , T253013486 ",FF00FFA50010600D1FD0761C0106389901508C85000100C800300001000DDBCD0301839A8245009C0A10,PASS,"PASS, {1: 1, 2: 1, 3: 1, 4: 1, 5: 1, 6: 1, 7: 1, 8: 1, 9: 1, 10: 1, 11: 1}","PASS, {1: 1, 2: 1, 3: 1, 4: 1, 5: 1, 6: 1, 7: 1, 8: 1, 9: 1, 10: 1}","PASS , {1: 1, 2: 1, 3: 1, 4: 1, 5: 1, 6: 1, 7: 1, 8: 1} ","PASS , {1: 1, 2: 1, 3: 1, 4: 1} ",16:52:11_29-07-25
2721,2479,8002,004638,"BV25292312554 , T253013490 ",FF00FFA50010600D1FD0761C0106389901508C85000100C800300001000DDBCD0301839A8245009C0A10,PASS,"PASS, {1: 1, 2: 1, 3: 1, 4: 1, 5: 1, 6: 1, 7: 1, 8: 1, 9: 1, 10: 1, 11: 1}","PASS, {1: 1, 2: 1, 3: 1, 4: 1, 5: 1, 6: 1, 7: 1, 8: 1, 9: 1, 10: 1}","PASS , {1: 1, 2: 1, 3: 1, 4: 1, 5: 1, 6: 1, 7: 1, 8: 1} ","PASS , {1: 1, 2: 1, 3: 1, 4: 1} ",16:53:25_29-07-25
2722,2480,8002,004638,"BV25292312552 , T253013491 ",FF00FFA50010600D1FD0761C0106389901508C85000100C800300001000DDBCD0301839A8245009C0A10,PASS,"PASS, {1: 1, 2: 1, 3: 1, 4: 1, 5: 1, 6: 1, 7: 1, 8: 1, 9: 1, 10: 1, 11: 1}","PASS, {1: 1, 2: 1, 3: 1, 4: 1, 5: 1, 6: 1, 7: 1, 8: 1, 9: 1, 10: 1}","PASS , {1: 1, 2: 1, 3: 1, 4: 1, 5: 1, 6: 1, 7: 1, 8: 1} ","PASS , {1: 1, 2: 1, 3: 1, 4: 1} ",16:54:41_29-07-25
2723,2481,8002,004638,"BV25292312533 , T252720918 ",FF00FFA50010600D1FD0761C0106389901508C85000100C800300001000DDBCD0301839A8245009C0A10,PASS,"PASS, {1: 1, 2: 1, 3: 1, 4: 1, 5: 1, 6: 1, 7: 1, 8: 1, 9: 1, 10: 1, 11: 1}","PASS, {1: 1, 2: 1, 3: 1, 4: 1, 5: 1, 6: 1, 7: 1, 8: 1, 9: 1, 10: 1}","PASS , {1: 1, 2: 1, 3: 1, 4: 1, 5: 1, 6: 1, 7: 1, 8: 1} ","PASS , {1: 1, 2: 1, 3: 1, 4: 1} ",16:55:54_29-07-25
2724,2482,8002,004638,"BV25292312568 , T253013424 ",FF00FFA50010600D1FD0761C0106389901508C85000100C800300001000DDBCD0301839A8245009C0A10,PASS,"PASS, {1: 1, 2: 1, 3: 1, 4: 1, 5: 1, 6: 1, 7: 1, 8: 1, 9: 1, 10: 1, 11: 1}","PASS, {1: 1, 2: 1, 3: 1, 4: 1, 5: 1, 6: 1, 7: 1, 8: 1, 9: 1, 10: 1}","PASS , {1: 1, 2: 1, 3: 1, 4: 1, 5: 1, 6: 1, 7: 1, 8: 1} ","PASS , {1: 1, 2: 1, 3: 1, 4: 1} ",16:57:12_29-07-25
2725,2483,8002,004638,"BV25292312566 , T253012527 ",FF00FFA50010600D1FD0761C0106389901508C85000100C800300001000DDBCD0301839A8245009C0A10,PASS,"PASS, {1: 1, 2: 1, 3: 1, 4: 1, 5: 1, 6: 1, 7: 1, 8: 1, 9: 1, 10: 1, 11: 1}","PASS, {1: 1, 2: 1, 3: 1, 4: 1, 5: 1, 6: 1, 7: 1, 8: 1, 9: 1, 10: 1}","PASS , {1: 1, 2: 1, 3: 1, 4: 1, 5: 1, 6: 1, 7: 1, 8: 1} ","PASS , {1: 1, 2: 1, 3: 1, 4: 1} ",16:58:26_29-07-25
2726,2484,8002,004638,"BV25292312565 , T253011283 ",FF00FFA50010600D1FD0761C0106389901508C85000100C800300001000DDBCD0301839A8245009C0A10,PASS,"PASS, {1: 1, 2: 1, 3: 1, 4: 1, 5: 1, 6: 1, 7: 1, 8: 1, 9: 1, 10: 1, 11: 1}","PASS, {1: 1, 2: 1, 3: 1, 4: 1, 5: 1, 6: 1, 7: 1, 8: 1, 9: 1, 10: 1}","PASS , {1: 1, 2: 1, 3: 1, 4: 1, 5: 1, 6: 1, 7: 1, 8: 1} ","PASS , {1: 1, 2: 1, 3: 1, 4: 1} ",16:59:36_29-07-25
2727,2485,8002,004638,"BV25292312563 , T252802207 ",FF00FFA50010600D1FD0761C0106389901508C85000100C800300001000DDBCD0301839A8245009C0A10,PASS,"PASS, {1: 1, 2: 1, 3: 1, 4: 1, 5: 1, 6: 1, 7: 1, 8: 1, 9: 1, 10: 1, 11: 1}","PASS, {1: 1, 2: 1, 3: 1, 4: 1, 5: 1, 6: 1, 7: 1, 8: 1, 9: 1, 10: 1}","PASS , {1: 1, 2: 1, 3: 1, 4: 1, 5: 1, 6: 1, 7: 1, 8: 1} ","PASS , {1: 1, 2: 1, 3: 1, 4: 1} ",17:00:48_29-07-25
2728,2486,8002,004638,"BV25292312558 , T252716601 ",FF00FFA50010600D1FD0761C0106389901508C85000100C800300001000DDBCD0301839A8245009C0A10,PASS,"PASS, {1: 1, 2: 1, 3: 1, 4: 1, 5: 1, 6: 1, 7: 1, 8: 1, 9: 1, 10: 1, 11: 1}","PASS, {1: 1, 2: 1, 3: 1, 4: 1, 5: 1, 6: 1, 7: 1, 8: 1, 9: 1, 10: 1}","PASS , {1: 1, 2: 1, 3: 1, 4: 1, 5: 1, 6: 1, 7: 1, 8: 1} ","PASS , {1: 1, 2: 1, 3: 1, 4: 1} ",17:01:59_29-07-25
2729,2487,8002,004638,"BV25292312562 , T252720399 ",FF00FFA50010600D1FD0761C0106389901508C85000100C800300001000DDBCD0301839A8245009C0A10,PASS,"PASS, {1: 1, 2: 1, 3: 1, 4: 1, 5: 1, 6: 1, 7: 1, 8: 1, 9: 1, 10: 1, 11: 1}","PASS, {1: 1, 2: 1, 3: 1, 4: 1, 5: 1, 6: 1, 7: 1, 8: 1, 9: 1, 10: 1}","PASS , {1: 1, 2: 1, 3: 1, 4: 1, 5: 1, 6: 1, 7: 1, 8: 1} ","PASS , {1: 1, 2: 1, 3: 1, 4: 1} ",17:03:10_29-07-25
2730,2488,8002,004638,"BV25292312560 , T252720401 ",FF00FFA50010600D1FD0761C0106389901508C85000100C800300001000DDBCD0301839A8245009C0A10,PASS,"PASS, {1: 1, 2: 1, 3: 1, 4: 1, 5: 1, 6: 1, 7: 1, 8: 1, 9: 1, 10: 1, 11: 1}","PASS, {1: 1, 2: 1, 3: 1, 4: 1, 5: 1, 6: 1, 7: 1, 8: 1, 9: 1, 10: 1}","PASS , {1: 1, 2: 1, 3: 1, 4: 1, 5: 1, 6: 1, 7: 1, 8: 1} ","PASS , {1: 1, 2: 1, 3: 1, 4: 1} ",17:04:25_29-07-25
2731,2488,8002,004638,"BV25292312561 , T252720400 ",FF00FFA50010600D1FD0761C0106389901508C85000100C800300001000DDBCD0301839A8245009C0A10,PASS,"PASS, {1: 1, 2: 1, 3: 1, 4: 1, 5: 1, 6: 1, 7: 1, 8: 1, 9: 1, 10: 1, 11: 1}","PASS, {1: 1, 2: 1, 3: 1, 4: 1, 5: 1, 6: 1, 7: 1, 8: 1, 9: 1, 10: 1}","PASS , {1: 1, 2: 1, 3: 1, 4: 1, 5: 1, 6: 1, 7: 1, 8: 1} ","FAIL , {1: 1, 2: 1, 3: 1, 4: 0} ",17:05:39_29-07-25
2732,2488,8002,004638,"BV25292312559 , T252716602 ",FF00FFA50010600D1FD0761C0106389901508C85000100C800300001000DDBCD0301839A8245009C0A10,PASS,"PASS, {1: 1, 2: 1, 3: 1, 4: 1, 5: 1, 6: 1, 7: 1, 8: 1, 9: 1, 10: 1, 11: 1}","FAIL, {1: 0, 2: 1, 3: 1, 4: 1, 5: 1, 6: 1, 7: 1, 8: 1, 9: 1, 10: 1}","PASS , {1: 1, 2: 1, 3: 1, 4: 1, 5: 1, 6: 1, 7: 1, 8: 1} ","PASS , {1: 1, 2: 1, 3: 1, 4: 1} ",17:07:34_29-07-25
2733,2489,8002,004638,"BV25292312564 , BV25292312564 ",FF00FFA50010600D1FD0761C0106389901508C85000100C800300001000DDBCD0301839A8245009C0A10,PASS,"PASS, {1: 1, 2: 1, 3: 1, 4: 1, 5: 1, 6: 1, 7: 1, 8: 1, 9: 1, 10: 1, 11: 1}","PASS, {1: 1, 2: 1, 3: 1, 4: 1, 5: 1, 6: 1, 7: 1, 8: 1, 9: 1, 10: 1}","PASS , {1: 1, 2: 1, 3: 1, 4: 1, 5: 1, 6: 1, 7: 1, 8: 1} ","PASS , {1: 1, 2: 1, 3: 1, 4: 1} ",17:08:50_29-07-25
2734,2489,8002,004638,"BV25292312567 , T253013129 ",FF00FFA50010600D1FD0761C0106389901508C85000100C800300001000DDBCD0301839A8245009C0A10,PASS,"PASS, {1: 1, 2: 1, 3: 1, 4: 1, 5: 1, 6: 1, 7: 1, 8: 1, 9: 1, 10: 1, 11: 1}","PASS, {1: 1, 2: 1, 3: 1, 4: 1, 5: 1, 6: 1, 7: 1, 8: 1, 9: 1, 10: 1}","FAIL , {1: 1, 2: 1, 3: 1, 4: 1, 5: 1, 6: 1, 7: 0, 8: 1} ","FAIL , {1: 1, 2: 0, 3: 0, 4: 0} ",17:10:20_29-07-25
2735,2490,8002,004638,"BV25292312571 , T253013488 ",FF00FFA50010600D1FD0761C0106389901508C85000100C800300001000DDBCD0301839A8245009C0A10,PASS,"PASS, {1: 1, 2: 1, 3: 1, 4: 1, 5: 1, 6: 1, 7: 1, 8: 1, 9: 1, 10: 1, 11: 1}","PASS, {1: 1, 2: 1, 3: 1, 4: 1, 5: 1, 6: 1, 7: 1, 8: 1, 9: 1, 10: 1}","PASS , {1: 1, 2: 1, 3: 1, 4: 1, 5: 1, 6: 1, 7: 1, 8: 1} ","PASS , {1: 1, 2: 1, 3: 1, 4: 1} ",17:11:32_29-07-25
2736,2491,8002,004638,"BV25292312569 , T253013423 ",FF00FFA50010600D1FD0761C0106389901508C85000100C800300001000DDBCD0301839A8245009C0A10,PASS,"PASS, {1: 1, 2: 1, 3: 1, 4: 1, 5: 1, 6: 1, 7: 1, 8: 1, 9: 1, 10: 1, 11: 1}","PASS, {1: 1, 2: 1, 3: 1, 4: 1, 5: 1, 6: 1, 7: 1, 8: 1, 9: 1, 10: 1}","PASS , {1: 1, 2: 1, 3: 1, 4: 1, 5: 1, 6: 1, 7: 1, 8: 1} ","PASS , {1: 1, 2: 1, 3: 1, 4: 1} ",17:12:46_29-07-25
2737,2492,8002,004638,"BV25292312526 , T253013485 ",FF00FFA50010600D1FD0761C0106389901508C85000100C800300001000DDBCD0301839A8245009C0A10,PASS,"PASS, {1: 1, 2: 1, 3: 1, 4: 1, 5: 1, 6: 1, 7: 1, 8: 1, 9: 1, 10: 1, 11: 1}","PASS, {1: 1, 2: 1, 3: 1, 4: 1, 5: 1, 6: 1, 7: 1, 8: 1, 9: 1, 10: 1}","PASS , {1: 1, 2: 1, 3: 1, 4: 1, 5: 1, 6: 1, 7: 1, 8: 1} ","PASS , {1: 1, 2: 1, 3: 1, 4: 1} ",17:13:59_29-07-25
2738,2493,8002,004638,"BV25292312499 , T253012985 ",FF00FFA50010600D1FD0761C0106389901508C85000100C800300001000DDBCD0301839A8245009C0A10,PASS,"PASS, {1: 1, 2: 1, 3: 1, 4: 1, 5: 1, 6: 1, 7: 1, 8: 1, 9: 1, 10: 1, 11: 1}","PASS, {1: 1, 2: 1, 3: 1, 4: 1, 5: 1, 6: 1, 7: 1, 8: 1, 9: 1, 10: 1}","PASS , {1: 1, 2: 1, 3: 1, 4: 1, 5: 1, 6: 1, 7: 1, 8: 1} ","PASS , {1: 1, 2: 1, 3: 1, 4: 1} ",17:15:10_29-07-25
2739,2493,8002,004638,"BV25292312500 , T253013343 ",FF00FFA50010600D1FD0761C0106389901508C85000100C800300001000DDBCD0301839A8245009C0A10,PASS,"PASS, {1: 1, 2: 1, 3: 1, 4: 1, 5: 1, 6: 1, 7: 1, 8: 1, 9: 1, 10: 1, 11: 1}","PASS, {1: 1, 2: 1, 3: 1, 4: 1, 5: 1, 6: 1, 7: 1, 8: 1, 9: 1, 10: 1}","FAIL , {1: 0, 2: 1, 3: 1, 4: 1, 5: 1, 6: 1, 7: 1, 8: 1} ","PASS , {1: 1, 2: 1, 3: 1, 4: 1} ",17:17:06_29-07-25
2740,2494,8002,004638,"BV25292312505 , T253013341 ",FF00FFA50010600D1FD0761C0106389901508C85000100C800300001000DDBCD0301839A8245009C0A10,PASS,"PASS, {1: 1, 2: 1, 3: 1, 4: 1, 5: 1, 6: 1, 7: 1, 8: 1, 9: 1, 10: 1, 11: 1}","PASS, {1: 1, 2: 1, 3: 1, 4: 1, 5: 1, 6: 1, 7: 1, 8: 1, 9: 1, 10: 1}","PASS , {1: 1, 2: 1, 3: 1, 4: 1, 5: 1, 6: 1, 7: 1, 8: 1} ","PASS , {1: 1, 2: 1, 3: 1, 4: 1} ",17:18:17_29-07-25
2741,2495,8002,004638,"BV25292312502 , T253013336 ",FF00FFA50010600D1FD0761C0106389901508C85000100C800300001000DDBCD0301839A8245009C0A10,PASS,"PASS, {1: 1, 2: 1, 3: 1, 4: 1, 5: 1, 6: 1, 7: 1, 8: 1, 9: 1, 10: 1, 11: 1}","PASS, {1: 1, 2: 1, 3: 1, 4: 1, 5: 1, 6: 1, 7: 1, 8: 1, 9: 1, 10: 1}","PASS , {1: 1, 2: 1, 3: 1, 4: 1, 5: 1, 6: 1, 7: 1, 8: 1} ","PASS , {1: 1, 2: 1, 3: 1, 4: 1} ",17:19:32_29-07-25
2742,2496,8002,004638,"BV25292312503 , T253013338 ",FF00FFA50010600D1FD0761C0106389901508C85000100C800300001000DDBCD0301839A8245009C0A10,PASS,"PASS, {1: 1, 2: 1, 3: 1, 4: 1, 5: 1, 6: 1, 7: 1, 8: 1, 9: 1, 10: 1, 11: 1}","PASS, {1: 1, 2: 1, 3: 1, 4: 1, 5: 1, 6: 1, 7: 1, 8: 1, 9: 1, 10: 1}","PASS , {1: 1, 2: 1, 3: 1, 4: 1, 5: 1, 6: 1, 7: 1, 8: 1} ","PASS , {1: 1, 2: 1, 3: 1, 4: 1} ",17:20:46_29-07-25
2743,2497,8002,004638,"BV25292312501 , T253013340 ",FF00FFA50010600D1FD0761C0106389901508C85000100C800300001000DDBCD0301839A8245009C0A10,PASS,"PASS, {1: 1, 2: 1, 3: 1, 4: 1, 5: 1, 6: 1, 7: 1, 8: 1, 9: 1, 10: 1, 11: 1}","PASS, {1: 1, 2: 1, 3: 1, 4: 1, 5: 1, 6: 1, 7: 1, 8: 1, 9: 1, 10: 1}","PASS , {1: 1, 2: 1, 3: 1, 4: 1, 5: 1, 6: 1, 7: 1, 8: 1} ","PASS , {1: 1, 2: 1, 3: 1, 4: 1} ",17:22:00_29-07-25
2744,2498,8002,004638,"BV25292312471 , T252720398 ",FF00FFA50010600D1FD0761C0106389901508C85000100C800300001000DDBCD0301839A8245009C0A10,PASS,"PASS, {1: 1, 2: 1, 3: 1, 4: 1, 5: 1, 6: 1, 7: 1, 8: 1, 9: 1, 10: 1, 11: 1}","PASS, {1: 1, 2: 1, 3: 1, 4: 1, 5: 1, 6: 1, 7: 1, 8: 1, 9: 1, 10: 1}","PASS , {1: 1, 2: 1, 3: 1, 4: 1, 5: 1, 6: 1, 7: 1, 8: 1} ","PASS , {1: 1, 2: 1, 3: 1, 4: 1} ",17:23:19_29-07-25
2745,2499,8002,004638,"BV25292312493 , T252720953 ",FF00FFA50010600D1FD0761C0106389901508C85000100C800300001000DDBCD0301839A8245009C0A10,PASS,"PASS, {1: 1, 2: 1, 3: 1, 4: 1, 5: 1, 6: 1, 7: 1, 8: 1, 9: 1, 10: 1, 11: 1}","PASS, {1: 1, 2: 1, 3: 1, 4: 1, 5: 1, 6: 1, 7: 1, 8: 1, 9: 1, 10: 1}","PASS , {1: 1, 2: 1, 3: 1, 4: 1, 5: 1, 6: 1, 7: 1, 8: 1} ","PASS , {1: 1, 2: 1, 3: 1, 4: 1} ",17:24:31_29-07-25
2746,2500,8002,004638,"BV25292312473 , T252802208 ",FF00FFA50010600D1FD0761C0106389901508C85000100C800300001000DDBCD0301839A8245009C0A10,PASS,"PASS, {1: 1, 2: 1, 3: 1, 4: 1, 5: 1, 6: 1, 7: 1, 8: 1, 9: 1, 10: 1, 11: 1}","PASS, {1: 1, 2: 1, 3: 1, 4: 1, 5: 1, 6: 1, 7: 1, 8: 1, 9: 1, 10: 1}","PASS , {1: 1, 2: 1, 3: 1, 4: 1, 5: 1, 6: 1, 7: 1, 8: 1} ","PASS , {1: 1, 2: 1, 3: 1, 4: 1} ",17:25:45_29-07-25
2747,2501,8002,004638,"BV25292312472 , T252716600 ",FF00FFA50010600D1FD0761C0106389901508C85000100C800300001000DDBCD0301839A8245009C0A10,PASS,"PASS, {1: 1, 2: 1, 3: 1, 4: 1, 5: 1, 6: 1, 7: 1, 8: 1, 9: 1, 10: 1, 11: 1}","PASS, {1: 1, 2: 1, 3: 1, 4: 1, 5: 1, 6: 1, 7: 1, 8: 1, 9: 1, 10: 1}","PASS , {1: 1, 2: 1, 3: 1, 4: 1, 5: 1, 6: 1, 7: 1, 8: 1} ","PASS , {1: 1, 2: 1, 3: 1, 4: 1} ",17:26:59_29-07-25
2748,2502,8002,004638,"BV25292312575 , T253011255 ",FF00FFA50010600D1FD0761C0106389901508C85000100C800300001000DDBCD0301839A8245009C0A10,PASS,"PASS, {1: 1, 2: 1, 3: 1, 4: 1, 5: 1, 6: 1, 7: 1, 8: 1, 9: 1, 10: 1, 11: 1}","PASS, {1: 1, 2: 1, 3: 1, 4: 1, 5: 1, 6: 1, 7: 1, 8: 1, 9: 1, 10: 1}","PASS , {1: 1, 2: 1, 3: 1, 4: 1, 5: 1, 6: 1, 7: 1, 8: 1} ","PASS , {1: 1, 2: 1, 3: 1, 4: 1} ",17:28:11_29-07-25
2749,2503,8002,004638,"BV25292312488 , T252716311 ",FF00FFA50010600D1FD0761C0106389901508C85000100C800300001000DDBCD0301839A8245009C0A10,PASS,"PASS, {1: 1, 2: 1, 3: 1, 4: 1, 5: 1, 6: 1, 7: 1, 8: 1, 9: 1, 10: 1, 11: 1}","PASS, {1: 1, 2: 1, 3: 1, 4: 1, 5: 1, 6: 1, 7: 1, 8: 1, 9: 1, 10: 1}","PASS , {1: 1, 2: 1, 3: 1, 4: 1, 5: 1, 6: 1, 7: 1, 8: 1} ","PASS , {1: 1, 2: 1, 3: 1, 4: 1} ",17:29:26_29-07-25
2750,2504,8002,004638,"BV25292312586 , T252802288 ",FF00FFA50010600D1FD0761C0106389901508C85000100C800300001000DDBCD0301839A8245009C0A10,PASS,"PASS, {1: 1, 2: 1, 3: 1, 4: 1, 5: 1, 6: 1, 7: 1, 8: 1, 9: 1, 10: 1, 11: 1}","PASS, {1: 1, 2: 1, 3: 1, 4: 1, 5: 1, 6: 1, 7: 1, 8: 1, 9: 1, 10: 1}","PASS , {1: 1, 2: 1, 3: 1, 4: 1, 5: 1, 6: 1, 7: 1, 8: 1} ","PASS , {1: 1, 2: 1, 3: 1, 4: 1} ",17:30:39_29-07-25
2751,2505,8002,004638,"BV25292312583 , T252720920 ",FF00FFA50010600D1FD0761C0106389901508C85000100C800300001000DDBCD0301839A8245009C0A10,PASS,"PASS, {1: 1, 2: 1, 3: 1, 4: 1, 5: 1, 6: 1, 7: 1, 8: 1, 9: 1, 10: 1, 11: 1}","PASS, {1: 1, 2: 1, 3: 1, 4: 1, 5: 1, 6: 1, 7: 1, 8: 1, 9: 1, 10: 1}","PASS , {1: 1, 2: 1, 3: 1, 4: 1, 5: 1, 6: 1, 7: 1, 8: 1} ","PASS , {1: 1, 2: 1, 3: 1, 4: 1} ",17:31:56_29-07-25
2752,2506,8002,004638,"BV25292312584 , T253011260 ",FF00FFA50010600D1FD0761C0106389901508C85000100C800300001000DDBCD0301839A8245009C0A10,PASS,"PASS, {1: 1, 2: 1, 3: 1, 4: 1, 5: 1, 6: 1, 7: 1, 8: 1, 9: 1, 10: 1, 11: 1}","PASS, {1: 1, 2: 1, 3: 1, 4: 1, 5: 1, 6: 1, 7: 1, 8: 1, 9: 1, 10: 1}","PASS , {1: 1, 2: 1, 3: 1, 4: 1, 5: 1, 6: 1, 7: 1, 8: 1} ","PASS , {1: 1, 2: 1, 3: 1, 4: 1} ",17:33:10_29-07-25
2753,2507,8002,004638,"BV25292312573 , T253011280 ",FF00FFA50010600D1FD0761C0106389901508C85000100C800300001000DDBCD0301839A8245009C0A10,PASS,"PASS, {1: 1, 2: 1, 3: 1, 4: 1, 5: 1, 6: 1, 7: 1, 8: 1, 9: 1, 10: 1, 11: 1}","PASS, {1: 1, 2: 1, 3: 1, 4: 1, 5: 1, 6: 1, 7: 1, 8: 1, 9: 1, 10: 1}","PASS , {1: 1, 2: 1, 3: 1, 4: 1, 5: 1, 6: 1, 7: 1, 8: 1} ","PASS , {1: 1, 2: 1, 3: 1, 4: 1} ",17:34:23_29-07-25
2754,2508,8002,004638,"BV25292312588 , T252802291 ",FF00FFA50010600D1FD0761C0106389901508C85000100C800300001000DDBCD0301839A8245009C0A10,PASS,"PASS, {1: 1, 2: 1, 3: 1, 4: 1, 5: 1, 6: 1, 7: 1, 8: 1, 9: 1, 10: 1, 11: 1}","PASS, {1: 1, 2: 1, 3: 1, 4: 1, 5: 1, 6: 1, 7: 1, 8: 1, 9: 1, 10: 1}","PASS , {1: 1, 2: 1, 3: 1, 4: 1, 5: 1, 6: 1, 7: 1, 8: 1} ","PASS , {1: 1, 2: 1, 3: 1, 4: 1} ",17:35:35_29-07-25
2755,2509,8002,004638,"BV25292312487 , T252716095 ",FF00FFA50010600D1FD0761C0106389901508C85000100C800300001000DDBCD0301839A8245009C0A10,PASS,"PASS, {1: 1, 2: 1, 3: 1, 4: 1, 5: 1, 6: 1, 7: 1, 8: 1, 9: 1, 10: 1, 11: 1}","PASS, {1: 1, 2: 1, 3: 1, 4: 1, 5: 1, 6: 1, 7: 1, 8: 1, 9: 1, 10: 1}","PASS , {1: 1, 2: 1, 3: 1, 4: 1, 5: 1, 6: 1, 7: 1, 8: 1} ","PASS , {1: 1, 2: 1, 3: 1, 4: 1} ",17:36:47_29-07-25
2756,2509,8002,004638,"BV25292312453 , T253011512 ",FF00FFA50010600D1FD0761C0106389901508C85000100C800300001000DDBCD0301839A8245009C0A10,PASS,"PASS, {1: 1, 2: 1, 3: 1, 4: 1, 5: 1, 6: 1, 7: 1, 8: 1, 9: 1, 10: 1, 11: 1}","FAIL, {1: 0, 2: 1, 3: 1, 4: 1, 5: 1, 6: 1, 7: 1, 8: 1, 9: 1, 10: 1}","PASS , {1: 1, 2: 1, 3: 1, 4: 1, 5: 1, 6: 1, 7: 1, 8: 1} ","PASS , {1: 1, 2: 1, 3: 1, 4: 1} ",17:38:03_29-07-25
2757,2510,8002,004638,"BV25292312455 , T253013537 ",FF00FFA50010600D1FD0761C0106389901508C85000100C800300001000DDBCD0301839A8245009C0A10,PASS,"PASS, {1: 1, 2: 1, 3: 1, 4: 1, 5: 1, 6: 1, 7: 1, 8: 1, 9: 1, 10: 1, 11: 1}","PASS, {1: 1, 2: 1, 3: 1, 4: 1, 5: 1, 6: 1, 7: 1, 8: 1, 9: 1, 10: 1}","PASS , {1: 1, 2: 1, 3: 1, 4: 1, 5: 1, 6: 1, 7: 1, 8: 1} ","PASS , {1: 1, 2: 1, 3: 1, 4: 1} ",17:39:15_29-07-25
2758,2511,8002,004638,"BV25292312445 , T253012549 ",FF00FFA50010600D1FD0761C0106389901508C85000100C800300001000DDBCD0301839A8245009C0A10,PASS,"PASS, {1: 1, 2: 1, 3: 1, 4: 1, 5: 1, 6: 1, 7: 1, 8: 1, 9: 1, 10: 1, 11: 1}","PASS, {1: 1, 2: 1, 3: 1, 4: 1, 5: 1, 6: 1, 7: 1, 8: 1, 9: 1, 10: 1}","PASS , {1: 1, 2: 1, 3: 1, 4: 1, 5: 1, 6: 1, 7: 1, 8: 1} ","PASS , {1: 1, 2: 1, 3: 1, 4: 1} ",17:40:26_29-07-25
2759,2512,8002,004638,"BV25292312448 , T253012548 ",FF00FFA50010600D1FD0761C0106389901508C85000100C800300001000DDBCD0301839A8245009C0A10,PASS,"PASS, {1: 1, 2: 1, 3: 1, 4: 1, 5: 1, 6: 1, 7: 1, 8: 1, 9: 1, 10: 1, 11: 1}","PASS, {1: 1, 2: 1, 3: 1, 4: 1, 5: 1, 6: 1, 7: 1, 8: 1, 9: 1, 10: 1}","PASS , {1: 1, 2: 1, 3: 1, 4: 1, 5: 1, 6: 1, 7: 1, 8: 1} ","PASS , {1: 1, 2: 1, 3: 1, 4: 1} ",17:41:40_29-07-25
2760,2512,8002,004638,"BV25292312450 , T253013570 ",FF00FFA50010600D1FD0761C0106389901508C85000100C800300001000DDBCD0301839A8245009C0A10,PASS,"PASS, {1: 1, 2: 1, 3: 1, 4: 1, 5: 1, 6: 1, 7: 1, 8: 1, 9: 1, 10: 1, 11: 1}","FAIL, {1: 1, 2: 0, 3: 1, 4: 0, 5: 0, 6: 1, 7: 1, 8: 0, 9: 1, 10: 0}","PASS , {1: 1, 2: 1, 3: 1, 4: 1, 5: 1, 6: 1, 7: 1, 8: 1} ","PASS , {1: 1, 2: 1, 3: 1, 4: 1} ",17:42:57_29-07-25
2761,2513,8002,004638,"BV25292312255 , T252209282 ",FF00FFA50010600D1FD0761C0106389901508C85000100C800300001000DDBCD0301839A8245009C0A10,PASS,"PASS, {1: 1, 2: 1, 3: 1, 4: 1, 5: 1, 6: 1, 7: 1, 8: 1, 9: 1, 10: 1, 11: 1}","PASS, {1: 1, 2: 1, 3: 1, 4: 1, 5: 1, 6: 1, 7: 1, 8: 1, 9: 1, 10: 1}","PASS , {1: 1, 2: 1, 3: 1, 4: 1, 5: 1, 6: 1, 7: 1, 8: 1} ","PASS , {1: 1, 2: 1, 3: 1, 4: 1} ",17:44:11_29-07-25
2762,2514,8002,004638,"BV25292312251 , T252208977 ",FF00FFA50010600D1FD0761C0106389901508C85000100C800300001000DDBCD0301839A8245009C0A10,PASS,"PASS, {1: 1, 2: 1, 3: 1, 4: 1, 5: 1, 6: 1, 7: 1, 8: 1, 9: 1, 10: 1, 11: 1}","PASS, {1: 1, 2: 1, 3: 1, 4: 1, 5: 1, 6: 1, 7: 1, 8: 1, 9: 1, 10: 1}","PASS , {1: 1, 2: 1, 3: 1, 4: 1, 5: 1, 6: 1, 7: 1, 8: 1} ","PASS , {1: 1, 2: 1, 3: 1, 4: 1} ",17:45:27_29-07-25
2763,2515,8002,004638,"BV25292312250 , T252209830 ",FF00FFA50010600D1FD0761C0106389901508C85000100C800300001000DDBCD0301839A8245009C0A10,PASS,"PASS, {1: 1, 2: 1, 3: 1, 4: 1, 5: 1, 6: 1, 7: 1, 8: 1, 9: 1, 10: 1, 11: 1}","PASS, {1: 1, 2: 1, 3: 1, 4: 1, 5: 1, 6: 1, 7: 1, 8: 1, 9: 1, 10: 1}","PASS , {1: 1, 2: 1, 3: 1, 4: 1, 5: 1, 6: 1, 7: 1, 8: 1} ","PASS , {1: 1, 2: 1, 3: 1, 4: 1} ",17:46:46_29-07-25
2764,2516,8002,004638,"BV25292312249 , T252209947 ",FF00FFA50010600D1FD0761C0106389901508C85000100C800300001000DDBCD0301839A8245009C0A10,PASS,"PASS, {1: 1, 2: 1, 3: 1, 4: 1, 5: 1, 6: 1, 7: 1, 8: 1, 9: 1, 10: 1, 11: 1}","PASS, {1: 1, 2: 1, 3: 1, 4: 1, 5: 1, 6: 1, 7: 1, 8: 1, 9: 1, 10: 1}","PASS , {1: 1, 2: 1, 3: 1, 4: 1, 5: 1, 6: 1, 7: 1, 8: 1} ","PASS , {1: 1, 2: 1, 3: 1, 4: 1} ",17:48:18_29-07-25
2765,2517,8002,004638,"BV25292312272 , T252209748 ",FF00FFA50010600D1FD0761C0106389901508C85000100C800300001000DDBCD0301839A8245009C0A10,PASS,"PASS, {1: 1, 2: 1, 3: 1, 4: 1, 5: 1, 6: 1, 7: 1, 8: 1, 9: 1, 10: 1, 11: 1}","PASS, {1: 1, 2: 1, 3: 1, 4: 1, 5: 1, 6: 1, 7: 1, 8: 1, 9: 1, 10: 1}","PASS , {1: 1, 2: 1, 3: 1, 4: 1, 5: 1, 6: 1, 7: 1, 8: 1} ","PASS , {1: 1, 2: 1, 3: 1, 4: 1} ",17:49:29_29-07-25
2766,2518,8002,004638,"BV25292312274 , T252210276 ",FF00FFA50010600D1FD0761C0106389901508C85000100C800300001000DDBCD0301839A8245009C0A10,PASS,"PASS, {1: 1, 2: 1, 3: 1, 4: 1, 5: 1, 6: 1, 7: 1, 8: 1, 9: 1, 10: 1, 11: 1}","PASS, {1: 1, 2: 1, 3: 1, 4: 1, 5: 1, 6: 1, 7: 1, 8: 1, 9: 1, 10: 1}","PASS , {1: 1, 2: 1, 3: 1, 4: 1, 5: 1, 6: 1, 7: 1, 8: 1} ","PASS , {1: 1, 2: 1, 3: 1, 4: 1} ",17:50:44_29-07-25
2767,2519,8002,004638,"BV25292312287 , T253013004 ",FF00FFA50010600D1FD0761C0106389901508C85000100C800300001000DDBCD0301839A8245009C0A10,PASS,"PASS, {1: 1, 2: 1, 3: 1, 4: 1, 5: 1, 6: 1, 7: 1, 8: 1, 9: 1, 10: 1, 11: 1}","PASS, {1: 1, 2: 1, 3: 1, 4: 1, 5: 1, 6: 1, 7: 1, 8: 1, 9: 1, 10: 1}","PASS , {1: 1, 2: 1, 3: 1, 4: 1, 5: 1, 6: 1, 7: 1, 8: 1} ","PASS , {1: 1, 2: 1, 3: 1, 4: 1} ",17:51:55_29-07-25
2768,2519,8002,004638,"BV25292312289 , T253013002 ",FF00FFA50010600D1FD0761C0106389901508C85000100C800300001000DDBCD0301839A8245009C0A10,PASS,"PASS, {1: 1, 2: 1, 3: 1, 4: 1, 5: 1, 6: 1, 7: 1, 8: 1, 9: 1, 10: 1, 11: 1}","FAIL, {1: 0, 2: 1, 3: 1, 4: 1, 5: 1, 6: 1, 7: 1, 8: 1, 9: 1, 10: 1}","PASS , {1: 1, 2: 1, 3: 1, 4: 1, 5: 1, 6: 1, 7: 1, 8: 1} ","PASS , {1: 1, 2: 1, 3: 1, 4: 1} ",17:53:11_29-07-25
2769,2520,8002,004638,"BV25292312294 , T253013532 ",FF00FFA50010600D1FD0761C0106389901508C85000100C800300001000DDBCD0301839A8245009C0A10,PASS,"PASS, {1: 1, 2: 1, 3: 1, 4: 1, 5: 1, 6: 1, 7: 1, 8: 1, 9: 1, 10: 1, 11: 1}","PASS, {1: 1, 2: 1, 3: 1, 4: 1, 5: 1, 6: 1, 7: 1, 8: 1, 9: 1, 10: 1}","PASS , {1: 1, 2: 1, 3: 1, 4: 1, 5: 1, 6: 1, 7: 1, 8: 1} ","PASS , {1: 1, 2: 1, 3: 1, 4: 1} ",17:54:29_29-07-25
2770,2521,8002,004638,"BV25292312296 , T253013003 ",FF00FFA50010600D1FD0761C0106389901508C85000100C800300001000DDBCD0301839A8245009C0A10,PASS,"PASS, {1: 1, 2: 1, 3: 1, 4: 1, 5: 1, 6: 1, 7: 1, 8: 1, 9: 1, 10: 1, 11: 1}","PASS, {1: 1, 2: 1, 3: 1, 4: 1, 5: 1, 6: 1, 7: 1, 8: 1, 9: 1, 10: 1}","PASS , {1: 1, 2: 1, 3: 1, 4: 1, 5: 1, 6: 1, 7: 1, 8: 1} ","PASS , {1: 1, 2: 1, 3: 1, 4: 1} ",17:55:40_29-07-25
2771,2522,8002,004638,"BV25292312297 , T253013611 ",FF00FFA50010600D1FD0761C0106389901508C85000100C800300001000DDBCD0301839A8245009C0A10,PASS,"PASS, {1: 1, 2: 1, 3: 1, 4: 1, 5: 1, 6: 1, 7: 1, 8: 1, 9: 1, 10: 1, 11: 1}","PASS, {1: 1, 2: 1, 3: 1, 4: 1, 5: 1, 6: 1, 7: 1, 8: 1, 9: 1, 10: 1}","PASS , {1: 1, 2: 1, 3: 1, 4: 1, 5: 1, 6: 1, 7: 1, 8: 1} ","PASS , {1: 1, 2: 1, 3: 1, 4: 1} ",17:56:52_29-07-25
2772,2523,8002,004638,"BV25292312302 , T253013420 ",FF00FFA50010600D1FD0761C0106389901508C85000100C800300001000DDBCD0301839A8245009C0A10,PASS,"PASS, {1: 1, 2: 1, 3: 1, 4: 1, 5: 1, 6: 1, 7: 1, 8: 1, 9: 1, 10: 1, 11: 1}","PASS, {1: 1, 2: 1, 3: 1, 4: 1, 5: 1, 6: 1, 7: 1, 8: 1, 9: 1, 10: 1}","PASS , {1: 1, 2: 1, 3: 1, 4: 1, 5: 1, 6: 1, 7: 1, 8: 1} ","PASS , {1: 1, 2: 1, 3: 1, 4: 1} ",17:58:12_29-07-25
2773,2524,8002,004638,"BV25292312304 , T253013531 ",FF00FFA50010600D1FD0761C0106389901508C85000100C800300001000DDBCD0301839A8245009C0A10,PASS,"PASS, {1: 1, 2: 1, 3: 1, 4: 1, 5: 1, 6: 1, 7: 1, 8: 1, 9: 1, 10: 1, 11: 1}","PASS, {1: 1, 2: 1, 3: 1, 4: 1, 5: 1, 6: 1, 7: 1, 8: 1, 9: 1, 10: 1}","PASS , {1: 1, 2: 1, 3: 1, 4: 1, 5: 1, 6: 1, 7: 1, 8: 1} ","PASS , {1: 1, 2: 1, 3: 1, 4: 1} ",17:59:22_29-07-25
2774,2525,8002,004638,"BV25292312301 , T253013524 ",FF00FFA50010600D1FD0761C0106389901508C85000100C800300001000DDBCD0301839A8245009C0A10,PASS,"PASS, {1: 1, 2: 1, 3: 1, 4: 1, 5: 1, 6: 1, 7: 1, 8: 1, 9: 1, 10: 1, 11: 1}","PASS, {1: 1, 2: 1, 3: 1, 4: 1, 5: 1, 6: 1, 7: 1, 8: 1, 9: 1, 10: 1}","PASS , {1: 1, 2: 1, 3: 1, 4: 1, 5: 1, 6: 1, 7: 1, 8: 1} ","PASS , {1: 1, 2: 1, 3: 1, 4: 1} ",18:00:36_29-07-25
2775,2526,8002,004638,"BV25292312300 , T253013530 ",FF00FFA50010600D1FD0761C0106389901508C85000100C800300001000DDBCD0301839A8245009C0A10,PASS,"PASS, {1: 1, 2: 1, 3: 1, 4: 1, 5: 1, 6: 1, 7: 1, 8: 1, 9: 1, 10: 1, 11: 1}","PASS, {1: 1, 2: 1, 3: 1, 4: 1, 5: 1, 6: 1, 7: 1, 8: 1, 9: 1, 10: 1}","PASS , {1: 1, 2: 1, 3: 1, 4: 1, 5: 1, 6: 1, 7: 1, 8: 1} ","PASS , {1: 1, 2: 1, 3: 1, 4: 1} ",18:01:51_29-07-25
2776,2527,8002,004638,"BV25292312298 , T253013520 ",FF00FFA50010600D1FD0761C0106389901508C85000100C800300001000DDBCD0301839A8245009C0A10,PASS,"PASS, {1: 1, 2: 1, 3: 1, 4: 1, 5: 1, 6: 1, 7: 1, 8: 1, 9: 1, 10: 1, 11: 1}","PASS, {1: 1, 2: 1, 3: 1, 4: 1, 5: 1, 6: 1, 7: 1, 8: 1, 9: 1, 10: 1}","PASS , {1: 1, 2: 1, 3: 1, 4: 1, 5: 1, 6: 1, 7: 1, 8: 1} ","PASS , {1: 1, 2: 1, 3: 1, 4: 1} ",18:03:06_29-07-25
2777,2528,8002,004638,"BV25292312576 , T253011292 ",FF00FFA50010600D1FD0761C0106389901508C85000100C800300001000DDBCD0301839A8245009C0A10,PASS,"PASS, {1: 1, 2: 1, 3: 1, 4: 1, 5: 1, 6: 1, 7: 1, 8: 1, 9: 1, 10: 1, 11: 1}","PASS, {1: 1, 2: 1, 3: 1, 4: 1, 5: 1, 6: 1, 7: 1, 8: 1, 9: 1, 10: 1}","PASS , {1: 1, 2: 1, 3: 1, 4: 1, 5: 1, 6: 1, 7: 1, 8: 1} ","PASS , {1: 1, 2: 1, 3: 1, 4: 1} ",18:05:04_29-07-25
2778,2529,8002,004638,"BV25292312577 , T253011383 ",FF00FFA50010600D1FD0761C0106389901508C85000100C800300001000DDBCD0301839A8245009C0A10,PASS,"PASS, {1: 1, 2: 1, 3: 1, 4: 1, 5: 1, 6: 1, 7: 1, 8: 1, 9: 1, 10: 1, 11: 1}","PASS, {1: 1, 2: 1, 3: 1, 4: 1, 5: 1, 6: 1, 7: 1, 8: 1, 9: 1, 10: 1}","PASS , {1: 1, 2: 1, 3: 1, 4: 1, 5: 1, 6: 1, 7: 1, 8: 1} ","PASS , {1: 1, 2: 1, 3: 1, 4: 1} ",18:06:15_29-07-25
2779,2530,8002,004638,"BV25292312587 , T252802289 ",FF00FFA50010600D1FD0761C0106389901508C85000100C800300001000DDBCD0301839A8245009C0A10,PASS,"PASS, {1: 1, 2: 1, 3: 1, 4: 1, 5: 1, 6: 1, 7: 1, 8: 1, 9: 1, 10: 1, 11: 1}","PASS, {1: 1, 2: 1, 3: 1, 4: 1, 5: 1, 6: 1, 7: 1, 8: 1, 9: 1, 10: 1}","PASS , {1: 1, 2: 1, 3: 1, 4: 1, 5: 1, 6: 1, 7: 1, 8: 1} ","PASS , {1: 1, 2: 1, 3: 1, 4: 1} ",18:07:27_29-07-25
2780,2531,8002,004638,"BV25292312578 , T253011377 ",FF00FFA50010600D1FD0761C0106389901508C85000100C800300001000DDBCD0301839A8245009C0A10,PASS,"PASS, {1: 1, 2: 1, 3: 1, 4: 1, 5: 1, 6: 1, 7: 1, 8: 1, 9: 1, 10: 1, 11: 1}","PASS, {1: 1, 2: 1, 3: 1, 4: 1, 5: 1, 6: 1, 7: 1, 8: 1, 9: 1, 10: 1}","PASS , {1: 1, 2: 1, 3: 1, 4: 1, 5: 1, 6: 1, 7: 1, 8: 1} ","PASS , {1: 1, 2: 1, 3: 1, 4: 1} ",18:08:40_29-07-25
2781,2532,8002,004638,"BV25292312579 , T253011284 ",FF00FFA50010600D1FD0761C0106389901508C85000100C800300001000DDBCD0301839A8245009C0A10,PASS,"PASS, {1: 1, 2: 1, 3: 1, 4: 1, 5: 1, 6: 1, 7: 1, 8: 1, 9: 1, 10: 1, 11: 1}","PASS, {1: 1, 2: 1, 3: 1, 4: 1, 5: 1, 6: 1, 7: 1, 8: 1, 9: 1, 10: 1}","PASS , {1: 1, 2: 1, 3: 1, 4: 1, 5: 1, 6: 1, 7: 1, 8: 1} ","PASS , {1: 1, 2: 1, 3: 1, 4: 1} ",18:09:58_29-07-25
2782,2533,8002,004638,"BV25292312574 , T253011575 ",FF00FFA50010600D1FD0761C0106389901508C85000100C800300001000DDBCD0301839A8245009C0A10,PASS,"PASS, {1: 1, 2: 1, 3: 1, 4: 1, 5: 1, 6: 1, 7: 1, 8: 1, 9: 1, 10: 1, 11: 1}","PASS, {1: 1, 2: 1, 3: 1, 4: 1, 5: 1, 6: 1, 7: 1, 8: 1, 9: 1, 10: 1}","PASS , {1: 1, 2: 1, 3: 1, 4: 1, 5: 1, 6: 1, 7: 1, 8: 1} ","PASS , {1: 1, 2: 1, 3: 1, 4: 1} ",18:11:14_29-07-25
2783,2534,8002,004638,"BV25292312580 , T252802206 ",FF00FFA50010600D1FD0761C0106389901508C85000100C800300001000DDBCD0301839A8245009C0A10,PASS,"PASS, {1: 1, 2: 1, 3: 1, 4: 1, 5: 1, 6: 1, 7: 1, 8: 1, 9: 1, 10: 1, 11: 1}","PASS, {1: 1, 2: 1, 3: 1, 4: 1, 5: 1, 6: 1, 7: 1, 8: 1, 9: 1, 10: 1}","PASS , {1: 1, 2: 1, 3: 1, 4: 1, 5: 1, 6: 1, 7: 1, 8: 1} ","PASS , {1: 1, 2: 1, 3: 1, 4: 1} ",18:12:28_29-07-25
2784,2535,8002,004638,"BV25292312581 , T252802029 ",FF00FFA50010600D1FD0761C0106389901508C85000100C800300001000DDBCD0301839A8245009C0A10,PASS,"PASS, {1: 1, 2: 1, 3: 1, 4: 1, 5: 1, 6: 1, 7: 1, 8: 1, 9: 1, 10: 1, 11: 1}","PASS, {1: 1, 2: 1, 3: 1, 4: 1, 5: 1, 6: 1, 7: 1, 8: 1, 9: 1, 10: 1}","PASS , {1: 1, 2: 1, 3: 1, 4: 1, 5: 1, 6: 1, 7: 1, 8: 1} ","PASS , {1: 1, 2: 1, 3: 1, 4: 1} ",18:13:41_29-07-25
2785,2536,8002,004638,"BV25292312582 , T252802030 ",FF00FFA50010600D1FD0761C0106389901508C85000100C800300001000DDBCD0301839A8245009C0A10,PASS,"PASS, {1: 1, 2: 1, 3: 1, 4: 1, 5: 1, 6: 1, 7: 1, 8: 1, 9: 1, 10: 1, 11: 1}","PASS, {1: 1, 2: 1, 3: 1, 4: 1, 5: 1, 6: 1, 7: 1, 8: 1, 9: 1, 10: 1}","PASS , {1: 1, 2: 1, 3: 1, 4: 1, 5: 1, 6: 1, 7: 1, 8: 1} ","PASS , {1: 1, 2: 1, 3: 1, 4: 1} ",18:14:56_29-07-25
2786,2537,8002,004638,"BV25292312585 , T252802031 ",FF00FFA50010600D1FD0761C0106389901508C85000100C800300001000DDBCD0301839A8245009C0A10,PASS,"PASS, {1: 1, 2: 1, 3: 1, 4: 1, 5: 1, 6: 1, 7: 1, 8: 1, 9: 1, 10: 1, 11: 1}","PASS, {1: 1, 2: 1, 3: 1, 4: 1, 5: 1, 6: 1, 7: 1, 8: 1, 9: 1, 10: 1}","PASS , {1: 1, 2: 1, 3: 1, 4: 1, 5: 1, 6: 1, 7: 1, 8: 1} ","PASS , {1: 1, 2: 1, 3: 1, 4: 1} ",18:16:12_29-07-25
2787,2538,8002,004638,"BV25292312589 , T252802120 ",FF00FFA50010600D1FD0761C0106389901508C85000100C800300001000DDBCD0301839A8245009C0A10,PASS,"PASS, {1: 1, 2: 1, 3: 1, 4: 1, 5: 1, 6: 1, 7: 1, 8: 1, 9: 1, 10: 1, 11: 1}","PASS, {1: 1, 2: 1, 3: 1, 4: 1, 5: 1, 6: 1, 7: 1, 8: 1, 9: 1, 10: 1}","PASS , {1: 1, 2: 1, 3: 1, 4: 1, 5: 1, 6: 1, 7: 1, 8: 1} ","PASS , {1: 1, 2: 1, 3: 1, 4: 1} ",18:17:25_29-07-25
2788,2539,8002,004638,"BV25292312453 , T253011512 ",FF00FFA50010600D1FD0761C0106389901508C85000100C800300001000DDBCD0301839A8245009C0A10,PASS,"PASS, {1: 1, 2: 1, 3: 1, 4: 1, 5: 1, 6: 1, 7: 1, 8: 1, 9: 1, 10: 1, 11: 1}","PASS, {1: 1, 2: 1, 3: 1, 4: 1, 5: 1, 6: 1, 7: 1, 8: 1, 9: 1, 10: 1}","PASS , {1: 1, 2: 1, 3: 1, 4: 1, 5: 1, 6: 1, 7: 1, 8: 1} ","PASS , {1: 1, 2: 1, 3: 1, 4: 1} ",18:18:48_29-07-25
2789,2540,8002,004638,"BV25292312559 , T252716602 ",FF00FFA50010600D1FD0761C0106389901508C85000100C800300001000DDBCD0301839A8245009C0A10,PASS,"PASS, {1: 1, 2: 1, 3: 1, 4: 1, 5: 1, 6: 1, 7: 1, 8: 1, 9: 1, 10: 1, 11: 1}","PASS, {1: 1, 2: 1, 3: 1, 4: 1, 5: 1, 6: 1, 7: 1, 8: 1, 9: 1, 10: 1}","PASS , {1: 1, 2: 1, 3: 1, 4: 1, 5: 1, 6: 1, 7: 1, 8: 1} ","PASS , {1: 1, 2: 1, 3: 1, 4: 1} ",18:20:04_29-07-25
2790,2541,8002,004638,"BV25292312527 , T253013484 ",FF00FFA50010600D1FD0761C0106389901508C85000100C800300001000DDBCD0301839A8245009C0A10,PASS,"PASS, {1: 1, 2: 1, 3: 1, 4: 1, 5: 1, 6: 1, 7: 1, 8: 1, 9: 1, 10: 1, 11: 1}","PASS, {1: 1, 2: 1, 3: 1, 4: 1, 5: 1, 6: 1, 7: 1, 8: 1, 9: 1, 10: 1}","PASS , {1: 1, 2: 1, 3: 1, 4: 1, 5: 1, 6: 1, 7: 1, 8: 1} ","PASS , {1: 1, 2: 1, 3: 1, 4: 1} ",18:21:23_29-07-25
2791,2542,8002,004638,"BV25292312500 , T253013343 ",FF00FFA50010600D1FD0761C0106389901508C85000100C800300001000DDBCD0301839A8245009C0A10,PASS,"PASS, {1: 1, 2: 1, 3: 1, 4: 1, 5: 1, 6: 1, 7: 1, 8: 1, 9: 1, 10: 1, 11: 1}","PASS, {1: 1, 2: 1, 3: 1, 4: 1, 5: 1, 6: 1, 7: 1, 8: 1, 9: 1, 10: 1}","PASS , {1: 1, 2: 1, 3: 1, 4: 1, 5: 1, 6: 1, 7: 1, 8: 1} ","PASS , {1: 1, 2: 1, 3: 1, 4: 1} ",18:22:34_29-07-25
2792,2543,8002,004638,"BV25292312540 , T253012477 ",FF00FFA50010600D1FD0761C0106389901508C85000100C800300001000DDBCD0301839A8245009C0A10,PASS,"PASS, {1: 1, 2: 1, 3: 1, 4: 1, 5: 1, 6: 1, 7: 1, 8: 1, 9: 1, 10: 1, 11: 1}","PASS, {1: 1, 2: 1, 3: 1, 4: 1, 5: 1, 6: 1, 7: 1, 8: 1, 9: 1, 10: 1}","PASS , {1: 1, 2: 1, 3: 1, 4: 1, 5: 1, 6: 1, 7: 1, 8: 1} ","PASS , {1: 1, 2: 1, 3: 1, 4: 1} ",18:23:45_29-07-25
2793,2543,8002,004638,"BV25292312267 , T252211181 ",FF00FFA50010600D1FD0761C0106389901508C85000100C800300001000DDBCD0301839A8245009C0A10,PASS,"PASS, {1: 1, 2: 1, 3: 1, 4: 1, 5: 1, 6: 1, 7: 1, 8: 1, 9: 1, 10: 1, 11: 1}","PASS, {1: 1, 2: 1, 3: 1, 4: 1, 5: 1, 6: 1, 7: 1, 8: 1, 9: 1, 10: 1}","FAIL , {1: 1, 2: 0, 3: 1, 4: 1, 5: 1, 6: 1, 7: 1, 8: 1} ","PASS , {1: 1, 2: 1, 3: 1, 4: 1} ",18:25:00_29-07-25
2794,2544,8002,004638,"BV25292312288 , T253013603 ",FF00FFA50010600D1FD0761C0106389901508C85000100C800300001000DDBCD0301839A8245009C0A10,PASS,"PASS, {1: 1, 2: 1, 3: 1, 4: 1, 5: 1, 6: 1, 7: 1, 8: 1, 9: 1, 10: 1, 11: 1}","PASS, {1: 1, 2: 1, 3: 1, 4: 1, 5: 1, 6: 1, 7: 1, 8: 1, 9: 1, 10: 1}","PASS , {1: 1, 2: 1, 3: 1, 4: 1, 5: 1, 6: 1, 7: 1, 8: 1} ","PASS , {1: 1, 2: 1, 3: 1, 4: 1} ",18:26:25_29-07-25
2795,2545,8002,004638,"BV25292312267 , T252211181 ",FF00FFA50010600D1FD0761C0106389901508C85000100C800300001000DDBCD0301839A8245009C0A10,PASS,"PASS, {1: 1, 2: 1, 3: 1, 4: 1, 5: 1, 6: 1, 7: 1, 8: 1, 9: 1, 10: 1, 11: 1}","PASS, {1: 1, 2: 1, 3: 1, 4: 1, 5: 1, 6: 1, 7: 1, 8: 1, 9: 1, 10: 1}","PASS , {1: 1, 2: 1, 3: 1, 4: 1, 5: 1, 6: 1, 7: 1, 8: 1} ","PASS , {1: 1, 2: 1, 3: 1, 4: 1} ",18:29:35_29-07-25
2796,2546,8002,004638,"BV25292312567 , T253013129 ",FF00FFA50010600D1FD0761C0106389901508C85000100C800300001000DDBCD0301839A8245009C0A10,PASS,"PASS, {1: 1, 2: 1, 3: 1, 4: 1, 5: 1, 6: 1, 7: 1, 8: 1, 9: 1, 10: 1, 11: 1}","PASS, {1: 1, 2: 1, 3: 1, 4: 1, 5: 1, 6: 1, 7: 1, 8: 1, 9: 1, 10: 1}","PASS , {1: 1, 2: 1, 3: 1, 4: 1, 5: 1, 6: 1, 7: 1, 8: 1} ","PASS , {1: 1, 2: 1, 3: 1, 4: 1} ",18:30:47_29-07-25
2797,2546,8002,004638,"BV25292312263 , T252211324 ",FF00FFA50010600D1FD0761C0106389901508C85000100C800300001000DDBCD0301839A8245009C0A10,PASS,"PASS, {1: 1, 2: 1, 3: 1, 4: 1, 5: 1, 6: 1, 7: 1, 8: 1, 9: 1, 10: 1, 11: 1}","FAIL, {1: 1, 2: 1, 3: 0, 4: 1, 5: 1, 6: 0, 7: 1, 8: 1, 9: 1, 10: 1}","PASS , {1: 1, 2: 1, 3: 1, 4: 1, 5: 1, 6: 1, 7: 1, 8: 1} ","PASS , {1: 1, 2: 1, 3: 1, 4: 1} ",18:32:42_29-07-25
2798,2546,8002,004638,"BV25292312479 , T252716312 ",FF00FFA50010600D1FD0761C0106389901508C85000100C800300001000DDBCD0301839A8245009C0A10,PASS,"PASS, {1: 1, 2: 1, 3: 1, 4: 1, 5: 1, 6: 1, 7: 1, 8: 1, 9: 1, 10: 1, 11: 1}","PASS, {1: 1, 2: 1, 3: 1, 4: 1, 5: 1, 6: 1, 7: 1, 8: 1, 9: 1, 10: 1}","PASS , {1: 1, 2: 1, 3: 1, 4: 1, 5: 1, 6: 1, 7: 1, 8: 1} ","FAIL , {1: 1, 2: 1, 3: 1, 4: 0} ",18:34:01_29-07-25
2799,2546,8002,004638,"BV25292312479 , T252716312 ",FF00FFA50010600D1FD0761C0106389901508C85000100C800300001000DDBCD0301839A8245009C0A10,PASS,"PASS, {1: 1, 2: 1, 3: 1, 4: 1, 5: 1, 6: 1, 7: 1, 8: 1, 9: 1, 10: 1, 11: 1}","PASS, {1: 1, 2: 1, 3: 1, 4: 1, 5: 1, 6: 1, 7: 1, 8: 1, 9: 1, 10: 1}","PASS , {1: 1, 2: 1, 3: 1, 4: 1, 5: 1, 6: 1, 7: 1, 8: 1} ","FAIL , {1: 0, 2: 0, 3: 1, 4: 1} ",18:35:25_29-07-25
2800,2547,8002,004638,"BV25292312469 , T252716603 ",FF00FFA50010600D1FD0761C0106389901508C85000100C800300001000DDBCD0301839A8245009C0A10,PASS,"PASS, {1: 1, 2: 1, 3: 1, 4: 1, 5: 1, 6: 1, 7: 1, 8: 1, 9: 1, 10: 1, 11: 1}","PASS, {1: 1, 2: 1, 3: 1, 4: 1, 5: 1, 6: 1, 7: 1, 8: 1, 9: 1, 10: 1}","PASS , {1: 1, 2: 1, 3: 1, 4: 1, 5: 1, 6: 1, 7: 1, 8: 1} ","PASS , {1: 1, 2: 1, 3: 1, 4: 1} ",18:36:37_29-07-25
2801,2548,8002,004638,"BV25292312346 , T253013374 ",FF00FFA50010600D1FD0761C0106389901508C85000100C800300001000DDBCD0301839A8245009C0A10,PASS,"PASS, {1: 1, 2: 1, 3: 1, 4: 1, 5: 1, 6: 1, 7: 1, 8: 1, 9: 1, 10: 1, 11: 1}","PASS, {1: 1, 2: 1, 3: 1, 4: 1, 5: 1, 6: 1, 7: 1, 8: 1, 9: 1, 10: 1}","PASS , {1: 1, 2: 1, 3: 1, 4: 1, 5: 1, 6: 1, 7: 1, 8: 1} ","PASS , {1: 1, 2: 1, 3: 1, 4: 1} ",18:39:39_29-07-25
2802,2549,8002,004638,"BV25292312437 , T253011780 ",FF00FFA50010600D1FD0761C0106389901508C85000100C800300001000DDBCD0301839A8245009C0A10,PASS,"PASS, {1: 1, 2: 1, 3: 1, 4: 1, 5: 1, 6: 1, 7: 1, 8: 1, 9: 1, 10: 1, 11: 1}","PASS, {1: 1, 2: 1, 3: 1, 4: 1, 5: 1, 6: 1, 7: 1, 8: 1, 9: 1, 10: 1}","PASS , {1: 1, 2: 1, 3: 1, 4: 1, 5: 1, 6: 1, 7: 1, 8: 1} ","PASS , {1: 1, 2: 1, 3: 1, 4: 1} ",18:40:51_29-07-25
2803,2549,8002,004638,"BV25292312384 , T252720397 ",FF00FFA50010600D1FD0761C0106389901508C85000100C800300001000DDBCD0301839A8245009C0A10,PASS,"PASS, {1: 1, 2: 1, 3: 1, 4: 1, 5: 1, 6: 1, 7: 1, 8: 1, 9: 1, 10: 1, 11: 1}","FAIL, {1: 0, 2: 1, 3: 1, 4: 1, 5: 1, 6: 1, 7: 1, 8: 1, 9: 1, 10: 1}","PASS , {1: 1, 2: 1, 3: 1, 4: 1, 5: 1, 6: 1, 7: 1, 8: 1} ","PASS , {1: 1, 2: 1, 3: 1, 4: 1} ",18:42:08_29-07-25
2804,2550,8002,004638,"BV25292312394 , T253012573 ",FF00FFA50010600D1FD0761C0106389901508C85000100C800300001000DDBCD0301839A8245009C0A10,PASS,"PASS, {1: 1, 2: 1, 3: 1, 4: 1, 5: 1, 6: 1, 7: 1, 8: 1, 9: 1, 10: 1, 11: 1}","PASS, {1: 1, 2: 1, 3: 1, 4: 1, 5: 1, 6: 1, 7: 1, 8: 1, 9: 1, 10: 1}","PASS , {1: 1, 2: 1, 3: 1, 4: 1, 5: 1, 6: 1, 7: 1, 8: 1} ","PASS , {1: 1, 2: 1, 3: 1, 4: 1} ",18:43:26_29-07-25
2805,2551,8002,004638,"BV25292312379 , T253012425 ",FF00FFA50010600D1FD0761C0106389901508C85000100C800300001000DDBCD0301839A8245009C0A10,PASS,"PASS, {1: 1, 2: 1, 3: 1, 4: 1, 5: 1, 6: 1, 7: 1, 8: 1, 9: 1, 10: 1, 11: 1}","PASS, {1: 1, 2: 1, 3: 1, 4: 1, 5: 1, 6: 1, 7: 1, 8: 1, 9: 1, 10: 1}","PASS , {1: 1, 2: 1, 3: 1, 4: 1, 5: 1, 6: 1, 7: 1, 8: 1} ","PASS , {1: 1, 2: 1, 3: 1, 4: 1} ",18:45:21_29-07-25
2806,2551,8002,004638,"BV25292312370 , T253011594 ",FF00FFA50010600D1FD0761C0106389901508C85000100C800300001000DDBCD0301839A8245009C0A10,PASS,"PASS, {1: 1, 2: 1, 3: 1, 4: 1, 5: 1, 6: 1, 7: 1, 8: 1, 9: 1, 10: 1, 11: 1}","PASS, {1: 1, 2: 1, 3: 1, 4: 1, 5: 1, 6: 1, 7: 1, 8: 1, 9: 1, 10: 1}","PASS , {1: 1, 2: 1, 3: 1, 4: 1, 5: 1, 6: 1, 7: 1, 8: 1} ","FAIL , {1: 0, 2: 1, 3: 1, 4: 1} ",18:46:41_29-07-25
2807,2552,8002,004638,"BV25292312279 , T252210838 ",FF00FFA50010600D1FD0761C0106389901508C85000100C800300001000DDBCD0301839A8245009C0A10,PASS,"PASS, {1: 1, 2: 1, 3: 1, 4: 1, 5: 1, 6: 1, 7: 1, 8: 1, 9: 1, 10: 1, 11: 1}","PASS, {1: 1, 2: 1, 3: 1, 4: 1, 5: 1, 6: 1, 7: 1, 8: 1, 9: 1, 10: 1}","PASS , {1: 1, 2: 1, 3: 1, 4: 1, 5: 1, 6: 1, 7: 1, 8: 1} ","PASS , {1: 1, 2: 1, 3: 1, 4: 1} ",18:48:06_29-07-25
2808,2553,8002,004638,"BV25292312289 , T253013002 ",FF00FFA50010600D1FD0761C0106389901508C85000100C800300001000DDBCD0301839A8245009C0A10,PASS,"PASS, {1: 1, 2: 1, 3: 1, 4: 1, 5: 1, 6: 1, 7: 1, 8: 1, 9: 1, 10: 1, 11: 1}","PASS, {1: 1, 2: 1, 3: 1, 4: 1, 5: 1, 6: 1, 7: 1, 8: 1, 9: 1, 10: 1}","PASS , {1: 1, 2: 1, 3: 1, 4: 1, 5: 1, 6: 1, 7: 1, 8: 1} ","PASS , {1: 1, 2: 1, 3: 1, 4: 1} ",19:12:36_29-07-25
2809,2554,8002,004638,"BV25292312507 , T253013335 ",FF00FFA50010600D1FD0761C0106389901508C85000100C800300001000DDBCD0301839A8245009C0A10,PASS,"PASS, {1: 1, 2: 1, 3: 1, 4: 1, 5: 1, 6: 1, 7: 1, 8: 1, 9: 1, 10: 1, 11: 1}","PASS, {1: 1, 2: 1, 3: 1, 4: 1, 5: 1, 6: 1, 7: 1, 8: 1, 9: 1, 10: 1}","PASS , {1: 1, 2: 1, 3: 1, 4: 1, 5: 1, 6: 1, 7: 1, 8: 1} ","PASS , {1: 1, 2: 1, 3: 1, 4: 1} ",19:14:26_29-07-25
2810,2555,8002,004638,"BV25292312462 , T253011513 ",FF00FFA50010600D1FD0761C0106389901508C85000100C800300001000DDBCD0301839A8245009C0A10,PASS,"PASS, {1: 1, 2: 1, 3: 1, 4: 1, 5: 1, 6: 1, 7: 1, 8: 1, 9: 1, 10: 1, 11: 1}","PASS, {1: 1, 2: 1, 3: 1, 4: 1, 5: 1, 6: 1, 7: 1, 8: 1, 9: 1, 10: 1}","PASS , {1: 1, 2: 1, 3: 1, 4: 1, 5: 1, 6: 1, 7: 1, 8: 1} ","PASS , {1: 1, 2: 1, 3: 1, 4: 1} ",19:49:47_29-07-25
2811,2556,8002,004638,"BV25292312409 , T253013557 ",FF00FFA50010600D1FD0761C0106389901508C85000100C800300001000DDBCD0301839A8245009C0A10,PASS,"PASS, {1: 1, 2: 1, 3: 1, 4: 1, 5: 1, 6: 1, 7: 1, 8: 1, 9: 1, 10: 1, 11: 1}","PASS, {1: 1, 2: 1, 3: 1, 4: 1, 5: 1, 6: 1, 7: 1, 8: 1, 9: 1, 10: 1}","PASS , {1: 1, 2: 1, 3: 1, 4: 1, 5: 1, 6: 1, 7: 1, 8: 1} ","PASS , {1: 1, 2: 1, 3: 1, 4: 1} ",19:53:00_29-07-25
2812,2556,8002,004638,"BV25292312450 , T253013570 ",FF00FFA50010600D1FD0761C0106389901508C85000100C800300001000DDBCD0301839A8245009C0A10,PASS,"PASS, {1: 1, 2: 1, 3: 1, 4: 1, 5: 1, 6: 1, 7: 1, 8: 1, 9: 1, 10: 1, 11: 1}","FAIL, {1: 1, 2: 0, 3: 1, 4: 0, 5: 0, 6: 0, 7: 1, 8: 0, 9: 1, 10: 0}","PASS , {1: 1, 2: 1, 3: 1, 4: 1, 5: 1, 6: 1, 7: 1, 8: 1} ","PASS , {1: 1, 2: 1, 3: 1, 4: 1} ",19:54:32_29-07-25
2813,2557,8002,004638,"BV25292312417 , T253013359 ",FF00FFA50010600D1FD0761C0106389901508C85000100C800300001000DDBCD0301839A8245009C0A10,PASS,"PASS, {1: 1, 2: 1, 3: 1, 4: 1, 5: 1, 6: 1, 7: 1, 8: 1, 9: 1, 10: 1, 11: 1}","PASS, {1: 1, 2: 1, 3: 1, 4: 1, 5: 1, 6: 1, 7: 1, 8: 1, 9: 1, 10: 1}","PASS , {1: 1, 2: 1, 3: 1, 4: 1, 5: 1, 6: 1, 7: 1, 8: 1} ","PASS , {1: 1, 2: 1, 3: 1, 4: 1} ",19:56:58_29-07-25
2814,2557,8002,004638,"BV25292312450 , T253013570 ",FF00FFA50010600D1FD0761C0106389901508C85000100C800300001000DDBCD0301839A8245009C0A10,PASS,"PASS, {1: 1, 2: 1, 3: 1, 4: 1, 5: 1, 6: 1, 7: 1, 8: 1, 9: 1, 10: 1, 11: 1}","FAIL, {1: 1, 2: 0, 3: 1, 4: 0, 5: 0, 6: 0, 7: 1, 8: 1, 9: 1, 10: 0}","PASS , {1: 1, 2: 1, 3: 1, 4: 1, 5: 1, 6: 1, 7: 1, 8: 1} ","PASS , {1: 1, 2: 1, 3: 1, 4: 1} ",19:59:34_29-07-25
