ID_Prueba,ID,Numero Empleado,Numero Orden,"Codigos serial ,QR",Version Firmware,Comunicación232,Prueba LEDS,Prueba LCDS,Prueba pulsacion Botones,Prueba entradas digitales,Hora y Fecha
190,171,8002,004637,"BV25282310194 , T252208975 ",FF00FFA50010600D1FD0761C0106389901508C85000100C800300001000DDBCD0301839A8245009C0A10,PASS,"PASS, {1: 1, 2: 1, 3: 1, 4: 1, 5: 1, 6: 1, 7: 1, 8: 1, 9: 1, 10: 1, 11: 1}","PASS, {1: 1, 2: 1, 3: 1, 4: 1, 5: 1, 6: 1, 7: 1, 8: 1, 9: 1, 10: 1}","PASS , {1: 1, 2: 1, 3: 1, 4: 1, 5: 1, 6: 1, 7: 1, 8: 1} ","PASS , {1: 1, 2: 1, 3: 1, 4: 1} ",08:17:41_14-07-25
191,172,8002,004637,"BV25282310187 , T252211230 ",FF00FFA50010600D1FD0761C0106389901508C85000100C800300001000DDBCD0301839A8245009C0A10,PASS,"PASS, {1: 1, 2: 1, 3: 1, 4: 1, 5: 1, 6: 1, 7: 1, 8: 1, 9: 1, 10: 1, 11: 1}","PASS, {1: 1, 2: 1, 3: 1, 4: 1, 5: 1, 6: 1, 7: 1, 8: 1, 9: 1, 10: 1}","PASS , {1: 1, 2: 1, 3: 1, 4: 1, 5: 1, 6: 1, 7: 1, 8: 1} ","PASS , {1: 1, 2: 1, 3: 1, 4: 1} ",08:19:06_14-07-25
192,173,8002,004637,"BV25282310183 , T252211228 ",FF00FFA50010600D1FD0761C0106389901508C85000100C800300001000DDBCD0301839A8245009C0A10,PASS,"PASS, {1: 1, 2: 1, 3: 1, 4: 1, 5: 1, 6: 1, 7: 1, 8: 1, 9: 1, 10: 1, 11: 1}","PASS, {1: 1, 2: 1, 3: 1, 4: 1, 5: 1, 6: 1, 7: 1, 8: 1, 9: 1, 10: 1}","PASS , {1: 1, 2: 1, 3: 1, 4: 1, 5: 1, 6: 1, 7: 1, 8: 1} ","PASS , {1: 1, 2: 1, 3: 1, 4: 1} ",08:20:35_14-07-25
193,174,8002,004637,"BV25282310186 , T252209781 ",FF00FFA50010600D1FD0761C0106389901508C85000100C800300001000DDBCD0301839A8245009C0A10,PASS,"PASS, {1: 1, 2: 1, 3: 1, 4: 1, 5: 1, 6: 1, 7: 1, 8: 1, 9: 1, 10: 1, 11: 1}","PASS, {1: 1, 2: 1, 3: 1, 4: 1, 5: 1, 6: 1, 7: 1, 8: 1, 9: 1, 10: 1}","PASS , {1: 1, 2: 1, 3: 1, 4: 1, 5: 1, 6: 1, 7: 1, 8: 1} ","PASS , {1: 1, 2: 1, 3: 1, 4: 1} ",08:22:06_14-07-25
194,175,8002,004637,"BV25282310118 , T252208971 ",FF00FFA50010600D1FD0761C0106389901508C85000100C800300001000DDBCD0301839A8245009C0A10,PASS,"PASS, {1: 1, 2: 1, 3: 1, 4: 1, 5: 1, 6: 1, 7: 1, 8: 1, 9: 1, 10: 1, 11: 1}","PASS, {1: 1, 2: 1, 3: 1, 4: 1, 5: 1, 6: 1, 7: 1, 8: 1, 9: 1, 10: 1}","PASS , {1: 1, 2: 1, 3: 1, 4: 1, 5: 1, 6: 1, 7: 1, 8: 1} ","PASS , {1: 1, 2: 1, 3: 1, 4: 1} ",08:24:25_14-07-25
195,176,8002,004637,"BV25282310132 , T252209829 ",FF00FFA50010600D1FD0761C0106389901508C85000100C800300001000DDBCD0301839A8245009C0A10,PASS,"PASS, {1: 1, 2: 1, 3: 1, 4: 1, 5: 1, 6: 1, 7: 1, 8: 1, 9: 1, 10: 1, 11: 1}","PASS, {1: 1, 2: 1, 3: 1, 4: 1, 5: 1, 6: 1, 7: 1, 8: 1, 9: 1, 10: 1}","PASS , {1: 1, 2: 1, 3: 1, 4: 1, 5: 1, 6: 1, 7: 1, 8: 1} ","PASS , {1: 1, 2: 1, 3: 1, 4: 1} ",08:26:02_14-07-25
196,177,8002,004637,"BV25282310195 , T252210609 ",FF00FFA50010600D1FD0761C0106389901508C85000100C800300001000DDBCD0301839A8245009C0A10,PASS,"PASS, {1: 1, 2: 1, 3: 1, 4: 1, 5: 1, 6: 1, 7: 1, 8: 1, 9: 1, 10: 1, 11: 1}","PASS, {1: 1, 2: 1, 3: 1, 4: 1, 5: 1, 6: 1, 7: 1, 8: 1, 9: 1, 10: 1}","PASS , {1: 1, 2: 1, 3: 1, 4: 1, 5: 1, 6: 1, 7: 1, 8: 1} ","PASS , {1: 1, 2: 1, 3: 1, 4: 1} ",08:27:25_14-07-25
197,178,8002,004637,"BV25282310196 , T252211243 ",FF00FFA50010600D1FD0761C0106389901508C85000100C800300001000DDBCD0301839A8245009C0A10,PASS,"PASS, {1: 1, 2: 1, 3: 1, 4: 1, 5: 1, 6: 1, 7: 1, 8: 1, 9: 1, 10: 1, 11: 1}","PASS, {1: 1, 2: 1, 3: 1, 4: 1, 5: 1, 6: 1, 7: 1, 8: 1, 9: 1, 10: 1}","PASS , {1: 1, 2: 1, 3: 1, 4: 1, 5: 1, 6: 1, 7: 1, 8: 1} ","PASS , {1: 1, 2: 1, 3: 1, 4: 1} ",08:28:42_14-07-25
198,179,8002,004637,"BV25282310198 , T252211327 ",FF00FFA50010600D1FD0761C0106389901508C85000100C800300001000DDBCD0301839A8245009C0A10,PASS,"PASS, {1: 1, 2: 1, 3: 1, 4: 1, 5: 1, 6: 1, 7: 1, 8: 1, 9: 1, 10: 1, 11: 1}","PASS, {1: 1, 2: 1, 3: 1, 4: 1, 5: 1, 6: 1, 7: 1, 8: 1, 9: 1, 10: 1}","PASS , {1: 1, 2: 1, 3: 1, 4: 1, 5: 1, 6: 1, 7: 1, 8: 1} ","PASS , {1: 1, 2: 1, 3: 1, 4: 1} ",08:30:20_14-07-25
199,180,8002,004637,"BV25282310199 , T252211409 ",FF00FFA50010600D1FD0761C0106389901508C85000100C800300001000DDBCD0301839A8245009C0A10,PASS,"PASS, {1: 1, 2: 1, 3: 1, 4: 1, 5: 1, 6: 1, 7: 1, 8: 1, 9: 1, 10: 1, 11: 1}","PASS, {1: 1, 2: 1, 3: 1, 4: 1, 5: 1, 6: 1, 7: 1, 8: 1, 9: 1, 10: 1}","PASS , {1: 1, 2: 1, 3: 1, 4: 1, 5: 1, 6: 1, 7: 1, 8: 1} ","PASS , {1: 1, 2: 1, 3: 1, 4: 1} ",08:31:45_14-07-25
200,181,8002,004637,"BV25282310197 , T252209757 ",FF00FFA50010600D1FD0761C0106389901508C85000100C800300001000DDBCD0301839A8245009C0A10,PASS,"PASS, {1: 1, 2: 1, 3: 1, 4: 1, 5: 1, 6: 1, 7: 1, 8: 1, 9: 1, 10: 1, 11: 1}","PASS, {1: 1, 2: 1, 3: 1, 4: 1, 5: 1, 6: 1, 7: 1, 8: 1, 9: 1, 10: 1}","PASS , {1: 1, 2: 1, 3: 1, 4: 1, 5: 1, 6: 1, 7: 1, 8: 1} ","PASS , {1: 1, 2: 1, 3: 1, 4: 1} ",08:33:14_14-07-25
201,182,8002,004637,"BV25282310220 , T252210194 ",FF00FFA50010600D1FD0761C0106389901508C85000100C800300001000DDBCD0301839A8245009C0A10,PASS,"PASS, {1: 1, 2: 1, 3: 1, 4: 1, 5: 1, 6: 1, 7: 1, 8: 1, 9: 1, 10: 1, 11: 1}","PASS, {1: 1, 2: 1, 3: 1, 4: 1, 5: 1, 6: 1, 7: 1, 8: 1, 9: 1, 10: 1}","PASS , {1: 1, 2: 1, 3: 1, 4: 1, 5: 1, 6: 1, 7: 1, 8: 1} ","PASS , {1: 1, 2: 1, 3: 1, 4: 1} ",08:34:53_14-07-25
202,183,8002,004637,"BV25282310224 , T252211229 ",FF00FFA50010600D1FD0761C0106389901508C85000100C800300001000DDBCD0301839A8245009C0A10,PASS,"PASS, {1: 1, 2: 1, 3: 1, 4: 1, 5: 1, 6: 1, 7: 1, 8: 1, 9: 1, 10: 1, 11: 1}","PASS, {1: 1, 2: 1, 3: 1, 4: 1, 5: 1, 6: 1, 7: 1, 8: 1, 9: 1, 10: 1}","PASS , {1: 1, 2: 1, 3: 1, 4: 1, 5: 1, 6: 1, 7: 1, 8: 1} ","PASS , {1: 1, 2: 1, 3: 1, 4: 1} ",08:37:04_14-07-25
203,184,8002,004637,"BV25282310221 , T252209753 ",FF00FFA50010600D1FD0761C0106389901508C85000100C800300001000DDBCD0301839A8245009C0A10,PASS,"PASS, {1: 1, 2: 1, 3: 1, 4: 1, 5: 1, 6: 1, 7: 1, 8: 1, 9: 1, 10: 1, 11: 1}","PASS, {1: 1, 2: 1, 3: 1, 4: 1, 5: 1, 6: 1, 7: 1, 8: 1, 9: 1, 10: 1}","PASS , {1: 1, 2: 1, 3: 1, 4: 1, 5: 1, 6: 1, 7: 1, 8: 1} ","PASS , {1: 1, 2: 1, 3: 1, 4: 1} ",08:38:31_14-07-25
204,185,8002,004637,"BV25282310222 , T252211503 ",FF00FFA50010600D1FD0761C0106389901508C85000100C800300001000DDBCD0301839A8245009C0A10,PASS,"PASS, {1: 1, 2: 1, 3: 1, 4: 1, 5: 1, 6: 1, 7: 1, 8: 1, 9: 1, 10: 1, 11: 1}","PASS, {1: 1, 2: 1, 3: 1, 4: 1, 5: 1, 6: 1, 7: 1, 8: 1, 9: 1, 10: 1}","PASS , {1: 1, 2: 1, 3: 1, 4: 1, 5: 1, 6: 1, 7: 1, 8: 1} ","PASS , {1: 1, 2: 1, 3: 1, 4: 1} ",08:40:06_14-07-25
205,186,8002,004637,"BV25282310223 , T252210608 ",FF00FFA50010600D1FD0761C0106389901508C85000100C800300001000DDBCD0301839A8245009C0A10,PASS,"PASS, {1: 1, 2: 1, 3: 1, 4: 1, 5: 1, 6: 1, 7: 1, 8: 1, 9: 1, 10: 1, 11: 1}","PASS, {1: 1, 2: 1, 3: 1, 4: 1, 5: 1, 6: 1, 7: 1, 8: 1, 9: 1, 10: 1}","PASS , {1: 1, 2: 1, 3: 1, 4: 1, 5: 1, 6: 1, 7: 1, 8: 1} ","PASS , {1: 1, 2: 1, 3: 1, 4: 1} ",08:41:18_14-07-25
206,187,8002,004637,"BV25282310152 , T252210612 ",FF00FFA50010600D1FD0761C0106389901508C85000100C800300001000DDBCD0301839A8245009C0A10,PASS,"PASS, {1: 1, 2: 1, 3: 1, 4: 1, 5: 1, 6: 1, 7: 1, 8: 1, 9: 1, 10: 1, 11: 1}","PASS, {1: 1, 2: 1, 3: 1, 4: 1, 5: 1, 6: 1, 7: 1, 8: 1, 9: 1, 10: 1}","PASS , {1: 1, 2: 1, 3: 1, 4: 1, 5: 1, 6: 1, 7: 1, 8: 1} ","PASS , {1: 1, 2: 1, 3: 1, 4: 1} ",08:43:19_14-07-25
207,188,8002,004637,"BV25282310155 , T252209802 ",FF00FFA50010600D1FD0761C0106389901508C85000100C800300001000DDBCD0301839A8245009C0A10,PASS,"PASS, {1: 1, 2: 1, 3: 1, 4: 1, 5: 1, 6: 1, 7: 1, 8: 1, 9: 1, 10: 1, 11: 1}","PASS, {1: 1, 2: 1, 3: 1, 4: 1, 5: 1, 6: 1, 7: 1, 8: 1, 9: 1, 10: 1}","PASS , {1: 1, 2: 1, 3: 1, 4: 1, 5: 1, 6: 1, 7: 1, 8: 1} ","PASS , {1: 1, 2: 1, 3: 1, 4: 1} ",08:44:31_14-07-25
208,189,8002,004637,"BV25282310162 , T252210277 ",FF00FFA50010600D1FD0761C0106389901508C85000100C800300001000DDBCD0301839A8245009C0A10,PASS,"PASS, {1: 1, 2: 1, 3: 1, 4: 1, 5: 1, 6: 1, 7: 1, 8: 1, 9: 1, 10: 1, 11: 1}","PASS, {1: 1, 2: 1, 3: 1, 4: 1, 5: 1, 6: 1, 7: 1, 8: 1, 9: 1, 10: 1}","PASS , {1: 1, 2: 1, 3: 1, 4: 1, 5: 1, 6: 1, 7: 1, 8: 1} ","PASS , {1: 1, 2: 1, 3: 1, 4: 1} ",08:45:47_14-07-25
209,190,8002,004637,"BV25282310171 , T252209948 ",FF00FFA50010600D1FD0761C0106389901508C85000100C800300001000DDBCD0301839A8245009C0A10,PASS,"PASS, {1: 1, 2: 1, 3: 1, 4: 1, 5: 1, 6: 1, 7: 1, 8: 1, 9: 1, 10: 1, 11: 1}","PASS, {1: 1, 2: 1, 3: 1, 4: 1, 5: 1, 6: 1, 7: 1, 8: 1, 9: 1, 10: 1}","PASS , {1: 1, 2: 1, 3: 1, 4: 1, 5: 1, 6: 1, 7: 1, 8: 1} ","PASS , {1: 1, 2: 1, 3: 1, 4: 1} ",08:47:23_14-07-25
210,191,8002,004637,"BV25282310225 , T252210196 ",FF00FFA50010600D1FD0761C0106389901508C85000100C800300001000DDBCD0301839A8245009C0A10,PASS,"PASS, {1: 1, 2: 1, 3: 1, 4: 1, 5: 1, 6: 1, 7: 1, 8: 1, 9: 1, 10: 1, 11: 1}","PASS, {1: 1, 2: 1, 3: 1, 4: 1, 5: 1, 6: 1, 7: 1, 8: 1, 9: 1, 10: 1}","PASS , {1: 1, 2: 1, 3: 1, 4: 1, 5: 1, 6: 1, 7: 1, 8: 1} ","PASS , {1: 1, 2: 1, 3: 1, 4: 1} ",08:50:11_14-07-25
211,192,8002,004637,"BV25282310177 , T252208984 ",FF00FFA50010600D1FD0761C0106389901508C85000100C800300001000DDBCD0301839A8245009C0A10,PASS,"PASS, {1: 1, 2: 1, 3: 1, 4: 1, 5: 1, 6: 1, 7: 1, 8: 1, 9: 1, 10: 1, 11: 1}","PASS, {1: 1, 2: 1, 3: 1, 4: 1, 5: 1, 6: 1, 7: 1, 8: 1, 9: 1, 10: 1}","PASS , {1: 1, 2: 1, 3: 1, 4: 1, 5: 1, 6: 1, 7: 1, 8: 1} ","PASS , {1: 1, 2: 1, 3: 1, 4: 1} ",08:51:47_14-07-25
212,193,8002,004637,"BV25282310181 , T252209740 ",FF00FFA50010600D1FD0761C0106389901508C85000100C800300001000DDBCD0301839A8245009C0A10,PASS,"PASS, {1: 1, 2: 1, 3: 1, 4: 1, 5: 1, 6: 1, 7: 1, 8: 1, 9: 1, 10: 1, 11: 1}","PASS, {1: 1, 2: 1, 3: 1, 4: 1, 5: 1, 6: 1, 7: 1, 8: 1, 9: 1, 10: 1}","PASS , {1: 1, 2: 1, 3: 1, 4: 1, 5: 1, 6: 1, 7: 1, 8: 1} ","PASS , {1: 1, 2: 1, 3: 1, 4: 1} ",08:52:59_14-07-25
213,194,8002,004637,"BV25282310178 , T252210405 ",FF00FFA50010600D1FD0761C0106389901508C85000100C800300001000DDBCD0301839A8245009C0A10,PASS,"PASS, {1: 1, 2: 1, 3: 1, 4: 1, 5: 1, 6: 1, 7: 1, 8: 1, 9: 1, 10: 1, 11: 1}","PASS, {1: 1, 2: 1, 3: 1, 4: 1, 5: 1, 6: 1, 7: 1, 8: 1, 9: 1, 10: 1}","PASS , {1: 1, 2: 1, 3: 1, 4: 1, 5: 1, 6: 1, 7: 1, 8: 1} ","PASS , {1: 1, 2: 1, 3: 1, 4: 1} ",08:54:13_14-07-25
214,195,8002,004637,"BV25282310241 , T252211411 ",FF00FFA50010600D1FD0761C0106389901508C85000100C800300001000DDBCD0301839A8245009C0A10,PASS,"PASS, {1: 1, 2: 1, 3: 1, 4: 1, 5: 1, 6: 1, 7: 1, 8: 1, 9: 1, 10: 1, 11: 1}","PASS, {1: 1, 2: 1, 3: 1, 4: 1, 5: 1, 6: 1, 7: 1, 8: 1, 9: 1, 10: 1}","PASS , {1: 1, 2: 1, 3: 1, 4: 1, 5: 1, 6: 1, 7: 1, 8: 1} ","PASS , {1: 1, 2: 1, 3: 1, 4: 1} ",08:55:24_14-07-25
215,196,8002,004637,"BV25282310239 , T252211246 ",FF00FFA50010600D1FD0761C0106389901508C85000100C800300001000DDBCD0301839A8245009C0A10,PASS,"PASS, {1: 1, 2: 1, 3: 1, 4: 1, 5: 1, 6: 1, 7: 1, 8: 1, 9: 1, 10: 1, 11: 1}","PASS, {1: 1, 2: 1, 3: 1, 4: 1, 5: 1, 6: 1, 7: 1, 8: 1, 9: 1, 10: 1}","PASS , {1: 1, 2: 1, 3: 1, 4: 1, 5: 1, 6: 1, 7: 1, 8: 1} ","PASS , {1: 1, 2: 1, 3: 1, 4: 1} ",08:56:47_14-07-25
216,197,8002,004637,"BV25282310235 , T252210271 ",FF00FFA50010600D1FD0761C0106389901508C85000100C800300001000DDBCD0301839A8245009C0A10,PASS,"PASS, {1: 1, 2: 1, 3: 1, 4: 1, 5: 1, 6: 1, 7: 1, 8: 1, 9: 1, 10: 1, 11: 1}","PASS, {1: 1, 2: 1, 3: 1, 4: 1, 5: 1, 6: 1, 7: 1, 8: 1, 9: 1, 10: 1}","PASS , {1: 1, 2: 1, 3: 1, 4: 1, 5: 1, 6: 1, 7: 1, 8: 1} ","PASS , {1: 1, 2: 1, 3: 1, 4: 1} ",08:57:58_14-07-25
217,197,8002,004637,"BV25282310244 , T252209810 ",FF00FFA50010600D1FD0761C0106389901508C85000100C800300001000DDBCD0301839A8245009C0A10,PASS,"PASS, {1: 1, 2: 1, 3: 1, 4: 1, 5: 1, 6: 1, 7: 1, 8: 1, 9: 1, 10: 1, 11: 1}","PASS, {1: 1, 2: 1, 3: 1, 4: 1, 5: 1, 6: 1, 7: 1, 8: 1, 9: 1, 10: 1}","FAIL , {1: 1, 2: 1, 3: 1, 4: 1, 5: 1, 6: 1, 7: 1, 8: 0} ","PASS , {1: 1, 2: 1, 3: 1, 4: 1} ",08:59:15_14-07-25
218,198,8002,004637,"BV25282310244 , T252209810 ",FF00FFA50010600D1FD0761C0106389901508C85000100C800300001000DDBCD0301839A8245009C0A10,PASS,"PASS, {1: 1, 2: 1, 3: 1, 4: 1, 5: 1, 6: 1, 7: 1, 8: 1, 9: 1, 10: 1, 11: 1}","PASS, {1: 1, 2: 1, 3: 1, 4: 1, 5: 1, 6: 1, 7: 1, 8: 1, 9: 1, 10: 1}","PASS , {1: 1, 2: 1, 3: 1, 4: 1, 5: 1, 6: 1, 7: 1, 8: 1} ","PASS , {1: 1, 2: 1, 3: 1, 4: 1} ",09:01:33_14-07-25
219,199,8002,004637,"BV25282310233 , T252209281 ",FF00FFA50010600D1FD0761C0106389901508C85000100C800300001000DDBCD0301839A8245009C0A10,PASS,"PASS, {1: 1, 2: 1, 3: 1, 4: 1, 5: 1, 6: 1, 7: 1, 8: 1, 9: 1, 10: 1, 11: 1}","PASS, {1: 1, 2: 1, 3: 1, 4: 1, 5: 1, 6: 1, 7: 1, 8: 1, 9: 1, 10: 1}","PASS , {1: 1, 2: 1, 3: 1, 4: 1, 5: 1, 6: 1, 7: 1, 8: 1} ","PASS , {1: 1, 2: 1, 3: 1, 4: 1} ",09:02:42_14-07-25
220,200,8002,004637,"BV25282310231 , T252211225 ",FF00FFA50010600D1FD0761C0106389901508C85000100C800300001000DDBCD0301839A8245009C0A10,PASS,"PASS, {1: 1, 2: 1, 3: 1, 4: 1, 5: 1, 6: 1, 7: 1, 8: 1, 9: 1, 10: 1, 11: 1}","PASS, {1: 1, 2: 1, 3: 1, 4: 1, 5: 1, 6: 1, 7: 1, 8: 1, 9: 1, 10: 1}","PASS , {1: 1, 2: 1, 3: 1, 4: 1, 5: 1, 6: 1, 7: 1, 8: 1} ","PASS , {1: 1, 2: 1, 3: 1, 4: 1} ",09:03:59_14-07-25
221,201,8002,004637,"BV25282310202 , T252210613 ",FF00FFA50010600D1FD0761C0106389901508C85000100C800300001000DDBCD0301839A8245009C0A10,PASS,"PASS, {1: 1, 2: 1, 3: 1, 4: 1, 5: 1, 6: 1, 7: 1, 8: 1, 9: 1, 10: 1, 11: 1}","PASS, {1: 1, 2: 1, 3: 1, 4: 1, 5: 1, 6: 1, 7: 1, 8: 1, 9: 1, 10: 1}","PASS , {1: 1, 2: 1, 3: 1, 4: 1, 5: 1, 6: 1, 7: 1, 8: 1} ","PASS , {1: 1, 2: 1, 3: 1, 4: 1} ",09:05:08_14-07-25
222,202,8002,004637,"BV25282310204 , T252211333 ",FF00FFA50010600D1FD0761C0106389901508C85000100C800300001000DDBCD0301839A8245009C0A10,PASS,"PASS, {1: 1, 2: 1, 3: 1, 4: 1, 5: 1, 6: 1, 7: 1, 8: 1, 9: 1, 10: 1, 11: 1}","PASS, {1: 1, 2: 1, 3: 1, 4: 1, 5: 1, 6: 1, 7: 1, 8: 1, 9: 1, 10: 1}","PASS , {1: 1, 2: 1, 3: 1, 4: 1, 5: 1, 6: 1, 7: 1, 8: 1} ","PASS , {1: 1, 2: 1, 3: 1, 4: 1} ",09:06:27_14-07-25
223,203,8002,004637,"BV25282310209 , T252210999 ",FF00FFA50010600D1FD0761C0106389901508C85000100C800300001000DDBCD0301839A8245009C0A10,PASS,"PASS, {1: 1, 2: 1, 3: 1, 4: 1, 5: 1, 6: 1, 7: 1, 8: 1, 9: 1, 10: 1, 11: 1}","PASS, {1: 1, 2: 1, 3: 1, 4: 1, 5: 1, 6: 1, 7: 1, 8: 1, 9: 1, 10: 1}","PASS , {1: 1, 2: 1, 3: 1, 4: 1, 5: 1, 6: 1, 7: 1, 8: 1} ","PASS , {1: 1, 2: 1, 3: 1, 4: 1} ",09:09:46_14-07-25
224,204,8002,004637,"BV25282310246 , T252209516 ",FF00FFA50010600D1FD0761C0106389901508C85000100C800300001000DDBCD0301839A8245009C0A10,PASS,"PASS, {1: 1, 2: 1, 3: 1, 4: 1, 5: 1, 6: 1, 7: 1, 8: 1, 9: 1, 10: 1, 11: 1}","PASS, {1: 1, 2: 1, 3: 1, 4: 1, 5: 1, 6: 1, 7: 1, 8: 1, 9: 1, 10: 1}","PASS , {1: 1, 2: 1, 3: 1, 4: 1, 5: 1, 6: 1, 7: 1, 8: 1} ","PASS , {1: 1, 2: 1, 3: 1, 4: 1} ",09:11:36_14-07-25
225,205,8002,004637,"BV25282310249 , T252209596 ",FF00FFA50010600D1FD0761C0106389901508C85000100C800300001000DDBCD0301839A8245009C0A10,PASS,"PASS, {1: 1, 2: 1, 3: 1, 4: 1, 5: 1, 6: 1, 7: 1, 8: 1, 9: 1, 10: 1, 11: 1}","PASS, {1: 1, 2: 1, 3: 1, 4: 1, 5: 1, 6: 1, 7: 1, 8: 1, 9: 1, 10: 1}","PASS , {1: 1, 2: 1, 3: 1, 4: 1, 5: 1, 6: 1, 7: 1, 8: 1} ","PASS , {1: 1, 2: 1, 3: 1, 4: 1} ",09:12:47_14-07-25
226,206,8002,004637,"BV25282310250 , T252209317 ",FF00FFA50010600D1FD0761C0106389901508C85000100C800300001000DDBCD0301839A8245009C0A10,PASS,"PASS, {1: 1, 2: 1, 3: 1, 4: 1, 5: 1, 6: 1, 7: 1, 8: 1, 9: 1, 10: 1, 11: 1}","PASS, {1: 1, 2: 1, 3: 1, 4: 1, 5: 1, 6: 1, 7: 1, 8: 1, 9: 1, 10: 1}","PASS , {1: 1, 2: 1, 3: 1, 4: 1, 5: 1, 6: 1, 7: 1, 8: 1} ","PASS , {1: 1, 2: 1, 3: 1, 4: 1} ",09:14:40_14-07-25
227,207,8002,004637,"BV25282310214 , T252210961 ",FF00FFA50010600D1FD0761C0106389901508C85000100C800300001000DDBCD0301839A8245009C0A10,PASS,"PASS, {1: 1, 2: 1, 3: 1, 4: 1, 5: 1, 6: 1, 7: 1, 8: 1, 9: 1, 10: 1, 11: 1}","PASS, {1: 1, 2: 1, 3: 1, 4: 1, 5: 1, 6: 1, 7: 1, 8: 1, 9: 1, 10: 1}","PASS , {1: 1, 2: 1, 3: 1, 4: 1, 5: 1, 6: 1, 7: 1, 8: 1} ","PASS , {1: 1, 2: 1, 3: 1, 4: 1} ",09:15:57_14-07-25
228,208,8002,004637,"BV25282310219 , T252209758 ",FF00FFA50010600D1FD0761C0106389901508C85000100C800300001000DDBCD0301839A8245009C0A10,PASS,"PASS, {1: 1, 2: 1, 3: 1, 4: 1, 5: 1, 6: 1, 7: 1, 8: 1, 9: 1, 10: 1, 11: 1}","PASS, {1: 1, 2: 1, 3: 1, 4: 1, 5: 1, 6: 1, 7: 1, 8: 1, 9: 1, 10: 1}","PASS , {1: 1, 2: 1, 3: 1, 4: 1, 5: 1, 6: 1, 7: 1, 8: 1} ","PASS , {1: 1, 2: 1, 3: 1, 4: 1} ",09:17:07_14-07-25
229,209,8002,004637,"BV25282310242 , T252210401 ",FF00FFA50010600D1FD0761C0106389901508C85000100C800300001000DDBCD0301839A8245009C0A10,PASS,"PASS, {1: 1, 2: 1, 3: 1, 4: 1, 5: 1, 6: 1, 7: 1, 8: 1, 9: 1, 10: 1, 11: 1}","PASS, {1: 1, 2: 1, 3: 1, 4: 1, 5: 1, 6: 1, 7: 1, 8: 1, 9: 1, 10: 1}","PASS , {1: 1, 2: 1, 3: 1, 4: 1, 5: 1, 6: 1, 7: 1, 8: 1} ","PASS , {1: 1, 2: 1, 3: 1, 4: 1} ",09:18:22_14-07-25
230,210,8002,004637,"BV25282310240 , T252211247 ",FF00FFA50010600D1FD0761C0106389901508C85000100C800300001000DDBCD0301839A8245009C0A10,PASS,"PASS, {1: 1, 2: 1, 3: 1, 4: 1, 5: 1, 6: 1, 7: 1, 8: 1, 9: 1, 10: 1, 11: 1}","PASS, {1: 1, 2: 1, 3: 1, 4: 1, 5: 1, 6: 1, 7: 1, 8: 1, 9: 1, 10: 1}","PASS , {1: 1, 2: 1, 3: 1, 4: 1, 5: 1, 6: 1, 7: 1, 8: 1} ","PASS , {1: 1, 2: 1, 3: 1, 4: 1} ",09:19:47_14-07-25
231,210,8002,004637,"BV25282310238 , T252209778 ",FF00FFA50010600D1FD0761C0106389901508C85000100C800300001000DDBCD0301839A8245009C0A10,PASS,"PASS, {1: 1, 2: 1, 3: 1, 4: 1, 5: 1, 6: 1, 7: 1, 8: 1, 9: 1, 10: 1, 11: 1}","FAIL, {1: 0, 2: 0, 3: 0, 4: 0, 5: 0, 6: 0, 7: 1, 8: 0, 9: 1, 10: 0}","PASS , {1: 1, 2: 1, 3: 1, 4: 1, 5: 1, 6: 1, 7: 1, 8: 1} ","PASS , {1: 1, 2: 1, 3: 1, 4: 1} ",09:21:00_14-07-25
232,211,8002,004637,"BV25282310237 , T252210837 ",FF00FFA50010600D1FD0761C0106389901508C85000100C800300001000DDBCD0301839A8245009C0A10,PASS,"PASS, {1: 1, 2: 1, 3: 1, 4: 1, 5: 1, 6: 1, 7: 1, 8: 1, 9: 1, 10: 1, 11: 1}","PASS, {1: 1, 2: 1, 3: 1, 4: 1, 5: 1, 6: 1, 7: 1, 8: 1, 9: 1, 10: 1}","PASS , {1: 1, 2: 1, 3: 1, 4: 1, 5: 1, 6: 1, 7: 1, 8: 1} ","PASS , {1: 1, 2: 1, 3: 1, 4: 1} ",09:22:22_14-07-25
233,212,8002,004637,"BV25282310288 , T252716592 ",FF00FFA50010600D1FD0761C0106389901508C85000100C800300001000DDBCD0301839A8245009C0A10,PASS,"PASS, {1: 1, 2: 1, 3: 1, 4: 1, 5: 1, 6: 1, 7: 1, 8: 1, 9: 1, 10: 1, 11: 1}","PASS, {1: 1, 2: 1, 3: 1, 4: 1, 5: 1, 6: 1, 7: 1, 8: 1, 9: 1, 10: 1}","PASS , {1: 1, 2: 1, 3: 1, 4: 1, 5: 1, 6: 1, 7: 1, 8: 1} ","PASS , {1: 1, 2: 1, 3: 1, 4: 1} ",09:23:37_14-07-25
234,213,8002,004637,"BV25282310289 , T252716589 ",FF00FFA50010600D1FD0761C0106389901508C85000100C800300001000DDBCD0301839A8245009C0A10,PASS,"PASS, {1: 1, 2: 1, 3: 1, 4: 1, 5: 1, 6: 1, 7: 1, 8: 1, 9: 1, 10: 1, 11: 1}","PASS, {1: 1, 2: 1, 3: 1, 4: 1, 5: 1, 6: 1, 7: 1, 8: 1, 9: 1, 10: 1}","PASS , {1: 1, 2: 1, 3: 1, 4: 1, 5: 1, 6: 1, 7: 1, 8: 1} ","PASS , {1: 1, 2: 1, 3: 1, 4: 1} ",09:25:57_14-07-25
235,214,8002,004637,"BV25282310290 , T252716584 ",FF00FFA50010600D1FD0761C0106389901508C85000100C800300001000DDBCD0301839A8245009C0A10,PASS,"PASS, {1: 1, 2: 1, 3: 1, 4: 1, 5: 1, 6: 1, 7: 1, 8: 1, 9: 1, 10: 1, 11: 1}","PASS, {1: 1, 2: 1, 3: 1, 4: 1, 5: 1, 6: 1, 7: 1, 8: 1, 9: 1, 10: 1}","PASS , {1: 1, 2: 1, 3: 1, 4: 1, 5: 1, 6: 1, 7: 1, 8: 1} ","PASS , {1: 1, 2: 1, 3: 1, 4: 1} ",09:27:07_14-07-25
236,215,8002,004637,"BV25282310286 , T252802071 ",FF00FFA50010600D1FD0761C0106389901508C85000100C800300001000DDBCD0301839A8245009C0A10,PASS,"PASS, {1: 1, 2: 1, 3: 1, 4: 1, 5: 1, 6: 1, 7: 1, 8: 1, 9: 1, 10: 1, 11: 1}","PASS, {1: 1, 2: 1, 3: 1, 4: 1, 5: 1, 6: 1, 7: 1, 8: 1, 9: 1, 10: 1}","PASS , {1: 1, 2: 1, 3: 1, 4: 1, 5: 1, 6: 1, 7: 1, 8: 1} ","PASS , {1: 1, 2: 1, 3: 1, 4: 1} ",09:28:16_14-07-25
237,216,8002,004637,"BV25282310267 , T252802075 ",FF00FFA50010600D1FD0761C0106389901508C85000100C800300001000DDBCD0301839A8245009C0A10,PASS,"PASS, {1: 1, 2: 1, 3: 1, 4: 1, 5: 1, 6: 1, 7: 1, 8: 1, 9: 1, 10: 1, 11: 1}","PASS, {1: 1, 2: 1, 3: 1, 4: 1, 5: 1, 6: 1, 7: 1, 8: 1, 9: 1, 10: 1}","PASS , {1: 1, 2: 1, 3: 1, 4: 1, 5: 1, 6: 1, 7: 1, 8: 1} ","PASS , {1: 1, 2: 1, 3: 1, 4: 1} ",09:45:28_14-07-25
238,217,8002,004637,"BV25282310265 , T252210199 ",FF00FFA50010600D1FD0761C0106389901508C85000100C800300001000DDBCD0301839A8245009C0A10,PASS,"PASS, {1: 1, 2: 1, 3: 1, 4: 1, 5: 1, 6: 1, 7: 1, 8: 1, 9: 1, 10: 1, 11: 1}","PASS, {1: 1, 2: 1, 3: 1, 4: 1, 5: 1, 6: 1, 7: 1, 8: 1, 9: 1, 10: 1}","PASS , {1: 1, 2: 1, 3: 1, 4: 1, 5: 1, 6: 1, 7: 1, 8: 1} ","PASS , {1: 1, 2: 1, 3: 1, 4: 1} ",09:46:39_14-07-25
239,218,8002,004637,"BV25282310264 , T252210197 ",FF00FFA50010600D1FD0761C0106389901508C85000100C800300001000DDBCD0301839A8245009C0A10,PASS,"PASS, {1: 1, 2: 1, 3: 1, 4: 1, 5: 1, 6: 1, 7: 1, 8: 1, 9: 1, 10: 1, 11: 1}","PASS, {1: 1, 2: 1, 3: 1, 4: 1, 5: 1, 6: 1, 7: 1, 8: 1, 9: 1, 10: 1}","PASS , {1: 1, 2: 1, 3: 1, 4: 1, 5: 1, 6: 1, 7: 1, 8: 1} ","PASS , {1: 1, 2: 1, 3: 1, 4: 1} ",09:48:08_14-07-25
240,219,8002,004637,"BV25282310217 , T252210181 ",FF00FFA50010600D1FD0761C0106389901508C85000100C800300001000DDBCD0301839A8245009C0A10,PASS,"PASS, {1: 1, 2: 1, 3: 1, 4: 1, 5: 1, 6: 1, 7: 1, 8: 1, 9: 1, 10: 1, 11: 1}","PASS, {1: 1, 2: 1, 3: 1, 4: 1, 5: 1, 6: 1, 7: 1, 8: 1, 9: 1, 10: 1}","PASS , {1: 1, 2: 1, 3: 1, 4: 1, 5: 1, 6: 1, 7: 1, 8: 1} ","PASS , {1: 1, 2: 1, 3: 1, 4: 1} ",09:49:34_14-07-25
241,220,8002,004637,"BV25282310216 , T252211217 ",FF00FFA50010600D1FD0761C0106389901508C85000100C800300001000DDBCD0301839A8245009C0A10,PASS,"PASS, {1: 1, 2: 1, 3: 1, 4: 1, 5: 1, 6: 1, 7: 1, 8: 1, 9: 1, 10: 1, 11: 1}","PASS, {1: 1, 2: 1, 3: 1, 4: 1, 5: 1, 6: 1, 7: 1, 8: 1, 9: 1, 10: 1}","PASS , {1: 1, 2: 1, 3: 1, 4: 1, 5: 1, 6: 1, 7: 1, 8: 1} ","PASS , {1: 1, 2: 1, 3: 1, 4: 1} ",09:51:00_14-07-25
242,220,8002,004637,"BV25282310266 , T252716580 ",FF00FFA50010600D1FD0761C0106389901508C85000100C800300001000DDBCD0301839A8245009C0A10,PASS,"PASS, {1: 1, 2: 1, 3: 1, 4: 1, 5: 1, 6: 1, 7: 1, 8: 1, 9: 1, 10: 1, 11: 1}","PASS, {1: 1, 2: 1, 3: 1, 4: 1, 5: 1, 6: 1, 7: 1, 8: 1, 9: 1, 10: 1}","FAIL , {1: 0, 2: 1, 3: 1, 4: 1, 5: 1, 6: 1, 7: 1, 8: 1} ","PASS , {1: 1, 2: 1, 3: 1, 4: 1} ",09:52:25_14-07-25
243,221,8002,004637,"BV25282310293 , T252716575 ",FF00FFA50010600D1FD0761C0106389901508C85000100C800300001000DDBCD0301839A8245009C0A10,PASS,"PASS, {1: 1, 2: 1, 3: 1, 4: 1, 5: 1, 6: 1, 7: 1, 8: 1, 9: 1, 10: 1, 11: 1}","PASS, {1: 1, 2: 1, 3: 1, 4: 1, 5: 1, 6: 1, 7: 1, 8: 1, 9: 1, 10: 1}","PASS , {1: 1, 2: 1, 3: 1, 4: 1, 5: 1, 6: 1, 7: 1, 8: 1} ","PASS , {1: 1, 2: 1, 3: 1, 4: 1} ",09:53:47_14-07-25
244,222,8002,004637,"BV25282310292 , T252716590 ",FF00FFA50010600D1FD0761C0106389901508C85000100C800300001000DDBCD0301839A8245009C0A10,PASS,"PASS, {1: 1, 2: 1, 3: 1, 4: 1, 5: 1, 6: 1, 7: 1, 8: 1, 9: 1, 10: 1, 11: 1}","PASS, {1: 1, 2: 1, 3: 1, 4: 1, 5: 1, 6: 1, 7: 1, 8: 1, 9: 1, 10: 1}","PASS , {1: 1, 2: 1, 3: 1, 4: 1, 5: 1, 6: 1, 7: 1, 8: 1} ","PASS , {1: 1, 2: 1, 3: 1, 4: 1} ",09:54:57_14-07-25
245,223,8002,004637,"BV25282310260 , T252210195 ",FF00FFA50010600D1FD0761C0106389901508C85000100C800300001000DDBCD0301839A8245009C0A10,PASS,"PASS, {1: 1, 2: 1, 3: 1, 4: 1, 5: 1, 6: 1, 7: 1, 8: 1, 9: 1, 10: 1, 11: 1}","PASS, {1: 1, 2: 1, 3: 1, 4: 1, 5: 1, 6: 1, 7: 1, 8: 1, 9: 1, 10: 1}","PASS , {1: 1, 2: 1, 3: 1, 4: 1, 5: 1, 6: 1, 7: 1, 8: 1} ","PASS , {1: 1, 2: 1, 3: 1, 4: 1} ",09:56:06_14-07-25
246,224,8002,004637,"BV25282310259 , T252209761 ",FF00FFA50010600D1FD0761C0106389901508C85000100C800300001000DDBCD0301839A8245009C0A10,PASS,"PASS, {1: 1, 2: 1, 3: 1, 4: 1, 5: 1, 6: 1, 7: 1, 8: 1, 9: 1, 10: 1, 11: 1}","PASS, {1: 1, 2: 1, 3: 1, 4: 1, 5: 1, 6: 1, 7: 1, 8: 1, 9: 1, 10: 1}","PASS , {1: 1, 2: 1, 3: 1, 4: 1, 5: 1, 6: 1, 7: 1, 8: 1} ","PASS , {1: 1, 2: 1, 3: 1, 4: 1} ",09:57:16_14-07-25
247,225,8002,004637,"BV25282310257 , T252209180 ",FF00FFA50010600D1FD0761C0106389901508C85000100C800300001000DDBCD0301839A8245009C0A10,PASS,"PASS, {1: 1, 2: 1, 3: 1, 4: 1, 5: 1, 6: 1, 7: 1, 8: 1, 9: 1, 10: 1, 11: 1}","PASS, {1: 1, 2: 1, 3: 1, 4: 1, 5: 1, 6: 1, 7: 1, 8: 1, 9: 1, 10: 1}","PASS , {1: 1, 2: 1, 3: 1, 4: 1, 5: 1, 6: 1, 7: 1, 8: 1} ","PASS , {1: 1, 2: 1, 3: 1, 4: 1} ",09:58:34_14-07-25
248,226,8002,004637,"BV25282310256 , T252211326 ",FF00FFA50010600D1FD0761C0106389901508C85000100C800300001000DDBCD0301839A8245009C0A10,PASS,"PASS, {1: 1, 2: 1, 3: 1, 4: 1, 5: 1, 6: 1, 7: 1, 8: 1, 9: 1, 10: 1, 11: 1}","PASS, {1: 1, 2: 1, 3: 1, 4: 1, 5: 1, 6: 1, 7: 1, 8: 1, 9: 1, 10: 1}","PASS , {1: 1, 2: 1, 3: 1, 4: 1, 5: 1, 6: 1, 7: 1, 8: 1} ","PASS , {1: 1, 2: 1, 3: 1, 4: 1} ",09:59:45_14-07-25
249,226,8002,004637,"BV25282310258 , T252211245 ",FF00FFA50010600D1FD0761C0106389901508C85000100C800300001000DDBCD0301839A8245009C0A10,PASS,"PASS, {1: 1, 2: 1, 3: 1, 4: 1, 5: 1, 6: 1, 7: 1, 8: 1, 9: 1, 10: 1, 11: 1}","PASS, {1: 1, 2: 1, 3: 1, 4: 1, 5: 1, 6: 1, 7: 1, 8: 1, 9: 1, 10: 1}","FAIL , {1: 1, 2: 1, 3: 1, 4: 1, 5: 1, 6: 1, 7: 0, 8: 1} ","PASS , {1: 1, 2: 1, 3: 1, 4: 1} ",10:01:00_14-07-25
250,227,8002,004637,"BV25282310261 , T252209777 ",FF00FFA50010600D1FD0761C0106389901508C85000100C800300001000DDBCD0301839A8245009C0A10,PASS,"PASS, {1: 1, 2: 1, 3: 1, 4: 1, 5: 1, 6: 1, 7: 1, 8: 1, 9: 1, 10: 1, 11: 1}","PASS, {1: 1, 2: 1, 3: 1, 4: 1, 5: 1, 6: 1, 7: 1, 8: 1, 9: 1, 10: 1}","PASS , {1: 1, 2: 1, 3: 1, 4: 1, 5: 1, 6: 1, 7: 1, 8: 1} ","PASS , {1: 1, 2: 1, 3: 1, 4: 1} ",10:02:17_14-07-25
251,228,8002,004637,"BV25282310254 , T252211224 ",FF00FFA50010600D1FD0761C0106389901508C85000100C800300001000DDBCD0301839A8245009C0A10,PASS,"PASS, {1: 1, 2: 1, 3: 1, 4: 1, 5: 1, 6: 1, 7: 1, 8: 1, 9: 1, 10: 1, 11: 1}","PASS, {1: 1, 2: 1, 3: 1, 4: 1, 5: 1, 6: 1, 7: 1, 8: 1, 9: 1, 10: 1}","PASS , {1: 1, 2: 1, 3: 1, 4: 1, 5: 1, 6: 1, 7: 1, 8: 1} ","PASS , {1: 1, 2: 1, 3: 1, 4: 1} ",10:03:28_14-07-25
252,229,8002,004637,"BV25282310253 , T252209328 ",FF00FFA50010600D1FD0761C0106389901508C85000100C800300001000DDBCD0301839A8245009C0A10,PASS,"PASS, {1: 1, 2: 1, 3: 1, 4: 1, 5: 1, 6: 1, 7: 1, 8: 1, 9: 1, 10: 1, 11: 1}","PASS, {1: 1, 2: 1, 3: 1, 4: 1, 5: 1, 6: 1, 7: 1, 8: 1, 9: 1, 10: 1}","PASS , {1: 1, 2: 1, 3: 1, 4: 1, 5: 1, 6: 1, 7: 1, 8: 1} ","PASS , {1: 1, 2: 1, 3: 1, 4: 1} ",10:04:40_14-07-25
253,229,8002,004637,"BV25282310313 , T252716162 ",FF00FFA50010600D1FD0761C0106389901508C85000100C800300001000DDBCD0301839A8245009C0A10,PASS,"PASS, {1: 1, 2: 1, 3: 1, 4: 1, 5: 1, 6: 1, 7: 1, 8: 1, 9: 1, 10: 1, 11: 1}","FAIL, {1: 0, 2: 1, 3: 1, 4: 1, 5: 1, 6: 1, 7: 1, 8: 1, 9: 1, 10: 1}","PASS , {1: 1, 2: 1, 3: 1, 4: 1, 5: 1, 6: 1, 7: 1, 8: 1} ","PASS , {1: 1, 2: 1, 3: 1, 4: 1} ",10:05:51_14-07-25
254,230,8002,004637,"BV25282310313 , T252716162 ",FF00FFA50010600D1FD0761C0106389901508C85000100C800300001000DDBCD0301839A8245009C0A10,PASS,"PASS, {1: 1, 2: 1, 3: 1, 4: 1, 5: 1, 6: 1, 7: 1, 8: 1, 9: 1, 10: 1, 11: 1}","PASS, {1: 1, 2: 1, 3: 1, 4: 1, 5: 1, 6: 1, 7: 1, 8: 1, 9: 1, 10: 1}","PASS , {1: 1, 2: 1, 3: 1, 4: 1, 5: 1, 6: 1, 7: 1, 8: 1} ","PASS , {1: 1, 2: 1, 3: 1, 4: 1} ",10:07:02_14-07-25
255,231,8002,004637,"BV25282310316 , T252718344 ",FF00FFA50010600D1FD0761C0106389901508C85000100C800300001000DDBCD0301839A8245009C0A10,PASS,"PASS, {1: 1, 2: 1, 3: 1, 4: 1, 5: 1, 6: 1, 7: 1, 8: 1, 9: 1, 10: 1, 11: 1}","PASS, {1: 1, 2: 1, 3: 1, 4: 1, 5: 1, 6: 1, 7: 1, 8: 1, 9: 1, 10: 1}","PASS , {1: 1, 2: 1, 3: 1, 4: 1, 5: 1, 6: 1, 7: 1, 8: 1} ","PASS , {1: 1, 2: 1, 3: 1, 4: 1} ",10:08:17_14-07-25
256,232,8002,004637,"BV25282310268 , T252716426 ",FF00FFA50010600D1FD0761C0106389901508C85000100C800300001000DDBCD0301839A8245009C0A10,PASS,"PASS, {1: 1, 2: 1, 3: 1, 4: 1, 5: 1, 6: 1, 7: 1, 8: 1, 9: 1, 10: 1, 11: 1}","PASS, {1: 1, 2: 1, 3: 1, 4: 1, 5: 1, 6: 1, 7: 1, 8: 1, 9: 1, 10: 1}","PASS , {1: 1, 2: 1, 3: 1, 4: 1, 5: 1, 6: 1, 7: 1, 8: 1} ","PASS , {1: 1, 2: 1, 3: 1, 4: 1} ",10:09:36_14-07-25
257,233,8002,004637,"BV25282310273 , T252716576 ",FF00FFA50010600D1FD0761C0106389901508C85000100C800300001000DDBCD0301839A8245009C0A10,PASS,"PASS, {1: 1, 2: 1, 3: 1, 4: 1, 5: 1, 6: 1, 7: 1, 8: 1, 9: 1, 10: 1, 11: 1}","PASS, {1: 1, 2: 1, 3: 1, 4: 1, 5: 1, 6: 1, 7: 1, 8: 1, 9: 1, 10: 1}","PASS , {1: 1, 2: 1, 3: 1, 4: 1, 5: 1, 6: 1, 7: 1, 8: 1} ","PASS , {1: 1, 2: 1, 3: 1, 4: 1} ",10:11:18_14-07-25
258,234,8002,004637,"BV25282310275 , T252716582 ",FF00FFA50010600D1FD0761C0106389901508C85000100C800300001000DDBCD0301839A8245009C0A10,PASS,"PASS, {1: 1, 2: 1, 3: 1, 4: 1, 5: 1, 6: 1, 7: 1, 8: 1, 9: 1, 10: 1, 11: 1}","PASS, {1: 1, 2: 1, 3: 1, 4: 1, 5: 1, 6: 1, 7: 1, 8: 1, 9: 1, 10: 1}","PASS , {1: 1, 2: 1, 3: 1, 4: 1, 5: 1, 6: 1, 7: 1, 8: 1} ","PASS , {1: 1, 2: 1, 3: 1, 4: 1} ",10:12:33_14-07-25
259,235,8002,004637,"BV25282310276 , T252716559 ",FF00FFA50010600D1FD0761C0106389901508C85000100C800300001000DDBCD0301839A8245009C0A10,PASS,"PASS, {1: 1, 2: 1, 3: 1, 4: 1, 5: 1, 6: 1, 7: 1, 8: 1, 9: 1, 10: 1, 11: 1}","PASS, {1: 1, 2: 1, 3: 1, 4: 1, 5: 1, 6: 1, 7: 1, 8: 1, 9: 1, 10: 1}","PASS , {1: 1, 2: 1, 3: 1, 4: 1, 5: 1, 6: 1, 7: 1, 8: 1} ","PASS , {1: 1, 2: 1, 3: 1, 4: 1} ",10:13:50_14-07-25
260,236,8002,004637,"BV25282310279 , T252716659 ",FF00FFA50010600D1FD0761C0106389901508C85000100C800300001000DDBCD0301839A8245009C0A10,PASS,"PASS, {1: 1, 2: 1, 3: 1, 4: 1, 5: 1, 6: 1, 7: 1, 8: 1, 9: 1, 10: 1, 11: 1}","PASS, {1: 1, 2: 1, 3: 1, 4: 1, 5: 1, 6: 1, 7: 1, 8: 1, 9: 1, 10: 1}","PASS , {1: 1, 2: 1, 3: 1, 4: 1, 5: 1, 6: 1, 7: 1, 8: 1} ","PASS , {1: 1, 2: 1, 3: 1, 4: 1} ",10:15:05_14-07-25
261,237,8002,004637,"BV25282310282 , T252802263 ",FF00FFA50010600D1FD0761C0106389901508C85000100C800300001000DDBCD0301839A8245009C0A10,PASS,"PASS, {1: 1, 2: 1, 3: 1, 4: 1, 5: 1, 6: 1, 7: 1, 8: 1, 9: 1, 10: 1, 11: 1}","PASS, {1: 1, 2: 1, 3: 1, 4: 1, 5: 1, 6: 1, 7: 1, 8: 1, 9: 1, 10: 1}","PASS , {1: 1, 2: 1, 3: 1, 4: 1, 5: 1, 6: 1, 7: 1, 8: 1} ","PASS , {1: 1, 2: 1, 3: 1, 4: 1} ",10:17:03_14-07-25
262,238,8002,004637,"BV25282310284 , T252716424 ",FF00FFA50010600D1FD0761C0106389901508C85000100C800300001000DDBCD0301839A8245009C0A10,PASS,"PASS, {1: 1, 2: 1, 3: 1, 4: 1, 5: 1, 6: 1, 7: 1, 8: 1, 9: 1, 10: 1, 11: 1}","PASS, {1: 1, 2: 1, 3: 1, 4: 1, 5: 1, 6: 1, 7: 1, 8: 1, 9: 1, 10: 1}","PASS , {1: 1, 2: 1, 3: 1, 4: 1, 5: 1, 6: 1, 7: 1, 8: 1} ","PASS , {1: 1, 2: 1, 3: 1, 4: 1} ",10:18:15_14-07-25
263,239,8002,004637,"BV25282310337 , T252720299 ",FF00FFA50010600D1FD0761C0106389901508C85000100C800300001000DDBCD0301839A8245009C0A10,PASS,"PASS, {1: 1, 2: 1, 3: 1, 4: 1, 5: 1, 6: 1, 7: 1, 8: 1, 9: 1, 10: 1, 11: 1}","PASS, {1: 1, 2: 1, 3: 1, 4: 1, 5: 1, 6: 1, 7: 1, 8: 1, 9: 1, 10: 1}","PASS , {1: 1, 2: 1, 3: 1, 4: 1, 5: 1, 6: 1, 7: 1, 8: 1} ","PASS , {1: 1, 2: 1, 3: 1, 4: 1} ",10:19:26_14-07-25
264,240,8002,004637,"BV25282310340 , T252716171 ",FF00FFA50010600D1FD0761C0106389901508C85000100C800300001000DDBCD0301839A8245009C0A10,PASS,"PASS, {1: 1, 2: 1, 3: 1, 4: 1, 5: 1, 6: 1, 7: 1, 8: 1, 9: 1, 10: 1, 11: 1}","PASS, {1: 1, 2: 1, 3: 1, 4: 1, 5: 1, 6: 1, 7: 1, 8: 1, 9: 1, 10: 1}","PASS , {1: 1, 2: 1, 3: 1, 4: 1, 5: 1, 6: 1, 7: 1, 8: 1} ","PASS , {1: 1, 2: 1, 3: 1, 4: 1} ",10:20:35_14-07-25
265,241,8002,004637,"BV25282310342 , T252715856 ",FF00FFA50010600D1FD0761C0106389901508C85000100C800300001000DDBCD0301839A8245009C0A10,PASS,"PASS, {1: 1, 2: 1, 3: 1, 4: 1, 5: 1, 6: 1, 7: 1, 8: 1, 9: 1, 10: 1, 11: 1}","PASS, {1: 1, 2: 1, 3: 1, 4: 1, 5: 1, 6: 1, 7: 1, 8: 1, 9: 1, 10: 1}","PASS , {1: 1, 2: 1, 3: 1, 4: 1, 5: 1, 6: 1, 7: 1, 8: 1} ","PASS , {1: 1, 2: 1, 3: 1, 4: 1} ",10:21:44_14-07-25
266,242,8002,004637,"BV25282310295 , T252716579 ",FF00FFA50010600D1FD0761C0106389901508C85000100C800300001000DDBCD0301839A8245009C0A10,PASS,"PASS, {1: 1, 2: 1, 3: 1, 4: 1, 5: 1, 6: 1, 7: 1, 8: 1, 9: 1, 10: 1, 11: 1}","PASS, {1: 1, 2: 1, 3: 1, 4: 1, 5: 1, 6: 1, 7: 1, 8: 1, 9: 1, 10: 1}","PASS , {1: 1, 2: 1, 3: 1, 4: 1, 5: 1, 6: 1, 7: 1, 8: 1} ","PASS , {1: 1, 2: 1, 3: 1, 4: 1} ",10:22:53_14-07-25
267,243,8002,004637,"BV25282310298 , T252716585 ",FF00FFA50010600D1FD0761C0106389901508C85000100C800300001000DDBCD0301839A8245009C0A10,PASS,"PASS, {1: 1, 2: 1, 3: 1, 4: 1, 5: 1, 6: 1, 7: 1, 8: 1, 9: 1, 10: 1, 11: 1}","PASS, {1: 1, 2: 1, 3: 1, 4: 1, 5: 1, 6: 1, 7: 1, 8: 1, 9: 1, 10: 1}","PASS , {1: 1, 2: 1, 3: 1, 4: 1, 5: 1, 6: 1, 7: 1, 8: 1} ","PASS , {1: 1, 2: 1, 3: 1, 4: 1} ",10:24:02_14-07-25
268,244,8002,004637,"BV25282310299 , T252211501 ",FF00FFA50010600D1FD0761C0106389901508C85000100C800300001000DDBCD0301839A8245009C0A10,PASS,"PASS, {1: 1, 2: 1, 3: 1, 4: 1, 5: 1, 6: 1, 7: 1, 8: 1, 9: 1, 10: 1, 11: 1}","PASS, {1: 1, 2: 1, 3: 1, 4: 1, 5: 1, 6: 1, 7: 1, 8: 1, 9: 1, 10: 1}","PASS , {1: 1, 2: 1, 3: 1, 4: 1, 5: 1, 6: 1, 7: 1, 8: 1} ","PASS , {1: 1, 2: 1, 3: 1, 4: 1} ",10:25:12_14-07-25
269,245,8002,004637,"BV25282310274 , T252716588 ",FF00FFA50010600D1FD0761C0106389901508C85000100C800300001000DDBCD0301839A8245009C0A10,PASS,"PASS, {1: 1, 2: 1, 3: 1, 4: 1, 5: 1, 6: 1, 7: 1, 8: 1, 9: 1, 10: 1, 11: 1}","PASS, {1: 1, 2: 1, 3: 1, 4: 1, 5: 1, 6: 1, 7: 1, 8: 1, 9: 1, 10: 1}","PASS , {1: 1, 2: 1, 3: 1, 4: 1, 5: 1, 6: 1, 7: 1, 8: 1} ","PASS , {1: 1, 2: 1, 3: 1, 4: 1} ",10:26:26_14-07-25
270,246,8002,004637,"BV25282310302 , T252211407 ",FF00FFA50010600D1FD0761C0106389901508C85000100C800300001000DDBCD0301839A8245009C0A10,PASS,"PASS, {1: 1, 2: 1, 3: 1, 4: 1, 5: 1, 6: 1, 7: 1, 8: 1, 9: 1, 10: 1, 11: 1}","PASS, {1: 1, 2: 1, 3: 1, 4: 1, 5: 1, 6: 1, 7: 1, 8: 1, 9: 1, 10: 1}","PASS , {1: 1, 2: 1, 3: 1, 4: 1, 5: 1, 6: 1, 7: 1, 8: 1} ","PASS , {1: 1, 2: 1, 3: 1, 4: 1} ",10:27:35_14-07-25
271,247,8002,004637,"BV25282310306 , T252716174 ",FF00FFA50010600D1FD0761C0106389901508C85000100C800300001000DDBCD0301839A8245009C0A10,PASS,"PASS, {1: 1, 2: 1, 3: 1, 4: 1, 5: 1, 6: 1, 7: 1, 8: 1, 9: 1, 10: 1, 11: 1}","PASS, {1: 1, 2: 1, 3: 1, 4: 1, 5: 1, 6: 1, 7: 1, 8: 1, 9: 1, 10: 1}","PASS , {1: 1, 2: 1, 3: 1, 4: 1, 5: 1, 6: 1, 7: 1, 8: 1} ","PASS , {1: 1, 2: 1, 3: 1, 4: 1} ",10:28:44_14-07-25
272,248,8002,004637,"BV25282310303 , T252211322 ",FF00FFA50010600D1FD0761C0106389901508C85000100C800300001000DDBCD0301839A8245009C0A10,PASS,"PASS, {1: 1, 2: 1, 3: 1, 4: 1, 5: 1, 6: 1, 7: 1, 8: 1, 9: 1, 10: 1, 11: 1}","PASS, {1: 1, 2: 1, 3: 1, 4: 1, 5: 1, 6: 1, 7: 1, 8: 1, 9: 1, 10: 1}","PASS , {1: 1, 2: 1, 3: 1, 4: 1, 5: 1, 6: 1, 7: 1, 8: 1} ","PASS , {1: 1, 2: 1, 3: 1, 4: 1} ",10:30:15_14-07-25
273,249,8002,004637,"BV25282310252 , T252209161 ",FF00FFA50010600D1FD0761C0106389901508C85000100C800300001000DDBCD0301839A8245009C0A10,PASS,"PASS, {1: 1, 2: 1, 3: 1, 4: 1, 5: 1, 6: 1, 7: 1, 8: 1, 9: 1, 10: 1, 11: 1}","PASS, {1: 1, 2: 1, 3: 1, 4: 1, 5: 1, 6: 1, 7: 1, 8: 1, 9: 1, 10: 1}","PASS , {1: 1, 2: 1, 3: 1, 4: 1, 5: 1, 6: 1, 7: 1, 8: 1} ","PASS , {1: 1, 2: 1, 3: 1, 4: 1} ",10:32:04_14-07-25
274,250,8002,004637,"BV25282310255 , T252209747 ",FF00FFA50010600D1FD0761C0106389901508C85000100C800300001000DDBCD0301839A8245009C0A10,PASS,"PASS, {1: 1, 2: 1, 3: 1, 4: 1, 5: 1, 6: 1, 7: 1, 8: 1, 9: 1, 10: 1, 11: 1}","PASS, {1: 1, 2: 1, 3: 1, 4: 1, 5: 1, 6: 1, 7: 1, 8: 1, 9: 1, 10: 1}","PASS , {1: 1, 2: 1, 3: 1, 4: 1, 5: 1, 6: 1, 7: 1, 8: 1} ","PASS , {1: 1, 2: 1, 3: 1, 4: 1} ",10:33:20_14-07-25
275,251,8002,004637,"BV25282310291 , T252716591 ",FF00FFA50010600D1FD0761C0106389901508C85000100C800300001000DDBCD0301839A8245009C0A10,PASS,"PASS, {1: 1, 2: 1, 3: 1, 4: 1, 5: 1, 6: 1, 7: 1, 8: 1, 9: 1, 10: 1, 11: 1}","PASS, {1: 1, 2: 1, 3: 1, 4: 1, 5: 1, 6: 1, 7: 1, 8: 1, 9: 1, 10: 1}","PASS , {1: 1, 2: 1, 3: 1, 4: 1, 5: 1, 6: 1, 7: 1, 8: 1} ","PASS , {1: 1, 2: 1, 3: 1, 4: 1} ",10:34:30_14-07-25
276,252,8002,004637,"BV25282310236 , T252210273 ",FF00FFA50010600D1FD0761C0106389901508C85000100C800300001000DDBCD0301839A8245009C0A10,PASS,"PASS, {1: 1, 2: 1, 3: 1, 4: 1, 5: 1, 6: 1, 7: 1, 8: 1, 9: 1, 10: 1, 11: 1}","PASS, {1: 1, 2: 1, 3: 1, 4: 1, 5: 1, 6: 1, 7: 1, 8: 1, 9: 1, 10: 1}","PASS , {1: 1, 2: 1, 3: 1, 4: 1, 5: 1, 6: 1, 7: 1, 8: 1} ","PASS , {1: 1, 2: 1, 3: 1, 4: 1} ",10:35:47_14-07-25
277,253,8002,004637,"BV25282310322 , T252716250 ",FF00FFA50010600D1FD0761C0106389901508C85000100C800300001000DDBCD0301839A8245009C0A10,PASS,"PASS, {1: 1, 2: 1, 3: 1, 4: 1, 5: 1, 6: 1, 7: 1, 8: 1, 9: 1, 10: 1, 11: 1}","PASS, {1: 1, 2: 1, 3: 1, 4: 1, 5: 1, 6: 1, 7: 1, 8: 1, 9: 1, 10: 1}","PASS , {1: 1, 2: 1, 3: 1, 4: 1, 5: 1, 6: 1, 7: 1, 8: 1} ","PASS , {1: 1, 2: 1, 3: 1, 4: 1} ",10:37:03_14-07-25
278,254,8002,004637,"BV25282310243 , T252209807 ",FF00FFA50010600D1FD0761C0106389901508C85000100C800300001000DDBCD0301839A8245009C0A10,PASS,"PASS, {1: 1, 2: 1, 3: 1, 4: 1, 5: 1, 6: 1, 7: 1, 8: 1, 9: 1, 10: 1, 11: 1}","PASS, {1: 1, 2: 1, 3: 1, 4: 1, 5: 1, 6: 1, 7: 1, 8: 1, 9: 1, 10: 1}","PASS , {1: 1, 2: 1, 3: 1, 4: 1, 5: 1, 6: 1, 7: 1, 8: 1} ","PASS , {1: 1, 2: 1, 3: 1, 4: 1} ",10:38:12_14-07-25
279,254,8002,004637,"BV25282310324 , T252716073 ",FF00FFA50010600D1FD0761C0106389901508C85000100C800300001000DDBCD0301839A8245009C0A10,PASS,"PASS, {1: 1, 2: 1, 3: 1, 4: 1, 5: 1, 6: 1, 7: 1, 8: 1, 9: 1, 10: 1, 11: 1}","FAIL, {1: 0, 2: 1, 3: 1, 4: 1, 5: 1, 6: 1, 7: 1, 8: 1, 9: 1, 10: 1}","PASS , {1: 1, 2: 1, 3: 1, 4: 1, 5: 1, 6: 1, 7: 1, 8: 1} ","PASS , {1: 1, 2: 1, 3: 1, 4: 1} ",10:39:22_14-07-25
280,255,8002,004637,"BV25282310326 , T252718345 ",FF00FFA50010600D1FD0761C0106389901508C85000100C800300001000DDBCD0301839A8245009C0A10,PASS,"PASS, {1: 1, 2: 1, 3: 1, 4: 1, 5: 1, 6: 1, 7: 1, 8: 1, 9: 1, 10: 1, 11: 1}","PASS, {1: 1, 2: 1, 3: 1, 4: 1, 5: 1, 6: 1, 7: 1, 8: 1, 9: 1, 10: 1}","PASS , {1: 1, 2: 1, 3: 1, 4: 1, 5: 1, 6: 1, 7: 1, 8: 1} ","PASS , {1: 1, 2: 1, 3: 1, 4: 1} ",10:40:32_14-07-25
281,255,8002,004637,"BV25282310325 , T252718346 ",FF00FFA50010600D1FD0761C0106389901508C85000100C800300001000DDBCD0301839A8245009C0A10,PASS,"PASS, {1: 1, 2: 1, 3: 1, 4: 1, 5: 1, 6: 1, 7: 1, 8: 1, 9: 1, 10: 1, 11: 1}","FAIL, {1: 0, 2: 1, 3: 0, 4: 1, 5: 1, 6: 0, 7: 1, 8: 1, 9: 1, 10: 1}","PASS , {1: 1, 2: 1, 3: 1, 4: 1, 5: 1, 6: 1, 7: 1, 8: 1} ","PASS , {1: 1, 2: 1, 3: 1, 4: 1} ",10:41:58_14-07-25
282,256,8002,004637,"BV25282310327 , T252716078 ",FF00FFA50010600D1FD0761C0106389901508C85000100C800300001000DDBCD0301839A8245009C0A10,PASS,"PASS, {1: 1, 2: 1, 3: 1, 4: 1, 5: 1, 6: 1, 7: 1, 8: 1, 9: 1, 10: 1, 11: 1}","PASS, {1: 1, 2: 1, 3: 1, 4: 1, 5: 1, 6: 1, 7: 1, 8: 1, 9: 1, 10: 1}","PASS , {1: 1, 2: 1, 3: 1, 4: 1, 5: 1, 6: 1, 7: 1, 8: 1} ","PASS , {1: 1, 2: 1, 3: 1, 4: 1} ",10:43:07_14-07-25
283,257,8002,004637,"BV25282310330 , T252802342 ",FF00FFA50010600D1FD0761C0106389901508C85000100C800300001000DDBCD0301839A8245009C0A10,PASS,"PASS, {1: 1, 2: 1, 3: 1, 4: 1, 5: 1, 6: 1, 7: 1, 8: 1, 9: 1, 10: 1, 11: 1}","PASS, {1: 1, 2: 1, 3: 1, 4: 1, 5: 1, 6: 1, 7: 1, 8: 1, 9: 1, 10: 1}","PASS , {1: 1, 2: 1, 3: 1, 4: 1, 5: 1, 6: 1, 7: 1, 8: 1} ","PASS , {1: 1, 2: 1, 3: 1, 4: 1} ",10:44:17_14-07-25
284,258,8002,004637,"BV25282310332 , T252802264 ",FF00FFA50010600D1FD0761C0106389901508C85000100C800300001000DDBCD0301839A8245009C0A10,PASS,"PASS, {1: 1, 2: 1, 3: 1, 4: 1, 5: 1, 6: 1, 7: 1, 8: 1, 9: 1, 10: 1, 11: 1}","PASS, {1: 1, 2: 1, 3: 1, 4: 1, 5: 1, 6: 1, 7: 1, 8: 1, 9: 1, 10: 1}","PASS , {1: 1, 2: 1, 3: 1, 4: 1, 5: 1, 6: 1, 7: 1, 8: 1} ","PASS , {1: 1, 2: 1, 3: 1, 4: 1} ",10:45:28_14-07-25
285,259,8002,004637,"BV25282310331 , T252802092 ",FF00FFA50010600D1FD0761C0106389901508C85000100C800300001000DDBCD0301839A8245009C0A10,PASS,"PASS, {1: 1, 2: 1, 3: 1, 4: 1, 5: 1, 6: 1, 7: 1, 8: 1, 9: 1, 10: 1, 11: 1}","PASS, {1: 1, 2: 1, 3: 1, 4: 1, 5: 1, 6: 1, 7: 1, 8: 1, 9: 1, 10: 1}","PASS , {1: 1, 2: 1, 3: 1, 4: 1, 5: 1, 6: 1, 7: 1, 8: 1} ","PASS , {1: 1, 2: 1, 3: 1, 4: 1} ",10:46:38_14-07-25
286,260,8002,004637,"BV25282310334 , T252802091 ",FF00FFA50010600D1FD0761C0106389901508C85000100C800300001000DDBCD0301839A8245009C0A10,PASS,"PASS, {1: 1, 2: 1, 3: 1, 4: 1, 5: 1, 6: 1, 7: 1, 8: 1, 9: 1, 10: 1, 11: 1}","PASS, {1: 1, 2: 1, 3: 1, 4: 1, 5: 1, 6: 1, 7: 1, 8: 1, 9: 1, 10: 1}","PASS , {1: 1, 2: 1, 3: 1, 4: 1, 5: 1, 6: 1, 7: 1, 8: 1} ","PASS , {1: 1, 2: 1, 3: 1, 4: 1} ",10:47:56_14-07-25
287,261,8002,004637,"BV25282310333 , T252802089 ",FF00FFA50010600D1FD0761C0106389901508C85000100C800300001000DDBCD0301839A8245009C0A10,PASS,"PASS, {1: 1, 2: 1, 3: 1, 4: 1, 5: 1, 6: 1, 7: 1, 8: 1, 9: 1, 10: 1, 11: 1}","PASS, {1: 1, 2: 1, 3: 1, 4: 1, 5: 1, 6: 1, 7: 1, 8: 1, 9: 1, 10: 1}","PASS , {1: 1, 2: 1, 3: 1, 4: 1, 5: 1, 6: 1, 7: 1, 8: 1} ","PASS , {1: 1, 2: 1, 3: 1, 4: 1} ",10:49:12_14-07-25
288,262,8002,004637,"BV25282310329 , T252716063 ",FF00FFA50010600D1FD0761C0106389901508C85000100C800300001000DDBCD0301839A8245009C0A10,PASS,"PASS, {1: 1, 2: 1, 3: 1, 4: 1, 5: 1, 6: 1, 7: 1, 8: 1, 9: 1, 10: 1, 11: 1}","PASS, {1: 1, 2: 1, 3: 1, 4: 1, 5: 1, 6: 1, 7: 1, 8: 1, 9: 1, 10: 1}","PASS , {1: 1, 2: 1, 3: 1, 4: 1, 5: 1, 6: 1, 7: 1, 8: 1} ","PASS , {1: 1, 2: 1, 3: 1, 4: 1} ",10:50:27_14-07-25
289,262,8002,004637,"BV25282310328 , T252716252 ",FF00FFA50010600D1FD0761C0106389901508C85000100C800300001000DDBCD0301839A8245009C0A10,PASS,"PASS, {1: 1, 2: 1, 3: 1, 4: 1, 5: 1, 6: 1, 7: 1, 8: 1, 9: 1, 10: 1, 11: 1}","FAIL, {1: 0, 2: 1, 3: 1, 4: 1, 5: 1, 6: 1, 7: 1, 8: 1, 9: 1, 10: 1}","PASS , {1: 1, 2: 1, 3: 1, 4: 1, 5: 1, 6: 1, 7: 1, 8: 1} ","PASS , {1: 1, 2: 1, 3: 1, 4: 1} ",10:51:40_14-07-25
290,263,8002,004637,"BV25282310323 , T252718343 ",FF00FFA50010600D1FD0761C0106389901508C85000100C800300001000DDBCD0301839A8245009C0A10,PASS,"PASS, {1: 1, 2: 1, 3: 1, 4: 1, 5: 1, 6: 1, 7: 1, 8: 1, 9: 1, 10: 1, 11: 1}","PASS, {1: 1, 2: 1, 3: 1, 4: 1, 5: 1, 6: 1, 7: 1, 8: 1, 9: 1, 10: 1}","PASS , {1: 1, 2: 1, 3: 1, 4: 1, 5: 1, 6: 1, 7: 1, 8: 1} ","PASS , {1: 1, 2: 1, 3: 1, 4: 1} ",10:52:51_14-07-25
291,264,8002,004637,"BV25282310335 , T252802352 ",FF00FFA50010600D1FD0761C0106389901508C85000100C800300001000DDBCD0301839A8245009C0A10,PASS,"PASS, {1: 1, 2: 1, 3: 1, 4: 1, 5: 1, 6: 1, 7: 1, 8: 1, 9: 1, 10: 1, 11: 1}","PASS, {1: 1, 2: 1, 3: 1, 4: 1, 5: 1, 6: 1, 7: 1, 8: 1, 9: 1, 10: 1}","PASS , {1: 1, 2: 1, 3: 1, 4: 1, 5: 1, 6: 1, 7: 1, 8: 1} ","PASS , {1: 1, 2: 1, 3: 1, 4: 1} ",10:54:08_14-07-25
292,265,8002,004637,"BV25282310336 , T252802351 ",FF00FFA50010600D1FD0761C0106389901508C85000100C800300001000DDBCD0301839A8245009C0A10,PASS,"PASS, {1: 1, 2: 1, 3: 1, 4: 1, 5: 1, 6: 1, 7: 1, 8: 1, 9: 1, 10: 1, 11: 1}","PASS, {1: 1, 2: 1, 3: 1, 4: 1, 5: 1, 6: 1, 7: 1, 8: 1, 9: 1, 10: 1}","PASS , {1: 1, 2: 1, 3: 1, 4: 1, 5: 1, 6: 1, 7: 1, 8: 1} ","PASS , {1: 1, 2: 1, 3: 1, 4: 1} ",10:55:25_14-07-25
293,266,8002,004637,"BV25282310351 , T252715859 ",FF00FFA50010600D1FD0761C0106389901508C85000100C800300001000DDBCD0301839A8245009C0A10,PASS,"PASS, {1: 1, 2: 1, 3: 1, 4: 1, 5: 1, 6: 1, 7: 1, 8: 1, 9: 1, 10: 1, 11: 1}","PASS, {1: 1, 2: 1, 3: 1, 4: 1, 5: 1, 6: 1, 7: 1, 8: 1, 9: 1, 10: 1}","PASS , {1: 1, 2: 1, 3: 1, 4: 1, 5: 1, 6: 1, 7: 1, 8: 1} ","PASS , {1: 1, 2: 1, 3: 1, 4: 1} ",10:56:46_14-07-25
294,267,8002,004637,"BV25282310353 , T252716060 ",FF00FFA50010600D1FD0761C0106389901508C85000100C800300001000DDBCD0301839A8245009C0A10,PASS,"PASS, {1: 1, 2: 1, 3: 1, 4: 1, 5: 1, 6: 1, 7: 1, 8: 1, 9: 1, 10: 1, 11: 1}","PASS, {1: 1, 2: 1, 3: 1, 4: 1, 5: 1, 6: 1, 7: 1, 8: 1, 9: 1, 10: 1}","PASS , {1: 1, 2: 1, 3: 1, 4: 1, 5: 1, 6: 1, 7: 1, 8: 1} ","PASS , {1: 1, 2: 1, 3: 1, 4: 1} ",10:57:57_14-07-25
295,268,8002,004637,"BV25282310355 , T252716652 ",FF00FFA50010600D1FD0761C0106389901508C85000100C800300001000DDBCD0301839A8245009C0A10,PASS,"PASS, {1: 1, 2: 1, 3: 1, 4: 1, 5: 1, 6: 1, 7: 1, 8: 1, 9: 1, 10: 1, 11: 1}","PASS, {1: 1, 2: 1, 3: 1, 4: 1, 5: 1, 6: 1, 7: 1, 8: 1, 9: 1, 10: 1}","PASS , {1: 1, 2: 1, 3: 1, 4: 1, 5: 1, 6: 1, 7: 1, 8: 1} ","PASS , {1: 1, 2: 1, 3: 1, 4: 1} ",10:59:07_14-07-25
296,269,8002,004637,"BV25282310358 , T252715852 ",FF00FFA50010600D1FD0761C0106389901508C85000100C800300001000DDBCD0301839A8245009C0A10,PASS,"PASS, {1: 1, 2: 1, 3: 1, 4: 1, 5: 1, 6: 1, 7: 1, 8: 1, 9: 1, 10: 1, 11: 1}","PASS, {1: 1, 2: 1, 3: 1, 4: 1, 5: 1, 6: 1, 7: 1, 8: 1, 9: 1, 10: 1}","PASS , {1: 1, 2: 1, 3: 1, 4: 1, 5: 1, 6: 1, 7: 1, 8: 1} ","PASS , {1: 1, 2: 1, 3: 1, 4: 1} ",11:00:26_14-07-25
297,270,8002,004637,"BV25282310344 , T252716061 ",FF00FFA50010600D1FD0761C0106389901508C85000100C800300001000DDBCD0301839A8245009C0A10,PASS,"PASS, {1: 1, 2: 1, 3: 1, 4: 1, 5: 1, 6: 1, 7: 1, 8: 1, 9: 1, 10: 1, 11: 1}","PASS, {1: 1, 2: 1, 3: 1, 4: 1, 5: 1, 6: 1, 7: 1, 8: 1, 9: 1, 10: 1}","PASS , {1: 1, 2: 1, 3: 1, 4: 1, 5: 1, 6: 1, 7: 1, 8: 1} ","PASS , {1: 1, 2: 1, 3: 1, 4: 1} ",11:01:38_14-07-25
298,271,8002,004637,"BV25282310346 , T252720297 ",FF00FFA50010600D1FD0761C0106389901508C85000100C800300001000DDBCD0301839A8245009C0A10,PASS,"PASS, {1: 1, 2: 1, 3: 1, 4: 1, 5: 1, 6: 1, 7: 1, 8: 1, 9: 1, 10: 1, 11: 1}","PASS, {1: 1, 2: 1, 3: 1, 4: 1, 5: 1, 6: 1, 7: 1, 8: 1, 9: 1, 10: 1}","PASS , {1: 1, 2: 1, 3: 1, 4: 1, 5: 1, 6: 1, 7: 1, 8: 1} ","PASS , {1: 1, 2: 1, 3: 1, 4: 1} ",11:02:54_14-07-25
299,272,8002,004637,"BV25282310348 , T252720298 ",FF00FFA50010600D1FD0761C0106389901508C85000100C800300001000DDBCD0301839A8245009C0A10,PASS,"PASS, {1: 1, 2: 1, 3: 1, 4: 1, 5: 1, 6: 1, 7: 1, 8: 1, 9: 1, 10: 1, 11: 1}","PASS, {1: 1, 2: 1, 3: 1, 4: 1, 5: 1, 6: 1, 7: 1, 8: 1, 9: 1, 10: 1}","PASS , {1: 1, 2: 1, 3: 1, 4: 1, 5: 1, 6: 1, 7: 1, 8: 1} ","PASS , {1: 1, 2: 1, 3: 1, 4: 1} ",11:04:04_14-07-25
300,273,8002,004637,"BV25282310345 , T252716163 ",FF00FFA50010600D1FD0761C0106389901508C85000100C800300001000DDBCD0301839A8245009C0A10,PASS,"PASS, {1: 1, 2: 1, 3: 1, 4: 1, 5: 1, 6: 1, 7: 1, 8: 1, 9: 1, 10: 1, 11: 1}","PASS, {1: 1, 2: 1, 3: 1, 4: 1, 5: 1, 6: 1, 7: 1, 8: 1, 9: 1, 10: 1}","PASS , {1: 1, 2: 1, 3: 1, 4: 1, 5: 1, 6: 1, 7: 1, 8: 1} ","PASS , {1: 1, 2: 1, 3: 1, 4: 1} ",11:05:40_14-07-25
301,274,8002,004637,"BV25282310357 , T252716649 ",FF00FFA50010600D1FD0761C0106389901508C85000100C800300001000DDBCD0301839A8245009C0A10,PASS,"PASS, {1: 1, 2: 1, 3: 1, 4: 1, 5: 1, 6: 1, 7: 1, 8: 1, 9: 1, 10: 1, 11: 1}","PASS, {1: 1, 2: 1, 3: 1, 4: 1, 5: 1, 6: 1, 7: 1, 8: 1, 9: 1, 10: 1}","PASS , {1: 1, 2: 1, 3: 1, 4: 1, 5: 1, 6: 1, 7: 1, 8: 1} ","PASS , {1: 1, 2: 1, 3: 1, 4: 1} ",11:07:03_14-07-25
302,275,8002,004637,"BV25282310359 , T252716650 ",FF00FFA50010600D1FD0761C0106389901508C85000100C800300001000DDBCD0301839A8245009C0A10,PASS,"PASS, {1: 1, 2: 1, 3: 1, 4: 1, 5: 1, 6: 1, 7: 1, 8: 1, 9: 1, 10: 1, 11: 1}","PASS, {1: 1, 2: 1, 3: 1, 4: 1, 5: 1, 6: 1, 7: 1, 8: 1, 9: 1, 10: 1}","PASS , {1: 1, 2: 1, 3: 1, 4: 1, 5: 1, 6: 1, 7: 1, 8: 1} ","PASS , {1: 1, 2: 1, 3: 1, 4: 1} ",11:08:17_14-07-25
303,276,8002,004637,"BV25282310360 , T252716648 ",FF00FFA50010600D1FD0761C0106389901508C85000100C800300001000DDBCD0301839A8245009C0A10,PASS,"PASS, {1: 1, 2: 1, 3: 1, 4: 1, 5: 1, 6: 1, 7: 1, 8: 1, 9: 1, 10: 1, 11: 1}","PASS, {1: 1, 2: 1, 3: 1, 4: 1, 5: 1, 6: 1, 7: 1, 8: 1, 9: 1, 10: 1}","PASS , {1: 1, 2: 1, 3: 1, 4: 1, 5: 1, 6: 1, 7: 1, 8: 1} ","PASS , {1: 1, 2: 1, 3: 1, 4: 1} ",11:10:47_14-07-25
304,277,8002,004637,"BV25282310361 , T252716247 ",FF00FFA50010600D1FD0761C0106389901508C85000100C800300001000DDBCD0301839A8245009C0A10,PASS,"PASS, {1: 1, 2: 1, 3: 1, 4: 1, 5: 1, 6: 1, 7: 1, 8: 1, 9: 1, 10: 1, 11: 1}","PASS, {1: 1, 2: 1, 3: 1, 4: 1, 5: 1, 6: 1, 7: 1, 8: 1, 9: 1, 10: 1}","PASS , {1: 1, 2: 1, 3: 1, 4: 1, 5: 1, 6: 1, 7: 1, 8: 1} ","PASS , {1: 1, 2: 1, 3: 1, 4: 1} ",11:12:00_14-07-25
305,278,8002,004637,"BV25282310363 , T252716244 ",FF00FFA50010600D1FD0761C0106389901508C85000100C800300001000DDBCD0301839A8245009C0A10,PASS,"PASS, {1: 1, 2: 1, 3: 1, 4: 1, 5: 1, 6: 1, 7: 1, 8: 1, 9: 1, 10: 1, 11: 1}","PASS, {1: 1, 2: 1, 3: 1, 4: 1, 5: 1, 6: 1, 7: 1, 8: 1, 9: 1, 10: 1}","PASS , {1: 1, 2: 1, 3: 1, 4: 1, 5: 1, 6: 1, 7: 1, 8: 1} ","PASS , {1: 1, 2: 1, 3: 1, 4: 1} ",11:14:30_14-07-25
306,279,8002,004637,"BV25282310362 , T252716246 ",FF00FFA50010600D1FD0761C0106389901508C85000100C800300001000DDBCD0301839A8245009C0A10,PASS,"PASS, {1: 1, 2: 1, 3: 1, 4: 1, 5: 1, 6: 1, 7: 1, 8: 1, 9: 1, 10: 1, 11: 1}","PASS, {1: 1, 2: 1, 3: 1, 4: 1, 5: 1, 6: 1, 7: 1, 8: 1, 9: 1, 10: 1}","PASS , {1: 1, 2: 1, 3: 1, 4: 1, 5: 1, 6: 1, 7: 1, 8: 1} ","PASS , {1: 1, 2: 1, 3: 1, 4: 1} ",11:15:59_14-07-25
307,280,8002,004637,"BV25282310350 , T252720300 ",FF00FFA50010600D1FD0761C0106389901508C85000100C800300001000DDBCD0301839A8245009C0A10,PASS,"PASS, {1: 1, 2: 1, 3: 1, 4: 1, 5: 1, 6: 1, 7: 1, 8: 1, 9: 1, 10: 1, 11: 1}","PASS, {1: 1, 2: 1, 3: 1, 4: 1, 5: 1, 6: 1, 7: 1, 8: 1, 9: 1, 10: 1}","PASS , {1: 1, 2: 1, 3: 1, 4: 1, 5: 1, 6: 1, 7: 1, 8: 1} ","PASS , {1: 1, 2: 1, 3: 1, 4: 1} ",11:17:10_14-07-25
308,281,8002,004637,"BV25282310349 , T252716159 ",FF00FFA50010600D1FD0761C0106389901508C85000100C800300001000DDBCD0301839A8245009C0A10,PASS,"PASS, {1: 1, 2: 1, 3: 1, 4: 1, 5: 1, 6: 1, 7: 1, 8: 1, 9: 1, 10: 1, 11: 1}","PASS, {1: 1, 2: 1, 3: 1, 4: 1, 5: 1, 6: 1, 7: 1, 8: 1, 9: 1, 10: 1}","PASS , {1: 1, 2: 1, 3: 1, 4: 1, 5: 1, 6: 1, 7: 1, 8: 1} ","PASS , {1: 1, 2: 1, 3: 1, 4: 1} ",11:18:22_14-07-25
309,282,8002,004637,"BV25282310364 , T252715846 ",FF00FFA50010600D1FD0761C0106389901508C85000100C800300001000DDBCD0301839A8245009C0A10,PASS,"PASS, {1: 1, 2: 1, 3: 1, 4: 1, 5: 1, 6: 1, 7: 1, 8: 1, 9: 1, 10: 1, 11: 1}","PASS, {1: 1, 2: 1, 3: 1, 4: 1, 5: 1, 6: 1, 7: 1, 8: 1, 9: 1, 10: 1}","PASS , {1: 1, 2: 1, 3: 1, 4: 1, 5: 1, 6: 1, 7: 1, 8: 1} ","PASS , {1: 1, 2: 1, 3: 1, 4: 1} ",11:19:32_14-07-25
310,283,8002,004637,"BV25282310366 , T252715853 ",FF00FFA50010600D1FD0761C0106389901508C85000100C800300001000DDBCD0301839A8245009C0A10,PASS,"PASS, {1: 1, 2: 1, 3: 1, 4: 1, 5: 1, 6: 1, 7: 1, 8: 1, 9: 1, 10: 1, 11: 1}","PASS, {1: 1, 2: 1, 3: 1, 4: 1, 5: 1, 6: 1, 7: 1, 8: 1, 9: 1, 10: 1}","PASS , {1: 1, 2: 1, 3: 1, 4: 1, 5: 1, 6: 1, 7: 1, 8: 1} ","PASS , {1: 1, 2: 1, 3: 1, 4: 1} ",11:20:43_14-07-25
311,284,8002,004637,"BV25282310367 , T252715850 ",FF00FFA50010600D1FD0761C0106389901508C85000100C800300001000DDBCD0301839A8245009C0A10,PASS,"PASS, {1: 1, 2: 1, 3: 1, 4: 1, 5: 1, 6: 1, 7: 1, 8: 1, 9: 1, 10: 1, 11: 1}","PASS, {1: 1, 2: 1, 3: 1, 4: 1, 5: 1, 6: 1, 7: 1, 8: 1, 9: 1, 10: 1}","PASS , {1: 1, 2: 1, 3: 1, 4: 1, 5: 1, 6: 1, 7: 1, 8: 1} ","PASS , {1: 1, 2: 1, 3: 1, 4: 1} ",11:21:54_14-07-25
312,285,8002,004637,"BV25282310368 , T252715855 ",FF00FFA50010600D1FD0761C0106389901508C85000100C800300001000DDBCD0301839A8245009C0A10,PASS,"PASS, {1: 1, 2: 1, 3: 1, 4: 1, 5: 1, 6: 1, 7: 1, 8: 1, 9: 1, 10: 1, 11: 1}","PASS, {1: 1, 2: 1, 3: 1, 4: 1, 5: 1, 6: 1, 7: 1, 8: 1, 9: 1, 10: 1}","PASS , {1: 1, 2: 1, 3: 1, 4: 1, 5: 1, 6: 1, 7: 1, 8: 1} ","PASS , {1: 1, 2: 1, 3: 1, 4: 1} ",11:23:03_14-07-25
313,286,8002,004637,"BV25282310370 , T252715845 ",FF00FFA50010600D1FD0761C0106389901508C85000100C800300001000DDBCD0301839A8245009C0A10,PASS,"PASS, {1: 1, 2: 1, 3: 1, 4: 1, 5: 1, 6: 1, 7: 1, 8: 1, 9: 1, 10: 1, 11: 1}","PASS, {1: 1, 2: 1, 3: 1, 4: 1, 5: 1, 6: 1, 7: 1, 8: 1, 9: 1, 10: 1}","PASS , {1: 1, 2: 1, 3: 1, 4: 1, 5: 1, 6: 1, 7: 1, 8: 1} ","PASS , {1: 1, 2: 1, 3: 1, 4: 1} ",11:24:12_14-07-25
314,287,8002,004637,"BV25282310371 , T252716473 ",FF00FFA50010600D1FD0761C0106389901508C85000100C800300001000DDBCD0301839A8245009C0A10,PASS,"PASS, {1: 1, 2: 1, 3: 1, 4: 1, 5: 1, 6: 1, 7: 1, 8: 1, 9: 1, 10: 1, 11: 1}","PASS, {1: 1, 2: 1, 3: 1, 4: 1, 5: 1, 6: 1, 7: 1, 8: 1, 9: 1, 10: 1}","PASS , {1: 1, 2: 1, 3: 1, 4: 1, 5: 1, 6: 1, 7: 1, 8: 1} ","PASS , {1: 1, 2: 1, 3: 1, 4: 1} ",11:25:25_14-07-25
315,287,8002,004637,"BV25282310372 , T252716067 ",FF00FFA50010600D1FD0761C0106389901508C85000100C800300001000DDBCD0301839A8245009C0A10,PASS,"PASS, {1: 1, 2: 1, 3: 1, 4: 1, 5: 1, 6: 1, 7: 1, 8: 1, 9: 1, 10: 1, 11: 1}","FAIL, {1: 0, 2: 1, 3: 1, 4: 1, 5: 1, 6: 1, 7: 1, 8: 1, 9: 1, 10: 1}","PASS , {1: 1, 2: 1, 3: 1, 4: 1, 5: 1, 6: 1, 7: 1, 8: 1} ","PASS , {1: 1, 2: 1, 3: 1, 4: 1} ",11:26:35_14-07-25
316,288,8002,004637,"BV25282310374 , T252718373 ",FF00FFA50010600D1FD0761C0106389901508C85000100C800300001000DDBCD0301839A8245009C0A10,PASS,"PASS, {1: 1, 2: 1, 3: 1, 4: 1, 5: 1, 6: 1, 7: 1, 8: 1, 9: 1, 10: 1, 11: 1}","PASS, {1: 1, 2: 1, 3: 1, 4: 1, 5: 1, 6: 1, 7: 1, 8: 1, 9: 1, 10: 1}","PASS , {1: 1, 2: 1, 3: 1, 4: 1, 5: 1, 6: 1, 7: 1, 8: 1} ","PASS , {1: 1, 2: 1, 3: 1, 4: 1} ",11:27:44_14-07-25
317,289,8002,004637,"BV25282310375 , T252718372 ",FF00FFA50010600D1FD0761C0106389901508C85000100C800300001000DDBCD0301839A8245009C0A10,PASS,"PASS, {1: 1, 2: 1, 3: 1, 4: 1, 5: 1, 6: 1, 7: 1, 8: 1, 9: 1, 10: 1, 11: 1}","PASS, {1: 1, 2: 1, 3: 1, 4: 1, 5: 1, 6: 1, 7: 1, 8: 1, 9: 1, 10: 1}","PASS , {1: 1, 2: 1, 3: 1, 4: 1, 5: 1, 6: 1, 7: 1, 8: 1} ","PASS , {1: 1, 2: 1, 3: 1, 4: 1} ",11:28:56_14-07-25
318,290,8002,004637,"BV25282310369 , T252715849 ",FF00FFA50010600D1FD0761C0106389901508C85000100C800300001000DDBCD0301839A8245009C0A10,PASS,"PASS, {1: 1, 2: 1, 3: 1, 4: 1, 5: 1, 6: 1, 7: 1, 8: 1, 9: 1, 10: 1, 11: 1}","PASS, {1: 1, 2: 1, 3: 1, 4: 1, 5: 1, 6: 1, 7: 1, 8: 1, 9: 1, 10: 1}","PASS , {1: 1, 2: 1, 3: 1, 4: 1, 5: 1, 6: 1, 7: 1, 8: 1} ","PASS , {1: 1, 2: 1, 3: 1, 4: 1} ",11:30:19_14-07-25
319,291,8002,004637,"BV25282310365 , T252715851 ",FF00FFA50010600D1FD0761C0106389901508C85000100C800300001000DDBCD0301839A8245009C0A10,PASS,"PASS, {1: 1, 2: 1, 3: 1, 4: 1, 5: 1, 6: 1, 7: 1, 8: 1, 9: 1, 10: 1, 11: 1}","PASS, {1: 1, 2: 1, 3: 1, 4: 1, 5: 1, 6: 1, 7: 1, 8: 1, 9: 1, 10: 1}","PASS , {1: 1, 2: 1, 3: 1, 4: 1, 5: 1, 6: 1, 7: 1, 8: 1} ","PASS , {1: 1, 2: 1, 3: 1, 4: 1} ",11:31:29_14-07-25
320,292,8002,004637,"BV25282310347 , T252716158 ",FF00FFA50010600D1FD0761C0106389901508C85000100C800300001000DDBCD0301839A8245009C0A10,PASS,"PASS, {1: 1, 2: 1, 3: 1, 4: 1, 5: 1, 6: 1, 7: 1, 8: 1, 9: 1, 10: 1, 11: 1}","PASS, {1: 1, 2: 1, 3: 1, 4: 1, 5: 1, 6: 1, 7: 1, 8: 1, 9: 1, 10: 1}","PASS , {1: 1, 2: 1, 3: 1, 4: 1, 5: 1, 6: 1, 7: 1, 8: 1} ","PASS , {1: 1, 2: 1, 3: 1, 4: 1} ",11:32:39_14-07-25
321,293,8002,004637,"BV25282310399 , T252718382 ",FF00FFA50010600D1FD0761C0106389901508C85000100C800300001000DDBCD0301839A8245009C0A10,PASS,"PASS, {1: 1, 2: 1, 3: 1, 4: 1, 5: 1, 6: 1, 7: 1, 8: 1, 9: 1, 10: 1, 11: 1}","PASS, {1: 1, 2: 1, 3: 1, 4: 1, 5: 1, 6: 1, 7: 1, 8: 1, 9: 1, 10: 1}","PASS , {1: 1, 2: 1, 3: 1, 4: 1, 5: 1, 6: 1, 7: 1, 8: 1} ","PASS , {1: 1, 2: 1, 3: 1, 4: 1} ",11:33:47_14-07-25
322,294,8002,004637,"BV25282310356 , T252716647 ",FF00FFA50010600D1FD0761C0106389901508C85000100C800300001000DDBCD0301839A8245009C0A10,PASS,"PASS, {1: 1, 2: 1, 3: 1, 4: 1, 5: 1, 6: 1, 7: 1, 8: 1, 9: 1, 10: 1, 11: 1}","PASS, {1: 1, 2: 1, 3: 1, 4: 1, 5: 1, 6: 1, 7: 1, 8: 1, 9: 1, 10: 1}","PASS , {1: 1, 2: 1, 3: 1, 4: 1, 5: 1, 6: 1, 7: 1, 8: 1} ","PASS , {1: 1, 2: 1, 3: 1, 4: 1} ",11:34:56_14-07-25
323,295,8002,004637,"BV25282310354 , T252716651 ",FF00FFA50010600D1FD0761C0106389901508C85000100C800300001000DDBCD0301839A8245009C0A10,PASS,"PASS, {1: 1, 2: 1, 3: 1, 4: 1, 5: 1, 6: 1, 7: 1, 8: 1, 9: 1, 10: 1, 11: 1}","PASS, {1: 1, 2: 1, 3: 1, 4: 1, 5: 1, 6: 1, 7: 1, 8: 1, 9: 1, 10: 1}","PASS , {1: 1, 2: 1, 3: 1, 4: 1, 5: 1, 6: 1, 7: 1, 8: 1} ","PASS , {1: 1, 2: 1, 3: 1, 4: 1} ",11:36:12_14-07-25
324,296,8002,004637,"BV25282310352 , T252715858 ",FF00FFA50010600D1FD0761C0106389901508C85000100C800300001000DDBCD0301839A8245009C0A10,PASS,"PASS, {1: 1, 2: 1, 3: 1, 4: 1, 5: 1, 6: 1, 7: 1, 8: 1, 9: 1, 10: 1, 11: 1}","PASS, {1: 1, 2: 1, 3: 1, 4: 1, 5: 1, 6: 1, 7: 1, 8: 1, 9: 1, 10: 1}","PASS , {1: 1, 2: 1, 3: 1, 4: 1, 5: 1, 6: 1, 7: 1, 8: 1} ","PASS , {1: 1, 2: 1, 3: 1, 4: 1} ",11:39:59_14-07-25
325,297,8002,004637,"BV25282310234 , T252211499 ",FF00FFA50010600D1FD0761C0106389901508C85000100C800300001000DDBCD0301839A8245009C0A10,PASS,"PASS, {1: 1, 2: 1, 3: 1, 4: 1, 5: 1, 6: 1, 7: 1, 8: 1, 9: 1, 10: 1, 11: 1}","PASS, {1: 1, 2: 1, 3: 1, 4: 1, 5: 1, 6: 1, 7: 1, 8: 1, 9: 1, 10: 1}","PASS , {1: 1, 2: 1, 3: 1, 4: 1, 5: 1, 6: 1, 7: 1, 8: 1} ","PASS , {1: 1, 2: 1, 3: 1, 4: 1} ",11:41:13_14-07-25
326,298,8002,004637,"BV25282310232 , T252209743 ",FF00FFA50010600D1FD0761C0106389901508C85000100C800300001000DDBCD0301839A8245009C0A10,PASS,"PASS, {1: 1, 2: 1, 3: 1, 4: 1, 5: 1, 6: 1, 7: 1, 8: 1, 9: 1, 10: 1, 11: 1}","PASS, {1: 1, 2: 1, 3: 1, 4: 1, 5: 1, 6: 1, 7: 1, 8: 1, 9: 1, 10: 1}","PASS , {1: 1, 2: 1, 3: 1, 4: 1, 5: 1, 6: 1, 7: 1, 8: 1} ","PASS , {1: 1, 2: 1, 3: 1, 4: 1} ",11:42:24_14-07-25
327,299,8002,004637,"BV25282310230 , T252211231 ",FF00FFA50010600D1FD0761C0106389901508C85000100C800300001000DDBCD0301839A8245009C0A10,PASS,"PASS, {1: 1, 2: 1, 3: 1, 4: 1, 5: 1, 6: 1, 7: 1, 8: 1, 9: 1, 10: 1, 11: 1}","PASS, {1: 1, 2: 1, 3: 1, 4: 1, 5: 1, 6: 1, 7: 1, 8: 1, 9: 1, 10: 1}","PASS , {1: 1, 2: 1, 3: 1, 4: 1, 5: 1, 6: 1, 7: 1, 8: 1} ","PASS , {1: 1, 2: 1, 3: 1, 4: 1} ",11:43:38_14-07-25
328,300,8002,004637,"BV25282310226 , T252209178 ",FF00FFA50010600D1FD0761C0106389901508C85000100C800300001000DDBCD0301839A8245009C0A10,PASS,"PASS, {1: 1, 2: 1, 3: 1, 4: 1, 5: 1, 6: 1, 7: 1, 8: 1, 9: 1, 10: 1, 11: 1}","PASS, {1: 1, 2: 1, 3: 1, 4: 1, 5: 1, 6: 1, 7: 1, 8: 1, 9: 1, 10: 1}","PASS , {1: 1, 2: 1, 3: 1, 4: 1, 5: 1, 6: 1, 7: 1, 8: 1} ","PASS , {1: 1, 2: 1, 3: 1, 4: 1} ",11:44:49_14-07-25
329,301,8002,004637,"BV25282310382 , T252715808 ",FF00FFA50010600D1FD0761C0106389901508C85000100C800300001000DDBCD0301839A8245009C0A10,PASS,"PASS, {1: 1, 2: 1, 3: 1, 4: 1, 5: 1, 6: 1, 7: 1, 8: 1, 9: 1, 10: 1, 11: 1}","PASS, {1: 1, 2: 1, 3: 1, 4: 1, 5: 1, 6: 1, 7: 1, 8: 1, 9: 1, 10: 1}","PASS , {1: 1, 2: 1, 3: 1, 4: 1, 5: 1, 6: 1, 7: 1, 8: 1} ","PASS , {1: 1, 2: 1, 3: 1, 4: 1} ",11:46:14_14-07-25
330,302,8002,004637,"BV25282310384 , T252716471 ",FF00FFA50010600D1FD0761C0106389901508C85000100C800300001000DDBCD0301839A8245009C0A10,PASS,"PASS, {1: 1, 2: 1, 3: 1, 4: 1, 5: 1, 6: 1, 7: 1, 8: 1, 9: 1, 10: 1, 11: 1}","PASS, {1: 1, 2: 1, 3: 1, 4: 1, 5: 1, 6: 1, 7: 1, 8: 1, 9: 1, 10: 1}","PASS , {1: 1, 2: 1, 3: 1, 4: 1, 5: 1, 6: 1, 7: 1, 8: 1} ","PASS , {1: 1, 2: 1, 3: 1, 4: 1} ",11:47:23_14-07-25
331,303,8002,004637,"BV25282310386 , T252718429 ",FF00FFA50010600D1FD0761C0106389901508C85000100C800300001000DDBCD0301839A8245009C0A10,PASS,"PASS, {1: 1, 2: 1, 3: 1, 4: 1, 5: 1, 6: 1, 7: 1, 8: 1, 9: 1, 10: 1, 11: 1}","PASS, {1: 1, 2: 1, 3: 1, 4: 1, 5: 1, 6: 1, 7: 1, 8: 1, 9: 1, 10: 1}","PASS , {1: 1, 2: 1, 3: 1, 4: 1, 5: 1, 6: 1, 7: 1, 8: 1} ","PASS , {1: 1, 2: 1, 3: 1, 4: 1} ",11:48:32_14-07-25
332,304,8002,004637,"BV25282310388 , T252718433 ",FF00FFA50010600D1FD0761C0106389901508C85000100C800300001000DDBCD0301839A8245009C0A10,PASS,"PASS, {1: 1, 2: 1, 3: 1, 4: 1, 5: 1, 6: 1, 7: 1, 8: 1, 9: 1, 10: 1, 11: 1}","PASS, {1: 1, 2: 1, 3: 1, 4: 1, 5: 1, 6: 1, 7: 1, 8: 1, 9: 1, 10: 1}","PASS , {1: 1, 2: 1, 3: 1, 4: 1, 5: 1, 6: 1, 7: 1, 8: 1} ","PASS , {1: 1, 2: 1, 3: 1, 4: 1} ",11:49:53_14-07-25
333,305,8002,004637,"BV25282310387 , T252716083 ",FF00FFA50010600D1FD0761C0106389901508C85000100C800300001000DDBCD0301839A8245009C0A10,PASS,"PASS, {1: 1, 2: 1, 3: 1, 4: 1, 5: 1, 6: 1, 7: 1, 8: 1, 9: 1, 10: 1, 11: 1}","PASS, {1: 1, 2: 1, 3: 1, 4: 1, 5: 1, 6: 1, 7: 1, 8: 1, 9: 1, 10: 1}","PASS , {1: 1, 2: 1, 3: 1, 4: 1, 5: 1, 6: 1, 7: 1, 8: 1} ","PASS , {1: 1, 2: 1, 3: 1, 4: 1} ",11:51:11_14-07-25
334,306,8002,004637,"BV25282310385 , T252715857 ",FF00FFA50010600D1FD0761C0106389901508C85000100C800300001000DDBCD0301839A8245009C0A10,PASS,"PASS, {1: 1, 2: 1, 3: 1, 4: 1, 5: 1, 6: 1, 7: 1, 8: 1, 9: 1, 10: 1, 11: 1}","PASS, {1: 1, 2: 1, 3: 1, 4: 1, 5: 1, 6: 1, 7: 1, 8: 1, 9: 1, 10: 1}","PASS , {1: 1, 2: 1, 3: 1, 4: 1, 5: 1, 6: 1, 7: 1, 8: 1} ","PASS , {1: 1, 2: 1, 3: 1, 4: 1} ",11:52:33_14-07-25
335,307,8002,004637,"BV25282310383 , T252716475 ",FF00FFA50010600D1FD0761C0106389901508C85000100C800300001000DDBCD0301839A8245009C0A10,PASS,"PASS, {1: 1, 2: 1, 3: 1, 4: 1, 5: 1, 6: 1, 7: 1, 8: 1, 9: 1, 10: 1, 11: 1}","PASS, {1: 1, 2: 1, 3: 1, 4: 1, 5: 1, 6: 1, 7: 1, 8: 1, 9: 1, 10: 1}","PASS , {1: 1, 2: 1, 3: 1, 4: 1, 5: 1, 6: 1, 7: 1, 8: 1} ","PASS , {1: 1, 2: 1, 3: 1, 4: 1} ",11:53:43_14-07-25
336,308,8002,004637,"BV25282310392 , T252716470 ",FF00FFA50010600D1FD0761C0106389901508C85000100C800300001000DDBCD0301839A8245009C0A10,PASS,"PASS, {1: 1, 2: 1, 3: 1, 4: 1, 5: 1, 6: 1, 7: 1, 8: 1, 9: 1, 10: 1, 11: 1}","PASS, {1: 1, 2: 1, 3: 1, 4: 1, 5: 1, 6: 1, 7: 1, 8: 1, 9: 1, 10: 1}","PASS , {1: 1, 2: 1, 3: 1, 4: 1, 5: 1, 6: 1, 7: 1, 8: 1} ","PASS , {1: 1, 2: 1, 3: 1, 4: 1} ",11:54:56_14-07-25
337,309,8002,004637,"BV25282310176 , T252208983 ",FF00FFA50010600D1FD0761C0106389901508C85000100C800300001000DDBCD0301839A8245009C0A10,PASS,"PASS, {1: 1, 2: 1, 3: 1, 4: 1, 5: 1, 6: 1, 7: 1, 8: 1, 9: 1, 10: 1, 11: 1}","PASS, {1: 1, 2: 1, 3: 1, 4: 1, 5: 1, 6: 1, 7: 1, 8: 1, 9: 1, 10: 1}","PASS , {1: 1, 2: 1, 3: 1, 4: 1, 5: 1, 6: 1, 7: 1, 8: 1} ","PASS , {1: 1, 2: 1, 3: 1, 4: 1} ",11:56:18_14-07-25
338,310,8002,004637,"BV25282310405 , T252802097 ",FF00FFA50010600D1FD0761C0106389901508C85000100C800300001000DDBCD0301839A8245009C0A10,PASS,"PASS, {1: 1, 2: 1, 3: 1, 4: 1, 5: 1, 6: 1, 7: 1, 8: 1, 9: 1, 10: 1, 11: 1}","PASS, {1: 1, 2: 1, 3: 1, 4: 1, 5: 1, 6: 1, 7: 1, 8: 1, 9: 1, 10: 1}","PASS , {1: 1, 2: 1, 3: 1, 4: 1, 5: 1, 6: 1, 7: 1, 8: 1} ","PASS , {1: 1, 2: 1, 3: 1, 4: 1} ",12:00:28_14-07-25
339,311,8002,004637,"BV25282310407 , T252802096 ",FF00FFA50010600D1FD0761C0106389901508C85000100C800300001000DDBCD0301839A8245009C0A10,PASS,"PASS, {1: 1, 2: 1, 3: 1, 4: 1, 5: 1, 6: 1, 7: 1, 8: 1, 9: 1, 10: 1, 11: 1}","PASS, {1: 1, 2: 1, 3: 1, 4: 1, 5: 1, 6: 1, 7: 1, 8: 1, 9: 1, 10: 1}","PASS , {1: 1, 2: 1, 3: 1, 4: 1, 5: 1, 6: 1, 7: 1, 8: 1} ","PASS , {1: 1, 2: 1, 3: 1, 4: 1} ",12:01:38_14-07-25
340,312,8002,004637,"BV25282310397 , T252716069 ",FF00FFA50010600D1FD0761C0106389901508C85000100C800300001000DDBCD0301839A8245009C0A10,PASS,"PASS, {1: 1, 2: 1, 3: 1, 4: 1, 5: 1, 6: 1, 7: 1, 8: 1, 9: 1, 10: 1, 11: 1}","PASS, {1: 1, 2: 1, 3: 1, 4: 1, 5: 1, 6: 1, 7: 1, 8: 1, 9: 1, 10: 1}","PASS , {1: 1, 2: 1, 3: 1, 4: 1, 5: 1, 6: 1, 7: 1, 8: 1} ","PASS , {1: 1, 2: 1, 3: 1, 4: 1} ",12:02:50_14-07-25
341,313,8002,004637,"BV25282310408 , T252802094 ",FF00FFA50010600D1FD0761C0106389901508C85000100C800300001000DDBCD0301839A8245009C0A10,PASS,"PASS, {1: 1, 2: 1, 3: 1, 4: 1, 5: 1, 6: 1, 7: 1, 8: 1, 9: 1, 10: 1, 11: 1}","PASS, {1: 1, 2: 1, 3: 1, 4: 1, 5: 1, 6: 1, 7: 1, 8: 1, 9: 1, 10: 1}","PASS , {1: 1, 2: 1, 3: 1, 4: 1, 5: 1, 6: 1, 7: 1, 8: 1} ","PASS , {1: 1, 2: 1, 3: 1, 4: 1} ",12:04:29_14-07-25
342,314,8002,004637,"BV25282310409 , T252802090 ",FF00FFA50010600D1FD0761C0106389901508C85000100C800300001000DDBCD0301839A8245009C0A10,PASS,"PASS, {1: 1, 2: 1, 3: 1, 4: 1, 5: 1, 6: 1, 7: 1, 8: 1, 9: 1, 10: 1, 11: 1}","PASS, {1: 1, 2: 1, 3: 1, 4: 1, 5: 1, 6: 1, 7: 1, 8: 1, 9: 1, 10: 1}","PASS , {1: 1, 2: 1, 3: 1, 4: 1, 5: 1, 6: 1, 7: 1, 8: 1} ","PASS , {1: 1, 2: 1, 3: 1, 4: 1} ",12:05:39_14-07-25
343,315,8002,004637,"BV25282310430 , T252718432 ",FF00FFA50010600D1FD0761C0106389901508C85000100C800300001000DDBCD0301839A8245009C0A10,PASS,"PASS, {1: 1, 2: 1, 3: 1, 4: 1, 5: 1, 6: 1, 7: 1, 8: 1, 9: 1, 10: 1, 11: 1}","PASS, {1: 1, 2: 1, 3: 1, 4: 1, 5: 1, 6: 1, 7: 1, 8: 1, 9: 1, 10: 1}","PASS , {1: 1, 2: 1, 3: 1, 4: 1, 5: 1, 6: 1, 7: 1, 8: 1} ","PASS , {1: 1, 2: 1, 3: 1, 4: 1} ",12:06:52_14-07-25
344,316,8002,004637,"BV25282310427 , T252716245 ",FF00FFA50010600D1FD0761C0106389901508C85000100C800300001000DDBCD0301839A8245009C0A10,PASS,"PASS, {1: 1, 2: 1, 3: 1, 4: 1, 5: 1, 6: 1, 7: 1, 8: 1, 9: 1, 10: 1, 11: 1}","PASS, {1: 1, 2: 1, 3: 1, 4: 1, 5: 1, 6: 1, 7: 1, 8: 1, 9: 1, 10: 1}","PASS , {1: 1, 2: 1, 3: 1, 4: 1, 5: 1, 6: 1, 7: 1, 8: 1} ","PASS , {1: 1, 2: 1, 3: 1, 4: 1} ",12:08:11_14-07-25
345,317,8002,004637,"BV25282310428 , T252718431 ",FF00FFA50010600D1FD0761C0106389901508C85000100C800300001000DDBCD0301839A8245009C0A10,PASS,"PASS, {1: 1, 2: 1, 3: 1, 4: 1, 5: 1, 6: 1, 7: 1, 8: 1, 9: 1, 10: 1, 11: 1}","PASS, {1: 1, 2: 1, 3: 1, 4: 1, 5: 1, 6: 1, 7: 1, 8: 1, 9: 1, 10: 1}","PASS , {1: 1, 2: 1, 3: 1, 4: 1, 5: 1, 6: 1, 7: 1, 8: 1} ","PASS , {1: 1, 2: 1, 3: 1, 4: 1} ",12:09:21_14-07-25
346,318,8002,004637,"BV25282310424 , T252716243 ",FF00FFA50010600D1FD0761C0106389901508C85000100C800300001000DDBCD0301839A8245009C0A10,PASS,"PASS, {1: 1, 2: 1, 3: 1, 4: 1, 5: 1, 6: 1, 7: 1, 8: 1, 9: 1, 10: 1, 11: 1}","PASS, {1: 1, 2: 1, 3: 1, 4: 1, 5: 1, 6: 1, 7: 1, 8: 1, 9: 1, 10: 1}","PASS , {1: 1, 2: 1, 3: 1, 4: 1, 5: 1, 6: 1, 7: 1, 8: 1} ","PASS , {1: 1, 2: 1, 3: 1, 4: 1} ",12:10:39_14-07-25
347,319,8002,004637,"BV25282310417 , T252802099 ",FF00FFA50010600D1FD0761C0106389901508C85000100C800300001000DDBCD0301839A8245009C0A10,PASS,"PASS, {1: 1, 2: 1, 3: 1, 4: 1, 5: 1, 6: 1, 7: 1, 8: 1, 9: 1, 10: 1, 11: 1}","PASS, {1: 1, 2: 1, 3: 1, 4: 1, 5: 1, 6: 1, 7: 1, 8: 1, 9: 1, 10: 1}","PASS , {1: 1, 2: 1, 3: 1, 4: 1, 5: 1, 6: 1, 7: 1, 8: 1} ","PASS , {1: 1, 2: 1, 3: 1, 4: 1} ",12:11:53_14-07-25
348,320,8002,004637,"BV25282310415 , T252802354 ",FF00FFA50010600D1FD0761C0106389901508C85000100C800300001000DDBCD0301839A8245009C0A10,PASS,"PASS, {1: 1, 2: 1, 3: 1, 4: 1, 5: 1, 6: 1, 7: 1, 8: 1, 9: 1, 10: 1, 11: 1}","PASS, {1: 1, 2: 1, 3: 1, 4: 1, 5: 1, 6: 1, 7: 1, 8: 1, 9: 1, 10: 1}","PASS , {1: 1, 2: 1, 3: 1, 4: 1, 5: 1, 6: 1, 7: 1, 8: 1} ","PASS , {1: 1, 2: 1, 3: 1, 4: 1} ",12:13:03_14-07-25
349,321,8002,004637,"BV25282310414 , T252802095 ",FF00FFA50010600D1FD0761C0106389901508C85000100C800300001000DDBCD0301839A8245009C0A10,PASS,"PASS, {1: 1, 2: 1, 3: 1, 4: 1, 5: 1, 6: 1, 7: 1, 8: 1, 9: 1, 10: 1, 11: 1}","PASS, {1: 1, 2: 1, 3: 1, 4: 1, 5: 1, 6: 1, 7: 1, 8: 1, 9: 1, 10: 1}","PASS , {1: 1, 2: 1, 3: 1, 4: 1, 5: 1, 6: 1, 7: 1, 8: 1} ","PASS , {1: 1, 2: 1, 3: 1, 4: 1} ",12:14:13_14-07-25
350,322,8002,004637,"BV25282310412 , T252802356 ",FF00FFA50010600D1FD0761C0106389901508C85000100C800300001000DDBCD0301839A8245009C0A10,PASS,"PASS, {1: 1, 2: 1, 3: 1, 4: 1, 5: 1, 6: 1, 7: 1, 8: 1, 9: 1, 10: 1, 11: 1}","PASS, {1: 1, 2: 1, 3: 1, 4: 1, 5: 1, 6: 1, 7: 1, 8: 1, 9: 1, 10: 1}","PASS , {1: 1, 2: 1, 3: 1, 4: 1, 5: 1, 6: 1, 7: 1, 8: 1} ","PASS , {1: 1, 2: 1, 3: 1, 4: 1} ",12:15:27_14-07-25
351,323,8002,004637,"BV25282310411 , T252802265 ",FF00FFA50010600D1FD0761C0106389901508C85000100C800300001000DDBCD0301839A8245009C0A10,PASS,"PASS, {1: 1, 2: 1, 3: 1, 4: 1, 5: 1, 6: 1, 7: 1, 8: 1, 9: 1, 10: 1, 11: 1}","PASS, {1: 1, 2: 1, 3: 1, 4: 1, 5: 1, 6: 1, 7: 1, 8: 1, 9: 1, 10: 1}","PASS , {1: 1, 2: 1, 3: 1, 4: 1, 5: 1, 6: 1, 7: 1, 8: 1} ","PASS , {1: 1, 2: 1, 3: 1, 4: 1} ",12:16:45_14-07-25
352,324,8002,004637,"BV25282310398 , T252716253 ",FF00FFA50010600D1FD0761C0106389901508C85000100C800300001000DDBCD0301839A8245009C0A10,PASS,"PASS, {1: 1, 2: 1, 3: 1, 4: 1, 5: 1, 6: 1, 7: 1, 8: 1, 9: 1, 10: 1, 11: 1}","PASS, {1: 1, 2: 1, 3: 1, 4: 1, 5: 1, 6: 1, 7: 1, 8: 1, 9: 1, 10: 1}","PASS , {1: 1, 2: 1, 3: 1, 4: 1, 5: 1, 6: 1, 7: 1, 8: 1} ","PASS , {1: 1, 2: 1, 3: 1, 4: 1} ",12:17:57_14-07-25
353,325,8002,004637,"BV25282310421 , T252718371 ",FF00FFA50010600D1FD0761C0106389901508C85000100C800300001000DDBCD0301839A8245009C0A10,PASS,"PASS, {1: 1, 2: 1, 3: 1, 4: 1, 5: 1, 6: 1, 7: 1, 8: 1, 9: 1, 10: 1, 11: 1}","PASS, {1: 1, 2: 1, 3: 1, 4: 1, 5: 1, 6: 1, 7: 1, 8: 1, 9: 1, 10: 1}","PASS , {1: 1, 2: 1, 3: 1, 4: 1, 5: 1, 6: 1, 7: 1, 8: 1} ","PASS , {1: 1, 2: 1, 3: 1, 4: 1} ",12:19:09_14-07-25
354,325,8002,004637,"BV25282310420 , T252802353 ",FF00FFA50010600D1FD0761C0106389901508C85000100C800300001000DDBCD0301839A8245009C0A10,PASS,"PASS, {1: 1, 2: 1, 3: 1, 4: 1, 5: 1, 6: 1, 7: 1, 8: 1, 9: 1, 10: 1, 11: 1}","FAIL, {1: 0, 2: 1, 3: 1, 4: 1, 5: 1, 6: 1, 7: 1, 8: 1, 9: 1, 10: 1}","PASS , {1: 1, 2: 1, 3: 1, 4: 1, 5: 1, 6: 1, 7: 1, 8: 1} ","PASS , {1: 1, 2: 1, 3: 1, 4: 1} ",12:20:18_14-07-25
355,326,8002,004637,"BV25282310404 , T252716065 ",FF00FFA50010600D1FD0761C0106389901508C85000100C800300001000DDBCD0301839A8245009C0A10,PASS,"PASS, {1: 1, 2: 1, 3: 1, 4: 1, 5: 1, 6: 1, 7: 1, 8: 1, 9: 1, 10: 1, 11: 1}","PASS, {1: 1, 2: 1, 3: 1, 4: 1, 5: 1, 6: 1, 7: 1, 8: 1, 9: 1, 10: 1}","PASS , {1: 1, 2: 1, 3: 1, 4: 1, 5: 1, 6: 1, 7: 1, 8: 1} ","PASS , {1: 1, 2: 1, 3: 1, 4: 1} ",12:21:29_14-07-25
356,327,8002,004637,"BV25282310403 , T252802268 ",FF00FFA50010600D1FD0761C0106389901508C85000100C800300001000DDBCD0301839A8245009C0A10,PASS,"PASS, {1: 1, 2: 1, 3: 1, 4: 1, 5: 1, 6: 1, 7: 1, 8: 1, 9: 1, 10: 1, 11: 1}","PASS, {1: 1, 2: 1, 3: 1, 4: 1, 5: 1, 6: 1, 7: 1, 8: 1, 9: 1, 10: 1}","PASS , {1: 1, 2: 1, 3: 1, 4: 1, 5: 1, 6: 1, 7: 1, 8: 1} ","PASS , {1: 1, 2: 1, 3: 1, 4: 1} ",12:22:40_14-07-25
357,328,8002,004637,"BV25282310433 , T252716080 ",FF00FFA50010600D1FD0761C0106389901508C85000100C800300001000DDBCD0301839A8245009C0A10,PASS,"PASS, {1: 1, 2: 1, 3: 1, 4: 1, 5: 1, 6: 1, 7: 1, 8: 1, 9: 1, 10: 1, 11: 1}","PASS, {1: 1, 2: 1, 3: 1, 4: 1, 5: 1, 6: 1, 7: 1, 8: 1, 9: 1, 10: 1}","PASS , {1: 1, 2: 1, 3: 1, 4: 1, 5: 1, 6: 1, 7: 1, 8: 1} ","PASS , {1: 1, 2: 1, 3: 1, 4: 1} ",12:23:49_14-07-25
358,329,8002,004637,"BV25282310435 , T252718434 ",FF00FFA50010600D1FD0761C0106389901508C85000100C800300001000DDBCD0301839A8245009C0A10,PASS,"PASS, {1: 1, 2: 1, 3: 1, 4: 1, 5: 1, 6: 1, 7: 1, 8: 1, 9: 1, 10: 1, 11: 1}","PASS, {1: 1, 2: 1, 3: 1, 4: 1, 5: 1, 6: 1, 7: 1, 8: 1, 9: 1, 10: 1}","PASS , {1: 1, 2: 1, 3: 1, 4: 1, 5: 1, 6: 1, 7: 1, 8: 1} ","PASS , {1: 1, 2: 1, 3: 1, 4: 1} ",12:24:59_14-07-25
359,330,8002,004637,"BV25282310438 , T252802054 ",FF00FFA50010600D1FD0761C0106389901508C85000100C800300001000DDBCD0301839A8245009C0A10,PASS,"PASS, {1: 1, 2: 1, 3: 1, 4: 1, 5: 1, 6: 1, 7: 1, 8: 1, 9: 1, 10: 1, 11: 1}","PASS, {1: 1, 2: 1, 3: 1, 4: 1, 5: 1, 6: 1, 7: 1, 8: 1, 9: 1, 10: 1}","PASS , {1: 1, 2: 1, 3: 1, 4: 1, 5: 1, 6: 1, 7: 1, 8: 1} ","PASS , {1: 1, 2: 1, 3: 1, 4: 1} ",12:26:12_14-07-25
360,331,8002,004637,"BV25282310422 , T252715848 ",FF00FFA50010600D1FD0761C0106389901508C85000100C800300001000DDBCD0301839A8245009C0A10,PASS,"PASS, {1: 1, 2: 1, 3: 1, 4: 1, 5: 1, 6: 1, 7: 1, 8: 1, 9: 1, 10: 1, 11: 1}","PASS, {1: 1, 2: 1, 3: 1, 4: 1, 5: 1, 6: 1, 7: 1, 8: 1, 9: 1, 10: 1}","PASS , {1: 1, 2: 1, 3: 1, 4: 1, 5: 1, 6: 1, 7: 1, 8: 1} ","PASS , {1: 1, 2: 1, 3: 1, 4: 1} ",12:27:21_14-07-25
361,332,8002,004637,"BV25282310440 , T252802055 ",FF00FFA50010600D1FD0761C0106389901508C85000100C800300001000DDBCD0301839A8245009C0A10,PASS,"PASS, {1: 1, 2: 1, 3: 1, 4: 1, 5: 1, 6: 1, 7: 1, 8: 1, 9: 1, 10: 1, 11: 1}","PASS, {1: 1, 2: 1, 3: 1, 4: 1, 5: 1, 6: 1, 7: 1, 8: 1, 9: 1, 10: 1}","PASS , {1: 1, 2: 1, 3: 1, 4: 1, 5: 1, 6: 1, 7: 1, 8: 1} ","PASS , {1: 1, 2: 1, 3: 1, 4: 1} ",12:28:37_14-07-25
362,333,8002,004637,"BV25282310441 , T252802112 ",FF00FFA50010600D1FD0761C0106389901508C85000100C800300001000DDBCD0301839A8245009C0A10,PASS,"PASS, {1: 1, 2: 1, 3: 1, 4: 1, 5: 1, 6: 1, 7: 1, 8: 1, 9: 1, 10: 1, 11: 1}","PASS, {1: 1, 2: 1, 3: 1, 4: 1, 5: 1, 6: 1, 7: 1, 8: 1, 9: 1, 10: 1}","PASS , {1: 1, 2: 1, 3: 1, 4: 1, 5: 1, 6: 1, 7: 1, 8: 1} ","PASS , {1: 1, 2: 1, 3: 1, 4: 1} ",12:29:53_14-07-25
363,334,8002,004637,"BV25282310437 , T252802056 ",FF00FFA50010600D1FD0761C0106389901508C85000100C800300001000DDBCD0301839A8245009C0A10,PASS,"PASS, {1: 1, 2: 1, 3: 1, 4: 1, 5: 1, 6: 1, 7: 1, 8: 1, 9: 1, 10: 1, 11: 1}","PASS, {1: 1, 2: 1, 3: 1, 4: 1, 5: 1, 6: 1, 7: 1, 8: 1, 9: 1, 10: 1}","PASS , {1: 1, 2: 1, 3: 1, 4: 1, 5: 1, 6: 1, 7: 1, 8: 1} ","PASS , {1: 1, 2: 1, 3: 1, 4: 1} ",12:31:07_14-07-25
364,335,8002,004637,"BV25282310439 , T252802050 ",FF00FFA50010600D1FD0761C0106389901508C85000100C800300001000DDBCD0301839A8245009C0A10,PASS,"PASS, {1: 1, 2: 1, 3: 1, 4: 1, 5: 1, 6: 1, 7: 1, 8: 1, 9: 1, 10: 1, 11: 1}","PASS, {1: 1, 2: 1, 3: 1, 4: 1, 5: 1, 6: 1, 7: 1, 8: 1, 9: 1, 10: 1}","PASS , {1: 1, 2: 1, 3: 1, 4: 1, 5: 1, 6: 1, 7: 1, 8: 1} ","PASS , {1: 1, 2: 1, 3: 1, 4: 1} ",12:32:16_14-07-25
365,336,8002,004637,"BV25282310423 , T252715847 ",FF00FFA50010600D1FD0761C0106389901508C85000100C800300001000DDBCD0301839A8245009C0A10,PASS,"PASS, {1: 1, 2: 1, 3: 1, 4: 1, 5: 1, 6: 1, 7: 1, 8: 1, 9: 1, 10: 1, 11: 1}","PASS, {1: 1, 2: 1, 3: 1, 4: 1, 5: 1, 6: 1, 7: 1, 8: 1, 9: 1, 10: 1}","PASS , {1: 1, 2: 1, 3: 1, 4: 1, 5: 1, 6: 1, 7: 1, 8: 1} ","PASS , {1: 1, 2: 1, 3: 1, 4: 1} ",12:35:08_14-07-25
366,337,8002,004637,"BV25282310400 , T252718381 ",FF00FFA50010600D1FD0761C0106389901508C85000100C800300001000DDBCD0301839A8245009C0A10,PASS,"PASS, {1: 1, 2: 1, 3: 1, 4: 1, 5: 1, 6: 1, 7: 1, 8: 1, 9: 1, 10: 1, 11: 1}","PASS, {1: 1, 2: 1, 3: 1, 4: 1, 5: 1, 6: 1, 7: 1, 8: 1, 9: 1, 10: 1}","PASS , {1: 1, 2: 1, 3: 1, 4: 1, 5: 1, 6: 1, 7: 1, 8: 1} ","PASS , {1: 1, 2: 1, 3: 1, 4: 1} ",12:36:24_14-07-25
367,338,8002,004637,"BV25282310410 , T252802355 ",FF00FFA50010600D1FD0761C0106389901508C85000100C800300001000DDBCD0301839A8245009C0A10,PASS,"PASS, {1: 1, 2: 1, 3: 1, 4: 1, 5: 1, 6: 1, 7: 1, 8: 1, 9: 1, 10: 1, 11: 1}","PASS, {1: 1, 2: 1, 3: 1, 4: 1, 5: 1, 6: 1, 7: 1, 8: 1, 9: 1, 10: 1}","PASS , {1: 1, 2: 1, 3: 1, 4: 1, 5: 1, 6: 1, 7: 1, 8: 1} ","PASS , {1: 1, 2: 1, 3: 1, 4: 1} ",12:37:34_14-07-25
368,339,8002,004637,"BV25282310413 , T252802098 ",FF00FFA50010600D1FD0761C0106389901508C85000100C800300001000DDBCD0301839A8245009C0A10,PASS,"PASS, {1: 1, 2: 1, 3: 1, 4: 1, 5: 1, 6: 1, 7: 1, 8: 1, 9: 1, 10: 1, 11: 1}","PASS, {1: 1, 2: 1, 3: 1, 4: 1, 5: 1, 6: 1, 7: 1, 8: 1, 9: 1, 10: 1}","PASS , {1: 1, 2: 1, 3: 1, 4: 1, 5: 1, 6: 1, 7: 1, 8: 1} ","PASS , {1: 1, 2: 1, 3: 1, 4: 1} ",12:38:47_14-07-25
369,340,8002,004637,"BV25282310416 , T252802100 ",FF00FFA50010600D1FD0761C0106389901508C85000100C800300001000DDBCD0301839A8245009C0A10,PASS,"PASS, {1: 1, 2: 1, 3: 1, 4: 1, 5: 1, 6: 1, 7: 1, 8: 1, 9: 1, 10: 1, 11: 1}","PASS, {1: 1, 2: 1, 3: 1, 4: 1, 5: 1, 6: 1, 7: 1, 8: 1, 9: 1, 10: 1}","PASS , {1: 1, 2: 1, 3: 1, 4: 1, 5: 1, 6: 1, 7: 1, 8: 1} ","PASS , {1: 1, 2: 1, 3: 1, 4: 1} ",12:39:59_14-07-25
370,341,8002,004637,"BV25282310426 , T252715854 ",FF00FFA50010600D1FD0761C0106389901508C85000100C800300001000DDBCD0301839A8245009C0A10,PASS,"PASS, {1: 1, 2: 1, 3: 1, 4: 1, 5: 1, 6: 1, 7: 1, 8: 1, 9: 1, 10: 1, 11: 1}","PASS, {1: 1, 2: 1, 3: 1, 4: 1, 5: 1, 6: 1, 7: 1, 8: 1, 9: 1, 10: 1}","PASS , {1: 1, 2: 1, 3: 1, 4: 1, 5: 1, 6: 1, 7: 1, 8: 1} ","PASS , {1: 1, 2: 1, 3: 1, 4: 1} ",12:41:13_14-07-25
371,342,8002,004637,"BV25282310425 , T252716242 ",FF00FFA50010600D1FD0761C0106389901508C85000100C800300001000DDBCD0301839A8245009C0A10,PASS,"PASS, {1: 1, 2: 1, 3: 1, 4: 1, 5: 1, 6: 1, 7: 1, 8: 1, 9: 1, 10: 1, 11: 1}","PASS, {1: 1, 2: 1, 3: 1, 4: 1, 5: 1, 6: 1, 7: 1, 8: 1, 9: 1, 10: 1}","PASS , {1: 1, 2: 1, 3: 1, 4: 1, 5: 1, 6: 1, 7: 1, 8: 1} ","PASS , {1: 1, 2: 1, 3: 1, 4: 1} ",12:42:25_14-07-25
372,343,8002,004637,"BV25282310429 , T252718430 ",FF00FFA50010600D1FD0761C0106389901508C85000100C800300001000DDBCD0301839A8245009C0A10,PASS,"PASS, {1: 1, 2: 1, 3: 1, 4: 1, 5: 1, 6: 1, 7: 1, 8: 1, 9: 1, 10: 1, 11: 1}","PASS, {1: 1, 2: 1, 3: 1, 4: 1, 5: 1, 6: 1, 7: 1, 8: 1, 9: 1, 10: 1}","PASS , {1: 1, 2: 1, 3: 1, 4: 1, 5: 1, 6: 1, 7: 1, 8: 1} ","PASS , {1: 1, 2: 1, 3: 1, 4: 1} ",12:43:35_14-07-25
373,344,8002,004637,"BV25282310406 , T252802093 ",FF00FFA50010600D1FD0761C0106389901508C85000100C800300001000DDBCD0301839A8245009C0A10,PASS,"PASS, {1: 1, 2: 1, 3: 1, 4: 1, 5: 1, 6: 1, 7: 1, 8: 1, 9: 1, 10: 1, 11: 1}","PASS, {1: 1, 2: 1, 3: 1, 4: 1, 5: 1, 6: 1, 7: 1, 8: 1, 9: 1, 10: 1}","PASS , {1: 1, 2: 1, 3: 1, 4: 1, 5: 1, 6: 1, 7: 1, 8: 1} ","PASS , {1: 1, 2: 1, 3: 1, 4: 1} ",12:44:46_14-07-25
374,345,8002,004637,"BV25282310191 , T252209754 ",FF00FFA50010600D1FD0761C0106389901508C85000100C800300001000DDBCD0301839A8245009C0A10,PASS,"PASS, {1: 1, 2: 1, 3: 1, 4: 1, 5: 1, 6: 1, 7: 1, 8: 1, 9: 1, 10: 1, 11: 1}","PASS, {1: 1, 2: 1, 3: 1, 4: 1, 5: 1, 6: 1, 7: 1, 8: 1, 9: 1, 10: 1}","PASS , {1: 1, 2: 1, 3: 1, 4: 1, 5: 1, 6: 1, 7: 1, 8: 1} ","PASS , {1: 1, 2: 1, 3: 1, 4: 1} ",12:45:56_14-07-25
375,345,8002,004637,"BV25282310210 , T252209424 ",FF00FFA50010600D1FD0761C0106389901508C85000100C800300001000DDBCD0301839A8245009C0A10,PASS,"PASS, {1: 1, 2: 1, 3: 1, 4: 1, 5: 1, 6: 1, 7: 1, 8: 1, 9: 1, 10: 1, 11: 1}","PASS, {1: 1, 2: 1, 3: 1, 4: 1, 5: 1, 6: 1, 7: 1, 8: 1, 9: 1, 10: 1}","PASS , {1: 1, 2: 1, 3: 1, 4: 1, 5: 1, 6: 1, 7: 1, 8: 1} ","FAIL , {1: 1, 2: 0, 3: 1, 4: 1} ",12:47:08_14-07-25
376,346,8002,004637,"BV25282310192 , T252211170 ",FF00FFA50010600D1FD0761C0106389901508C85000100C800300001000DDBCD0301839A8245009C0A10,PASS,"PASS, {1: 1, 2: 1, 3: 1, 4: 1, 5: 1, 6: 1, 7: 1, 8: 1, 9: 1, 10: 1, 11: 1}","PASS, {1: 1, 2: 1, 3: 1, 4: 1, 5: 1, 6: 1, 7: 1, 8: 1, 9: 1, 10: 1}","PASS , {1: 1, 2: 1, 3: 1, 4: 1, 5: 1, 6: 1, 7: 1, 8: 1} ","PASS , {1: 1, 2: 1, 3: 1, 4: 1} ",12:48:18_14-07-25
377,347,8002,004637,"BV25282310203 , T252210465 ",FF00FFA50010600D1FD0761C0106389901508C85000100C800300001000DDBCD0301839A8245009C0A10,PASS,"PASS, {1: 1, 2: 1, 3: 1, 4: 1, 5: 1, 6: 1, 7: 1, 8: 1, 9: 1, 10: 1, 11: 1}","PASS, {1: 1, 2: 1, 3: 1, 4: 1, 5: 1, 6: 1, 7: 1, 8: 1, 9: 1, 10: 1}","PASS , {1: 1, 2: 1, 3: 1, 4: 1, 5: 1, 6: 1, 7: 1, 8: 1} ","PASS , {1: 1, 2: 1, 3: 1, 4: 1} ",12:49:29_14-07-25
378,348,8002,004637,"BV25282310205 , T252210906 ",FF00FFA50010600D1FD0761C0106389901508C85000100C800300001000DDBCD0301839A8245009C0A10,PASS,"PASS, {1: 1, 2: 1, 3: 1, 4: 1, 5: 1, 6: 1, 7: 1, 8: 1, 9: 1, 10: 1, 11: 1}","PASS, {1: 1, 2: 1, 3: 1, 4: 1, 5: 1, 6: 1, 7: 1, 8: 1, 9: 1, 10: 1}","PASS , {1: 1, 2: 1, 3: 1, 4: 1, 5: 1, 6: 1, 7: 1, 8: 1} ","PASS , {1: 1, 2: 1, 3: 1, 4: 1} ",12:50:39_14-07-25
379,349,8002,004637,"BV25282310206 , T252211065 ",FF00FFA50010600D1FD0761C0106389901508C85000100C800300001000DDBCD0301839A8245009C0A10,PASS,"PASS, {1: 1, 2: 1, 3: 1, 4: 1, 5: 1, 6: 1, 7: 1, 8: 1, 9: 1, 10: 1, 11: 1}","PASS, {1: 1, 2: 1, 3: 1, 4: 1, 5: 1, 6: 1, 7: 1, 8: 1, 9: 1, 10: 1}","PASS , {1: 1, 2: 1, 3: 1, 4: 1, 5: 1, 6: 1, 7: 1, 8: 1} ","PASS , {1: 1, 2: 1, 3: 1, 4: 1} ",12:51:48_14-07-25
380,350,8002,004637,"BV25282310208 , T252209572 ",FF00FFA50010600D1FD0761C0106389901508C85000100C800300001000DDBCD0301839A8245009C0A10,PASS,"PASS, {1: 1, 2: 1, 3: 1, 4: 1, 5: 1, 6: 1, 7: 1, 8: 1, 9: 1, 10: 1, 11: 1}","PASS, {1: 1, 2: 1, 3: 1, 4: 1, 5: 1, 6: 1, 7: 1, 8: 1, 9: 1, 10: 1}","PASS , {1: 1, 2: 1, 3: 1, 4: 1, 5: 1, 6: 1, 7: 1, 8: 1} ","PASS , {1: 1, 2: 1, 3: 1, 4: 1} ",12:53:01_14-07-25
381,351,8002,004637,"BV25282310211 , T252210511 ",FF00FFA50010600D1FD0761C0106389901508C85000100C800300001000DDBCD0301839A8245009C0A10,PASS,"PASS, {1: 1, 2: 1, 3: 1, 4: 1, 5: 1, 6: 1, 7: 1, 8: 1, 9: 1, 10: 1, 11: 1}","PASS, {1: 1, 2: 1, 3: 1, 4: 1, 5: 1, 6: 1, 7: 1, 8: 1, 9: 1, 10: 1}","PASS , {1: 1, 2: 1, 3: 1, 4: 1, 5: 1, 6: 1, 7: 1, 8: 1} ","PASS , {1: 1, 2: 1, 3: 1, 4: 1} ",12:54:12_14-07-25
382,352,8002,004637,"BV25282310213 , T252210964 ",FF00FFA50010600D1FD0761C0106389901508C85000100C800300001000DDBCD0301839A8245009C0A10,PASS,"PASS, {1: 1, 2: 1, 3: 1, 4: 1, 5: 1, 6: 1, 7: 1, 8: 1, 9: 1, 10: 1, 11: 1}","PASS, {1: 1, 2: 1, 3: 1, 4: 1, 5: 1, 6: 1, 7: 1, 8: 1, 9: 1, 10: 1}","PASS , {1: 1, 2: 1, 3: 1, 4: 1, 5: 1, 6: 1, 7: 1, 8: 1} ","PASS , {1: 1, 2: 1, 3: 1, 4: 1} ",12:55:22_14-07-25
383,353,8002,004637,"BV25282310419 , T252718370 ",FF00FFA50010600D1FD0761C0106389901508C85000100C800300001000DDBCD0301839A8245009C0A10,PASS,"PASS, {1: 1, 2: 1, 3: 1, 4: 1, 5: 1, 6: 1, 7: 1, 8: 1, 9: 1, 10: 1, 11: 1}","PASS, {1: 1, 2: 1, 3: 1, 4: 1, 5: 1, 6: 1, 7: 1, 8: 1, 9: 1, 10: 1}","PASS , {1: 1, 2: 1, 3: 1, 4: 1, 5: 1, 6: 1, 7: 1, 8: 1} ","PASS , {1: 1, 2: 1, 3: 1, 4: 1} ",12:56:31_14-07-25
384,354,8002,004637,"BV25282310373 , T252802072 ",FF00FFA50010600D1FD0761C0106389901508C85000100C800300001000DDBCD0301839A8245009C0A10,PASS,"PASS, {1: 1, 2: 1, 3: 1, 4: 1, 5: 1, 6: 1, 7: 1, 8: 1, 9: 1, 10: 1, 11: 1}","PASS, {1: 1, 2: 1, 3: 1, 4: 1, 5: 1, 6: 1, 7: 1, 8: 1, 9: 1, 10: 1}","PASS , {1: 1, 2: 1, 3: 1, 4: 1, 5: 1, 6: 1, 7: 1, 8: 1} ","PASS , {1: 1, 2: 1, 3: 1, 4: 1} ",12:57:43_14-07-25
385,355,8002,004637,"BV25282310402 , T252716071 ",FF00FFA50010600D1FD0761C0106389901508C85000100C800300001000DDBCD0301839A8245009C0A10,PASS,"PASS, {1: 1, 2: 1, 3: 1, 4: 1, 5: 1, 6: 1, 7: 1, 8: 1, 9: 1, 10: 1, 11: 1}","PASS, {1: 1, 2: 1, 3: 1, 4: 1, 5: 1, 6: 1, 7: 1, 8: 1, 9: 1, 10: 1}","PASS , {1: 1, 2: 1, 3: 1, 4: 1, 5: 1, 6: 1, 7: 1, 8: 1} ","PASS , {1: 1, 2: 1, 3: 1, 4: 1} ",12:58:52_14-07-25
386,356,8002,004637,"BV25282310401 , T252716072 ",FF00FFA50010600D1FD0761C0106389901508C85000100C800300001000DDBCD0301839A8245009C0A10,PASS,"PASS, {1: 1, 2: 1, 3: 1, 4: 1, 5: 1, 6: 1, 7: 1, 8: 1, 9: 1, 10: 1, 11: 1}","PASS, {1: 1, 2: 1, 3: 1, 4: 1, 5: 1, 6: 1, 7: 1, 8: 1, 9: 1, 10: 1}","PASS , {1: 1, 2: 1, 3: 1, 4: 1, 5: 1, 6: 1, 7: 1, 8: 1} ","PASS , {1: 1, 2: 1, 3: 1, 4: 1} ",13:00:04_14-07-25
387,357,8002,004637,"BV25282310376 , T252802074 ",FF00FFA50010600D1FD0761C0106389901508C85000100C800300001000DDBCD0301839A8245009C0A10,PASS,"PASS, {1: 1, 2: 1, 3: 1, 4: 1, 5: 1, 6: 1, 7: 1, 8: 1, 9: 1, 10: 1, 11: 1}","PASS, {1: 1, 2: 1, 3: 1, 4: 1, 5: 1, 6: 1, 7: 1, 8: 1, 9: 1, 10: 1}","PASS , {1: 1, 2: 1, 3: 1, 4: 1, 5: 1, 6: 1, 7: 1, 8: 1} ","PASS , {1: 1, 2: 1, 3: 1, 4: 1} ",13:01:13_14-07-25
388,358,8002,004637,"BV25282310377 , T252716423 ",FF00FFA50010600D1FD0761C0106389901508C85000100C800300001000DDBCD0301839A8245009C0A10,PASS,"PASS, {1: 1, 2: 1, 3: 1, 4: 1, 5: 1, 6: 1, 7: 1, 8: 1, 9: 1, 10: 1, 11: 1}","PASS, {1: 1, 2: 1, 3: 1, 4: 1, 5: 1, 6: 1, 7: 1, 8: 1, 9: 1, 10: 1}","PASS , {1: 1, 2: 1, 3: 1, 4: 1, 5: 1, 6: 1, 7: 1, 8: 1} ","PASS , {1: 1, 2: 1, 3: 1, 4: 1} ",13:02:25_14-07-25
389,359,8002,004637,"BV25282310378 , T252715812 ",FF00FFA50010600D1FD0761C0106389901508C85000100C800300001000DDBCD0301839A8245009C0A10,PASS,"PASS, {1: 1, 2: 1, 3: 1, 4: 1, 5: 1, 6: 1, 7: 1, 8: 1, 9: 1, 10: 1, 11: 1}","PASS, {1: 1, 2: 1, 3: 1, 4: 1, 5: 1, 6: 1, 7: 1, 8: 1, 9: 1, 10: 1}","PASS , {1: 1, 2: 1, 3: 1, 4: 1, 5: 1, 6: 1, 7: 1, 8: 1} ","PASS , {1: 1, 2: 1, 3: 1, 4: 1} ",13:03:53_14-07-25
390,360,8002,004637,"BV25282310379 , T252716170 ",FF00FFA50010600D1FD0761C0106389901508C85000100C800300001000DDBCD0301839A8245009C0A10,PASS,"PASS, {1: 1, 2: 1, 3: 1, 4: 1, 5: 1, 6: 1, 7: 1, 8: 1, 9: 1, 10: 1, 11: 1}","PASS, {1: 1, 2: 1, 3: 1, 4: 1, 5: 1, 6: 1, 7: 1, 8: 1, 9: 1, 10: 1}","PASS , {1: 1, 2: 1, 3: 1, 4: 1, 5: 1, 6: 1, 7: 1, 8: 1} ","PASS , {1: 1, 2: 1, 3: 1, 4: 1} ",13:05:03_14-07-25
391,361,8002,004637,"BV25282310380 , T252715809 ",FF00FFA50010600D1FD0761C0106389901508C85000100C800300001000DDBCD0301839A8245009C0A10,PASS,"PASS, {1: 1, 2: 1, 3: 1, 4: 1, 5: 1, 6: 1, 7: 1, 8: 1, 9: 1, 10: 1, 11: 1}","PASS, {1: 1, 2: 1, 3: 1, 4: 1, 5: 1, 6: 1, 7: 1, 8: 1, 9: 1, 10: 1}","PASS , {1: 1, 2: 1, 3: 1, 4: 1, 5: 1, 6: 1, 7: 1, 8: 1} ","PASS , {1: 1, 2: 1, 3: 1, 4: 1} ",13:06:38_14-07-25
392,362,8002,004637,"BV25282310381 , T252715813 ",FF00FFA50010600D1FD0761C0106389901508C85000100C800300001000DDBCD0301839A8245009C0A10,PASS,"PASS, {1: 1, 2: 1, 3: 1, 4: 1, 5: 1, 6: 1, 7: 1, 8: 1, 9: 1, 10: 1, 11: 1}","PASS, {1: 1, 2: 1, 3: 1, 4: 1, 5: 1, 6: 1, 7: 1, 8: 1, 9: 1, 10: 1}","PASS , {1: 1, 2: 1, 3: 1, 4: 1, 5: 1, 6: 1, 7: 1, 8: 1} ","PASS , {1: 1, 2: 1, 3: 1, 4: 1} ",13:08:03_14-07-25
393,363,8002,004637,"BV25282310393 , T252716474 ",FF00FFA50010600D1FD0761C0106389901508C85000100C800300001000DDBCD0301839A8245009C0A10,PASS,"PASS, {1: 1, 2: 1, 3: 1, 4: 1, 5: 1, 6: 1, 7: 1, 8: 1, 9: 1, 10: 1, 11: 1}","PASS, {1: 1, 2: 1, 3: 1, 4: 1, 5: 1, 6: 1, 7: 1, 8: 1, 9: 1, 10: 1}","PASS , {1: 1, 2: 1, 3: 1, 4: 1, 5: 1, 6: 1, 7: 1, 8: 1} ","PASS , {1: 1, 2: 1, 3: 1, 4: 1} ",13:09:12_14-07-25
394,364,8002,004637,"BV25282310396 , T252716390 ",FF00FFA50010600D1FD0761C0106389901508C85000100C800300001000DDBCD0301839A8245009C0A10,PASS,"PASS, {1: 1, 2: 1, 3: 1, 4: 1, 5: 1, 6: 1, 7: 1, 8: 1, 9: 1, 10: 1, 11: 1}","PASS, {1: 1, 2: 1, 3: 1, 4: 1, 5: 1, 6: 1, 7: 1, 8: 1, 9: 1, 10: 1}","PASS , {1: 1, 2: 1, 3: 1, 4: 1, 5: 1, 6: 1, 7: 1, 8: 1} ","PASS , {1: 1, 2: 1, 3: 1, 4: 1} ",13:11:07_14-07-25
395,365,8002,004637,"BV25282310395 , T252716389 ",FF00FFA50010600D1FD0761C0106389901508C85000100C800300001000DDBCD0301839A8245009C0A10,PASS,"PASS, {1: 1, 2: 1, 3: 1, 4: 1, 5: 1, 6: 1, 7: 1, 8: 1, 9: 1, 10: 1, 11: 1}","PASS, {1: 1, 2: 1, 3: 1, 4: 1, 5: 1, 6: 1, 7: 1, 8: 1, 9: 1, 10: 1}","PASS , {1: 1, 2: 1, 3: 1, 4: 1, 5: 1, 6: 1, 7: 1, 8: 1} ","PASS , {1: 1, 2: 1, 3: 1, 4: 1} ",13:12:16_14-07-25
396,366,8002,004637,"BV25282310394 , T252716472 ",FF00FFA50010600D1FD0761C0106389901508C85000100C800300001000DDBCD0301839A8245009C0A10,PASS,"PASS, {1: 1, 2: 1, 3: 1, 4: 1, 5: 1, 6: 1, 7: 1, 8: 1, 9: 1, 10: 1, 11: 1}","PASS, {1: 1, 2: 1, 3: 1, 4: 1, 5: 1, 6: 1, 7: 1, 8: 1, 9: 1, 10: 1}","PASS , {1: 1, 2: 1, 3: 1, 4: 1, 5: 1, 6: 1, 7: 1, 8: 1} ","PASS , {1: 1, 2: 1, 3: 1, 4: 1} ",13:13:35_14-07-25
397,367,8002,004637,"BV25282310389 , T252716082 ",FF00FFA50010600D1FD0761C0106389901508C85000100C800300001000DDBCD0301839A8245009C0A10,PASS,"PASS, {1: 1, 2: 1, 3: 1, 4: 1, 5: 1, 6: 1, 7: 1, 8: 1, 9: 1, 10: 1, 11: 1}","PASS, {1: 1, 2: 1, 3: 1, 4: 1, 5: 1, 6: 1, 7: 1, 8: 1, 9: 1, 10: 1}","PASS , {1: 1, 2: 1, 3: 1, 4: 1, 5: 1, 6: 1, 7: 1, 8: 1} ","PASS , {1: 1, 2: 1, 3: 1, 4: 1} ",13:14:44_14-07-25
398,368,8002,004637,"BV25282310390 , T252716085 ",FF00FFA50010600D1FD0761C0106389901508C85000100C800300001000DDBCD0301839A8245009C0A10,PASS,"PASS, {1: 1, 2: 1, 3: 1, 4: 1, 5: 1, 6: 1, 7: 1, 8: 1, 9: 1, 10: 1, 11: 1}","PASS, {1: 1, 2: 1, 3: 1, 4: 1, 5: 1, 6: 1, 7: 1, 8: 1, 9: 1, 10: 1}","PASS , {1: 1, 2: 1, 3: 1, 4: 1, 5: 1, 6: 1, 7: 1, 8: 1} ","PASS , {1: 1, 2: 1, 3: 1, 4: 1} ",13:15:56_14-07-25
399,369,8002,004637,"BV25282310391 , T252716084 ",FF00FFA50010600D1FD0761C0106389901508C85000100C800300001000DDBCD0301839A8245009C0A10,PASS,"PASS, {1: 1, 2: 1, 3: 1, 4: 1, 5: 1, 6: 1, 7: 1, 8: 1, 9: 1, 10: 1, 11: 1}","PASS, {1: 1, 2: 1, 3: 1, 4: 1, 5: 1, 6: 1, 7: 1, 8: 1, 9: 1, 10: 1}","PASS , {1: 1, 2: 1, 3: 1, 4: 1, 5: 1, 6: 1, 7: 1, 8: 1} ","PASS , {1: 1, 2: 1, 3: 1, 4: 1} ",13:17:05_14-07-25
400,370,8002,004637,"BV25282310182 , T252209752 ",FF00FFA50010600D1FD0761C0106389901508C85000100C800300001000DDBCD0301839A8245009C0A10,PASS,"PASS, {1: 1, 2: 1, 3: 1, 4: 1, 5: 1, 6: 1, 7: 1, 8: 1, 9: 1, 10: 1, 11: 1}","PASS, {1: 1, 2: 1, 3: 1, 4: 1, 5: 1, 6: 1, 7: 1, 8: 1, 9: 1, 10: 1}","PASS , {1: 1, 2: 1, 3: 1, 4: 1, 5: 1, 6: 1, 7: 1, 8: 1} ","PASS , {1: 1, 2: 1, 3: 1, 4: 1} ",13:18:13_14-07-25
401,371,8002,004637,"BV25282310184 , T252210403 ",FF00FFA50010600D1FD0761C0106389901508C85000100C800300001000DDBCD0301839A8245009C0A10,PASS,"PASS, {1: 1, 2: 1, 3: 1, 4: 1, 5: 1, 6: 1, 7: 1, 8: 1, 9: 1, 10: 1, 11: 1}","PASS, {1: 1, 2: 1, 3: 1, 4: 1, 5: 1, 6: 1, 7: 1, 8: 1, 9: 1, 10: 1}","PASS , {1: 1, 2: 1, 3: 1, 4: 1, 5: 1, 6: 1, 7: 1, 8: 1} ","PASS , {1: 1, 2: 1, 3: 1, 4: 1} ",13:19:22_14-07-25
402,372,8002,004637,"BV25282310179 , T252209179 ",FF00FFA50010600D1FD0761C0106389901508C85000100C800300001000DDBCD0301839A8245009C0A10,PASS,"PASS, {1: 1, 2: 1, 3: 1, 4: 1, 5: 1, 6: 1, 7: 1, 8: 1, 9: 1, 10: 1, 11: 1}","PASS, {1: 1, 2: 1, 3: 1, 4: 1, 5: 1, 6: 1, 7: 1, 8: 1, 9: 1, 10: 1}","PASS , {1: 1, 2: 1, 3: 1, 4: 1, 5: 1, 6: 1, 7: 1, 8: 1} ","PASS , {1: 1, 2: 1, 3: 1, 4: 1} ",13:20:35_14-07-25
403,373,8002,004637,"BV25282310180 , T252209741 ",FF00FFA50010600D1FD0761C0106389901508C85000100C800300001000DDBCD0301839A8245009C0A10,PASS,"PASS, {1: 1, 2: 1, 3: 1, 4: 1, 5: 1, 6: 1, 7: 1, 8: 1, 9: 1, 10: 1, 11: 1}","PASS, {1: 1, 2: 1, 3: 1, 4: 1, 5: 1, 6: 1, 7: 1, 8: 1, 9: 1, 10: 1}","PASS , {1: 1, 2: 1, 3: 1, 4: 1, 5: 1, 6: 1, 7: 1, 8: 1} ","PASS , {1: 1, 2: 1, 3: 1, 4: 1} ",13:21:55_14-07-25
404,374,8002,004637,"BV25282310431 , T252716081 ",FF00FFA50010600D1FD0761C0106389901508C85000100C800300001000DDBCD0301839A8245009C0A10,PASS,"PASS, {1: 1, 2: 1, 3: 1, 4: 1, 5: 1, 6: 1, 7: 1, 8: 1, 9: 1, 10: 1, 11: 1}","PASS, {1: 1, 2: 1, 3: 1, 4: 1, 5: 1, 6: 1, 7: 1, 8: 1, 9: 1, 10: 1}","PASS , {1: 1, 2: 1, 3: 1, 4: 1, 5: 1, 6: 1, 7: 1, 8: 1} ","PASS , {1: 1, 2: 1, 3: 1, 4: 1} ",13:23:13_14-07-25
405,375,8002,004637,"BV25282310432 , T252715844 ",FF00FFA50010600D1FD0761C0106389901508C85000100C800300001000DDBCD0301839A8245009C0A10,PASS,"PASS, {1: 1, 2: 1, 3: 1, 4: 1, 5: 1, 6: 1, 7: 1, 8: 1, 9: 1, 10: 1, 11: 1}","PASS, {1: 1, 2: 1, 3: 1, 4: 1, 5: 1, 6: 1, 7: 1, 8: 1, 9: 1, 10: 1}","PASS , {1: 1, 2: 1, 3: 1, 4: 1, 5: 1, 6: 1, 7: 1, 8: 1} ","PASS , {1: 1, 2: 1, 3: 1, 4: 1} ",13:24:34_14-07-25
406,376,8002,004637,"BV25282310434 , T252715810 ",FF00FFA50010600D1FD0761C0106389901508C85000100C800300001000DDBCD0301839A8245009C0A10,PASS,"PASS, {1: 1, 2: 1, 3: 1, 4: 1, 5: 1, 6: 1, 7: 1, 8: 1, 9: 1, 10: 1, 11: 1}","PASS, {1: 1, 2: 1, 3: 1, 4: 1, 5: 1, 6: 1, 7: 1, 8: 1, 9: 1, 10: 1}","PASS , {1: 1, 2: 1, 3: 1, 4: 1, 5: 1, 6: 1, 7: 1, 8: 1} ","PASS , {1: 1, 2: 1, 3: 1, 4: 1} ",13:25:53_14-07-25
407,377,8002,004637,"BV25282310436 , T252715811 ",FF00FFA50010600D1FD0761C0106389901508C85000100C800300001000DDBCD0301839A8245009C0A10,PASS,"PASS, {1: 1, 2: 1, 3: 1, 4: 1, 5: 1, 6: 1, 7: 1, 8: 1, 9: 1, 10: 1, 11: 1}","PASS, {1: 1, 2: 1, 3: 1, 4: 1, 5: 1, 6: 1, 7: 1, 8: 1, 9: 1, 10: 1}","PASS , {1: 1, 2: 1, 3: 1, 4: 1, 5: 1, 6: 1, 7: 1, 8: 1} ","PASS , {1: 1, 2: 1, 3: 1, 4: 1} ",13:27:08_14-07-25
408,378,8002,004637,"BV25282310321 , T252718347 ",FF00FFA50010600D1FD0761C0106389901508C85000100C800300001000DDBCD0301839A8245009C0A10,PASS,"PASS, {1: 1, 2: 1, 3: 1, 4: 1, 5: 1, 6: 1, 7: 1, 8: 1, 9: 1, 10: 1, 11: 1}","PASS, {1: 1, 2: 1, 3: 1, 4: 1, 5: 1, 6: 1, 7: 1, 8: 1, 9: 1, 10: 1}","PASS , {1: 1, 2: 1, 3: 1, 4: 1, 5: 1, 6: 1, 7: 1, 8: 1} ","PASS , {1: 1, 2: 1, 3: 1, 4: 1} ",13:28:18_14-07-25
409,379,8002,004637,"BV25282310320 , T252716076 ",FF00FFA50010600D1FD0761C0106389901508C85000100C800300001000DDBCD0301839A8245009C0A10,PASS,"PASS, {1: 1, 2: 1, 3: 1, 4: 1, 5: 1, 6: 1, 7: 1, 8: 1, 9: 1, 10: 1, 11: 1}","PASS, {1: 1, 2: 1, 3: 1, 4: 1, 5: 1, 6: 1, 7: 1, 8: 1, 9: 1, 10: 1}","PASS , {1: 1, 2: 1, 3: 1, 4: 1, 5: 1, 6: 1, 7: 1, 8: 1} ","PASS , {1: 1, 2: 1, 3: 1, 4: 1} ",14:05:50_14-07-25
410,380,8002,004637,"BV25282310319 , T252718342 ",FF00FFA50010600D1FD0761C0106389901508C85000100C800300001000DDBCD0301839A8245009C0A10,PASS,"PASS, {1: 1, 2: 1, 3: 1, 4: 1, 5: 1, 6: 1, 7: 1, 8: 1, 9: 1, 10: 1, 11: 1}","PASS, {1: 1, 2: 1, 3: 1, 4: 1, 5: 1, 6: 1, 7: 1, 8: 1, 9: 1, 10: 1}","PASS , {1: 1, 2: 1, 3: 1, 4: 1, 5: 1, 6: 1, 7: 1, 8: 1} ","PASS , {1: 1, 2: 1, 3: 1, 4: 1} ",14:08:01_14-07-25
411,381,8002,004637,"BV25282310311 , T252716248 ",FF00FFA50010600D1FD0761C0106389901508C85000100C800300001000DDBCD0301839A8245009C0A10,PASS,"PASS, {1: 1, 2: 1, 3: 1, 4: 1, 5: 1, 6: 1, 7: 1, 8: 1, 9: 1, 10: 1, 11: 1}","PASS, {1: 1, 2: 1, 3: 1, 4: 1, 5: 1, 6: 1, 7: 1, 8: 1, 9: 1, 10: 1}","PASS , {1: 1, 2: 1, 3: 1, 4: 1, 5: 1, 6: 1, 7: 1, 8: 1} ","PASS , {1: 1, 2: 1, 3: 1, 4: 1} ",14:09:22_14-07-25
412,382,8002,004637,"BV25282310310 , T252716079 ",FF00FFA50010600D1FD0761C0106389901508C85000100C800300001000DDBCD0301839A8245009C0A10,PASS,"PASS, {1: 1, 2: 1, 3: 1, 4: 1, 5: 1, 6: 1, 7: 1, 8: 1, 9: 1, 10: 1, 11: 1}","PASS, {1: 1, 2: 1, 3: 1, 4: 1, 5: 1, 6: 1, 7: 1, 8: 1, 9: 1, 10: 1}","PASS , {1: 1, 2: 1, 3: 1, 4: 1, 5: 1, 6: 1, 7: 1, 8: 1} ","PASS , {1: 1, 2: 1, 3: 1, 4: 1} ",14:10:32_14-07-25
413,383,8002,004637,"BV25282310308 , T252716068 ",FF00FFA50010600D1FD0761C0106389901508C85000100C800300001000DDBCD0301839A8245009C0A10,PASS,"PASS, {1: 1, 2: 1, 3: 1, 4: 1, 5: 1, 6: 1, 7: 1, 8: 1, 9: 1, 10: 1, 11: 1}","PASS, {1: 1, 2: 1, 3: 1, 4: 1, 5: 1, 6: 1, 7: 1, 8: 1, 9: 1, 10: 1}","PASS , {1: 1, 2: 1, 3: 1, 4: 1, 5: 1, 6: 1, 7: 1, 8: 1} ","PASS , {1: 1, 2: 1, 3: 1, 4: 1} ",14:11:53_14-07-25
414,384,8002,004637,"BV25282310309 , T252716249 ",FF00FFA50010600D1FD0761C0106389901508C85000100C800300001000DDBCD0301839A8245009C0A10,PASS,"PASS, {1: 1, 2: 1, 3: 1, 4: 1, 5: 1, 6: 1, 7: 1, 8: 1, 9: 1, 10: 1, 11: 1}","PASS, {1: 1, 2: 1, 3: 1, 4: 1, 5: 1, 6: 1, 7: 1, 8: 1, 9: 1, 10: 1}","PASS , {1: 1, 2: 1, 3: 1, 4: 1, 5: 1, 6: 1, 7: 1, 8: 1} ","PASS , {1: 1, 2: 1, 3: 1, 4: 1} ",14:13:04_14-07-25
415,385,8002,004637,"BV25282310307 , T252716074 ",FF00FFA50010600D1FD0761C0106389901508C85000100C800300001000DDBCD0301839A8245009C0A10,PASS,"PASS, {1: 1, 2: 1, 3: 1, 4: 1, 5: 1, 6: 1, 7: 1, 8: 1, 9: 1, 10: 1, 11: 1}","PASS, {1: 1, 2: 1, 3: 1, 4: 1, 5: 1, 6: 1, 7: 1, 8: 1, 9: 1, 10: 1}","PASS , {1: 1, 2: 1, 3: 1, 4: 1, 5: 1, 6: 1, 7: 1, 8: 1} ","PASS , {1: 1, 2: 1, 3: 1, 4: 1} ",14:14:14_14-07-25
416,386,8002,004637,"BV25282310277 , T252716587 ",FF00FFA50010600D1FD0761C0106389901508C85000100C800300001000DDBCD0301839A8245009C0A10,PASS,"PASS, {1: 1, 2: 1, 3: 1, 4: 1, 5: 1, 6: 1, 7: 1, 8: 1, 9: 1, 10: 1, 11: 1}","PASS, {1: 1, 2: 1, 3: 1, 4: 1, 5: 1, 6: 1, 7: 1, 8: 1, 9: 1, 10: 1}","PASS , {1: 1, 2: 1, 3: 1, 4: 1, 5: 1, 6: 1, 7: 1, 8: 1} ","PASS , {1: 1, 2: 1, 3: 1, 4: 1} ",14:15:25_14-07-25
417,386,8002,004637,"BV25282310280 , T252802339 ",FF00FFA50010600D1FD0761C0106389901508C85000100C800300001000DDBCD0301839A8245009C0A10,PASS,"PASS, {1: 1, 2: 1, 3: 1, 4: 1, 5: 1, 6: 1, 7: 1, 8: 1, 9: 1, 10: 1, 11: 1}","FAIL, {1: 1, 2: 1, 3: 1, 4: 1, 5: 1, 6: 1, 7: 1, 8: 1, 9: 1, 10: 0}","PASS , {1: 1, 2: 1, 3: 1, 4: 1, 5: 1, 6: 1, 7: 1, 8: 1} ","PASS , {1: 1, 2: 1, 3: 1, 4: 1} ",14:16:44_14-07-25
418,387,8002,004637,"BV25282310278 , T252716581 ",FF00FFA50010600D1FD0761C0106389901508C85000100C800300001000DDBCD0301839A8245009C0A10,PASS,"PASS, {1: 1, 2: 1, 3: 1, 4: 1, 5: 1, 6: 1, 7: 1, 8: 1, 9: 1, 10: 1, 11: 1}","PASS, {1: 1, 2: 1, 3: 1, 4: 1, 5: 1, 6: 1, 7: 1, 8: 1, 9: 1, 10: 1}","PASS , {1: 1, 2: 1, 3: 1, 4: 1, 5: 1, 6: 1, 7: 1, 8: 1} ","PASS , {1: 1, 2: 1, 3: 1, 4: 1} ",14:18:05_14-07-25
419,388,8002,004637,"BV25282310283 , T252718374 ",FF00FFA50010600D1FD0761C0106389901508C85000100C800300001000DDBCD0301839A8245009C0A10,PASS,"PASS, {1: 1, 2: 1, 3: 1, 4: 1, 5: 1, 6: 1, 7: 1, 8: 1, 9: 1, 10: 1, 11: 1}","PASS, {1: 1, 2: 1, 3: 1, 4: 1, 5: 1, 6: 1, 7: 1, 8: 1, 9: 1, 10: 1}","PASS , {1: 1, 2: 1, 3: 1, 4: 1, 5: 1, 6: 1, 7: 1, 8: 1} ","PASS , {1: 1, 2: 1, 3: 1, 4: 1} ",14:19:14_14-07-25
420,389,8002,004637,"BV25282310281 , T252802267 ",FF00FFA50010600D1FD0761C0106389901508C85000100C800300001000DDBCD0301839A8245009C0A10,PASS,"PASS, {1: 1, 2: 1, 3: 1, 4: 1, 5: 1, 6: 1, 7: 1, 8: 1, 9: 1, 10: 1, 11: 1}","PASS, {1: 1, 2: 1, 3: 1, 4: 1, 5: 1, 6: 1, 7: 1, 8: 1, 9: 1, 10: 1}","PASS , {1: 1, 2: 1, 3: 1, 4: 1, 5: 1, 6: 1, 7: 1, 8: 1} ","PASS , {1: 1, 2: 1, 3: 1, 4: 1} ",14:20:29_14-07-25
421,390,8002,004637,"BV25282310285 , T252716066 ",FF00FFA50010600D1FD0761C0106389901508C85000100C800300001000DDBCD0301839A8245009C0A10,PASS,"PASS, {1: 1, 2: 1, 3: 1, 4: 1, 5: 1, 6: 1, 7: 1, 8: 1, 9: 1, 10: 1, 11: 1}","PASS, {1: 1, 2: 1, 3: 1, 4: 1, 5: 1, 6: 1, 7: 1, 8: 1, 9: 1, 10: 1}","PASS , {1: 1, 2: 1, 3: 1, 4: 1, 5: 1, 6: 1, 7: 1, 8: 1} ","PASS , {1: 1, 2: 1, 3: 1, 4: 1} ",14:22:15_14-07-25
422,391,8002,004637,"BV25282310341 , T252716172 ",FF00FFA50010600D1FD0761C0106389901508C85000100C800300001000DDBCD0301839A8245009C0A10,PASS,"PASS, {1: 1, 2: 1, 3: 1, 4: 1, 5: 1, 6: 1, 7: 1, 8: 1, 9: 1, 10: 1, 11: 1}","PASS, {1: 1, 2: 1, 3: 1, 4: 1, 5: 1, 6: 1, 7: 1, 8: 1, 9: 1, 10: 1}","PASS , {1: 1, 2: 1, 3: 1, 4: 1, 5: 1, 6: 1, 7: 1, 8: 1} ","PASS , {1: 1, 2: 1, 3: 1, 4: 1} ",14:23:48_14-07-25
423,392,8002,004637,"BV25282310339 , T252716173 ",FF00FFA50010600D1FD0761C0106389901508C85000100C800300001000DDBCD0301839A8245009C0A10,PASS,"PASS, {1: 1, 2: 1, 3: 1, 4: 1, 5: 1, 6: 1, 7: 1, 8: 1, 9: 1, 10: 1, 11: 1}","PASS, {1: 1, 2: 1, 3: 1, 4: 1, 5: 1, 6: 1, 7: 1, 8: 1, 9: 1, 10: 1}","PASS , {1: 1, 2: 1, 3: 1, 4: 1, 5: 1, 6: 1, 7: 1, 8: 1} ","PASS , {1: 1, 2: 1, 3: 1, 4: 1} ",14:24:59_14-07-25
424,393,8002,004637,"BV25282310294 , T252716350 ",FF00FFA50010600D1FD0761C0106389901508C85000100C800300001000DDBCD0301839A8245009C0A10,PASS,"PASS, {1: 1, 2: 1, 3: 1, 4: 1, 5: 1, 6: 1, 7: 1, 8: 1, 9: 1, 10: 1, 11: 1}","PASS, {1: 1, 2: 1, 3: 1, 4: 1, 5: 1, 6: 1, 7: 1, 8: 1, 9: 1, 10: 1}","PASS , {1: 1, 2: 1, 3: 1, 4: 1, 5: 1, 6: 1, 7: 1, 8: 1} ","PASS , {1: 1, 2: 1, 3: 1, 4: 1} ",14:26:13_14-07-25
425,394,8002,004637,"BV25282310343 , T252720302 ",FF00FFA50010600D1FD0761C0106389901508C85000100C800300001000DDBCD0301839A8245009C0A10,PASS,"PASS, {1: 1, 2: 1, 3: 1, 4: 1, 5: 1, 6: 1, 7: 1, 8: 1, 9: 1, 10: 1, 11: 1}","PASS, {1: 1, 2: 1, 3: 1, 4: 1, 5: 1, 6: 1, 7: 1, 8: 1, 9: 1, 10: 1}","PASS , {1: 1, 2: 1, 3: 1, 4: 1, 5: 1, 6: 1, 7: 1, 8: 1} ","PASS , {1: 1, 2: 1, 3: 1, 4: 1} ",14:27:23_14-07-25
426,395,8002,004637,"BV25282310296 , T252716583 ",FF00FFA50010600D1FD0761C0106389901508C85000100C800300001000DDBCD0301839A8245009C0A10,PASS,"PASS, {1: 1, 2: 1, 3: 1, 4: 1, 5: 1, 6: 1, 7: 1, 8: 1, 9: 1, 10: 1, 11: 1}","PASS, {1: 1, 2: 1, 3: 1, 4: 1, 5: 1, 6: 1, 7: 1, 8: 1, 9: 1, 10: 1}","PASS , {1: 1, 2: 1, 3: 1, 4: 1, 5: 1, 6: 1, 7: 1, 8: 1} ","PASS , {1: 1, 2: 1, 3: 1, 4: 1} ",14:28:34_14-07-25
427,396,8002,004637,"BV25282310297 , T252716578 ",FF00FFA50010600D1FD0761C0106389901508C85000100C800300001000DDBCD0301839A8245009C0A10,PASS,"PASS, {1: 1, 2: 1, 3: 1, 4: 1, 5: 1, 6: 1, 7: 1, 8: 1, 9: 1, 10: 1, 11: 1}","PASS, {1: 1, 2: 1, 3: 1, 4: 1, 5: 1, 6: 1, 7: 1, 8: 1, 9: 1, 10: 1}","PASS , {1: 1, 2: 1, 3: 1, 4: 1, 5: 1, 6: 1, 7: 1, 8: 1} ","PASS , {1: 1, 2: 1, 3: 1, 4: 1} ",14:29:50_14-07-25
428,397,8002,004637,"BV25282310305 , T252720301 ",FF00FFA50010600D1FD0761C0106389901508C85000100C800300001000DDBCD0301839A8245009C0A10,PASS,"PASS, {1: 1, 2: 1, 3: 1, 4: 1, 5: 1, 6: 1, 7: 1, 8: 1, 9: 1, 10: 1, 11: 1}","PASS, {1: 1, 2: 1, 3: 1, 4: 1, 5: 1, 6: 1, 7: 1, 8: 1, 9: 1, 10: 1}","PASS , {1: 1, 2: 1, 3: 1, 4: 1, 5: 1, 6: 1, 7: 1, 8: 1} ","PASS , {1: 1, 2: 1, 3: 1, 4: 1} ",14:31:10_14-07-25
429,398,8002,004637,"BV25282310304 , T252716175 ",FF00FFA50010600D1FD0761C0106389901508C85000100C800300001000DDBCD0301839A8245009C0A10,PASS,"PASS, {1: 1, 2: 1, 3: 1, 4: 1, 5: 1, 6: 1, 7: 1, 8: 1, 9: 1, 10: 1, 11: 1}","PASS, {1: 1, 2: 1, 3: 1, 4: 1, 5: 1, 6: 1, 7: 1, 8: 1, 9: 1, 10: 1}","PASS , {1: 1, 2: 1, 3: 1, 4: 1, 5: 1, 6: 1, 7: 1, 8: 1} ","PASS , {1: 1, 2: 1, 3: 1, 4: 1} ",14:32:23_14-07-25
430,399,8002,004637,"BV25282310262 , T252211410 ",FF00FFA50010600D1FD0761C0106389901508C85000100C800300001000DDBCD0301839A8245009C0A10,PASS,"PASS, {1: 1, 2: 1, 3: 1, 4: 1, 5: 1, 6: 1, 7: 1, 8: 1, 9: 1, 10: 1, 11: 1}","PASS, {1: 1, 2: 1, 3: 1, 4: 1, 5: 1, 6: 1, 7: 1, 8: 1, 9: 1, 10: 1}","PASS , {1: 1, 2: 1, 3: 1, 4: 1, 5: 1, 6: 1, 7: 1, 8: 1} ","PASS , {1: 1, 2: 1, 3: 1, 4: 1} ",14:36:01_14-07-25
431,400,8002,004637,"BV25282310263 , T252210198 ",FF00FFA50010600D1FD0761C0106389901508C85000100C800300001000DDBCD0301839A8245009C0A10,PASS,"PASS, {1: 1, 2: 1, 3: 1, 4: 1, 5: 1, 6: 1, 7: 1, 8: 1, 9: 1, 10: 1, 11: 1}","PASS, {1: 1, 2: 1, 3: 1, 4: 1, 5: 1, 6: 1, 7: 1, 8: 1, 9: 1, 10: 1}","PASS , {1: 1, 2: 1, 3: 1, 4: 1, 5: 1, 6: 1, 7: 1, 8: 1} ","PASS , {1: 1, 2: 1, 3: 1, 4: 1} ",14:37:12_14-07-25
432,401,8002,004637,"BV25282310215 , T252210928 ",FF00FFA50010600D1FD0761C0106389901508C85000100C800300001000DDBCD0301839A8245009C0A10,PASS,"PASS, {1: 1, 2: 1, 3: 1, 4: 1, 5: 1, 6: 1, 7: 1, 8: 1, 9: 1, 10: 1, 11: 1}","PASS, {1: 1, 2: 1, 3: 1, 4: 1, 5: 1, 6: 1, 7: 1, 8: 1, 9: 1, 10: 1}","PASS , {1: 1, 2: 1, 3: 1, 4: 1, 5: 1, 6: 1, 7: 1, 8: 1} ","PASS , {1: 1, 2: 1, 3: 1, 4: 1} ",14:38:21_14-07-25
433,402,8002,004637,"BV25282310251 , T252210474 ",FF00FFA50010600D1FD0761C0106389901508C85000100C800300001000DDBCD0301839A8245009C0A10,PASS,"PASS, {1: 1, 2: 1, 3: 1, 4: 1, 5: 1, 6: 1, 7: 1, 8: 1, 9: 1, 10: 1, 11: 1}","PASS, {1: 1, 2: 1, 3: 1, 4: 1, 5: 1, 6: 1, 7: 1, 8: 1, 9: 1, 10: 1}","PASS , {1: 1, 2: 1, 3: 1, 4: 1, 5: 1, 6: 1, 7: 1, 8: 1} ","PASS , {1: 1, 2: 1, 3: 1, 4: 1} ",14:40:12_14-07-25
434,403,8002,004637,"BV25282310248 , T252210316 ",FF00FFA50010600D1FD0761C0106389901508C85000100C800300001000DDBCD0301839A8245009C0A10,PASS,"PASS, {1: 1, 2: 1, 3: 1, 4: 1, 5: 1, 6: 1, 7: 1, 8: 1, 9: 1, 10: 1, 11: 1}","PASS, {1: 1, 2: 1, 3: 1, 4: 1, 5: 1, 6: 1, 7: 1, 8: 1, 9: 1, 10: 1}","PASS , {1: 1, 2: 1, 3: 1, 4: 1, 5: 1, 6: 1, 7: 1, 8: 1} ","PASS , {1: 1, 2: 1, 3: 1, 4: 1} ",14:41:25_14-07-25
435,404,8002,004637,"BV25282310247 , T252209312 ",FF00FFA50010600D1FD0761C0106389901508C85000100C800300001000DDBCD0301839A8245009C0A10,PASS,"PASS, {1: 1, 2: 1, 3: 1, 4: 1, 5: 1, 6: 1, 7: 1, 8: 1, 9: 1, 10: 1, 11: 1}","PASS, {1: 1, 2: 1, 3: 1, 4: 1, 5: 1, 6: 1, 7: 1, 8: 1, 9: 1, 10: 1}","PASS , {1: 1, 2: 1, 3: 1, 4: 1, 5: 1, 6: 1, 7: 1, 8: 1} ","PASS , {1: 1, 2: 1, 3: 1, 4: 1} ",14:42:35_14-07-25
436,405,8002,004637,"BV25282310245 , T252210128 ",FF00FFA50010600D1FD0761C0106389901508C85000100C800300001000DDBCD0301839A8245009C0A10,PASS,"PASS, {1: 1, 2: 1, 3: 1, 4: 1, 5: 1, 6: 1, 7: 1, 8: 1, 9: 1, 10: 1, 11: 1}","PASS, {1: 1, 2: 1, 3: 1, 4: 1, 5: 1, 6: 1, 7: 1, 8: 1, 9: 1, 10: 1}","PASS , {1: 1, 2: 1, 3: 1, 4: 1, 5: 1, 6: 1, 7: 1, 8: 1} ","PASS , {1: 1, 2: 1, 3: 1, 4: 1} ",14:43:45_14-07-25
437,406,8002,004637,"BV25282310218 , T252211082 ",FF00FFA50010600D1FD0761C0106389901508C85000100C800300001000DDBCD0301839A8245009C0A10,PASS,"PASS, {1: 1, 2: 1, 3: 1, 4: 1, 5: 1, 6: 1, 7: 1, 8: 1, 9: 1, 10: 1, 11: 1}","PASS, {1: 1, 2: 1, 3: 1, 4: 1, 5: 1, 6: 1, 7: 1, 8: 1, 9: 1, 10: 1}","PASS , {1: 1, 2: 1, 3: 1, 4: 1, 5: 1, 6: 1, 7: 1, 8: 1} ","PASS , {1: 1, 2: 1, 3: 1, 4: 1} ",14:45:35_14-07-25
438,407,8002,004637,"BV25282310201 , T252209769 ",FF00FFA50010600D1FD0761C0106389901508C85000100C800300001000DDBCD0301839A8245009C0A10,PASS,"PASS, {1: 1, 2: 1, 3: 1, 4: 1, 5: 1, 6: 1, 7: 1, 8: 1, 9: 1, 10: 1, 11: 1}","PASS, {1: 1, 2: 1, 3: 1, 4: 1, 5: 1, 6: 1, 7: 1, 8: 1, 9: 1, 10: 1}","PASS , {1: 1, 2: 1, 3: 1, 4: 1, 5: 1, 6: 1, 7: 1, 8: 1} ","PASS , {1: 1, 2: 1, 3: 1, 4: 1} ",14:47:52_14-07-25
439,408,8002,004637,"BV25282310314 , T252716070 ",FF00FFA50010600D1FD0761C0106389901508C85000100C800300001000DDBCD0301839A8245009C0A10,PASS,"PASS, {1: 1, 2: 1, 3: 1, 4: 1, 5: 1, 6: 1, 7: 1, 8: 1, 9: 1, 10: 1, 11: 1}","PASS, {1: 1, 2: 1, 3: 1, 4: 1, 5: 1, 6: 1, 7: 1, 8: 1, 9: 1, 10: 1}","PASS , {1: 1, 2: 1, 3: 1, 4: 1, 5: 1, 6: 1, 7: 1, 8: 1} ","PASS , {1: 1, 2: 1, 3: 1, 4: 1} ",14:49:10_14-07-25
440,409,8002,004637,"BV25282310315 , T252716251 ",FF00FFA50010600D1FD0761C0106389901508C85000100C800300001000DDBCD0301839A8245009C0A10,PASS,"PASS, {1: 1, 2: 1, 3: 1, 4: 1, 5: 1, 6: 1, 7: 1, 8: 1, 9: 1, 10: 1, 11: 1}","PASS, {1: 1, 2: 1, 3: 1, 4: 1, 5: 1, 6: 1, 7: 1, 8: 1, 9: 1, 10: 1}","PASS , {1: 1, 2: 1, 3: 1, 4: 1, 5: 1, 6: 1, 7: 1, 8: 1} ","PASS , {1: 1, 2: 1, 3: 1, 4: 1} ",14:50:21_14-07-25
441,410,8002,004637,"BV25282310317 , T252716075 ",FF00FFA50010600D1FD0761C0106389901508C85000100C800300001000DDBCD0301839A8245009C0A10,PASS,"PASS, {1: 1, 2: 1, 3: 1, 4: 1, 5: 1, 6: 1, 7: 1, 8: 1, 9: 1, 10: 1, 11: 1}","PASS, {1: 1, 2: 1, 3: 1, 4: 1, 5: 1, 6: 1, 7: 1, 8: 1, 9: 1, 10: 1}","PASS , {1: 1, 2: 1, 3: 1, 4: 1, 5: 1, 6: 1, 7: 1, 8: 1} ","PASS , {1: 1, 2: 1, 3: 1, 4: 1} ",14:51:31_14-07-25
442,411,8002,004637,"BV25282310318 , T252716077 ",FF00FFA50010600D1FD0761C0106389901508C85000100C800300001000DDBCD0301839A8245009C0A10,PASS,"PASS, {1: 1, 2: 1, 3: 1, 4: 1, 5: 1, 6: 1, 7: 1, 8: 1, 9: 1, 10: 1, 11: 1}","PASS, {1: 1, 2: 1, 3: 1, 4: 1, 5: 1, 6: 1, 7: 1, 8: 1, 9: 1, 10: 1}","PASS , {1: 1, 2: 1, 3: 1, 4: 1, 5: 1, 6: 1, 7: 1, 8: 1} ","PASS , {1: 1, 2: 1, 3: 1, 4: 1} ",14:52:45_14-07-25
443,412,8002,004637,"BV25282310269 , T252716427 ",FF00FFA50010600D1FD0761C0106389901508C85000100C800300001000DDBCD0301839A8245009C0A10,PASS,"PASS, {1: 1, 2: 1, 3: 1, 4: 1, 5: 1, 6: 1, 7: 1, 8: 1, 9: 1, 10: 1, 11: 1}","PASS, {1: 1, 2: 1, 3: 1, 4: 1, 5: 1, 6: 1, 7: 1, 8: 1, 9: 1, 10: 1}","PASS , {1: 1, 2: 1, 3: 1, 4: 1, 5: 1, 6: 1, 7: 1, 8: 1} ","PASS , {1: 1, 2: 1, 3: 1, 4: 1} ",14:53:56_14-07-25
444,413,8002,004637,"BV25282310272 , T252716586 ",FF00FFA50010600D1FD0761C0106389901508C85000100C800300001000DDBCD0301839A8245009C0A10,PASS,"PASS, {1: 1, 2: 1, 3: 1, 4: 1, 5: 1, 6: 1, 7: 1, 8: 1, 9: 1, 10: 1, 11: 1}","PASS, {1: 1, 2: 1, 3: 1, 4: 1, 5: 1, 6: 1, 7: 1, 8: 1, 9: 1, 10: 1}","PASS , {1: 1, 2: 1, 3: 1, 4: 1, 5: 1, 6: 1, 7: 1, 8: 1} ","PASS , {1: 1, 2: 1, 3: 1, 4: 1} ",14:55:07_14-07-25
445,414,8002,004637,"BV25282310271 , T252716354 ",FF00FFA50010600D1FD0761C0106389901508C85000100C800300001000DDBCD0301839A8245009C0A10,PASS,"PASS, {1: 1, 2: 1, 3: 1, 4: 1, 5: 1, 6: 1, 7: 1, 8: 1, 9: 1, 10: 1, 11: 1}","PASS, {1: 1, 2: 1, 3: 1, 4: 1, 5: 1, 6: 1, 7: 1, 8: 1, 9: 1, 10: 1}","PASS , {1: 1, 2: 1, 3: 1, 4: 1, 5: 1, 6: 1, 7: 1, 8: 1} ","PASS , {1: 1, 2: 1, 3: 1, 4: 1} ",14:56:25_14-07-25
446,415,8002,004637,"BV25282310270 , T252716577 ",FF00FFA50010600D1FD0761C0106389901508C85000100C800300001000DDBCD0301839A8245009C0A10,PASS,"PASS, {1: 1, 2: 1, 3: 1, 4: 1, 5: 1, 6: 1, 7: 1, 8: 1, 9: 1, 10: 1, 11: 1}","PASS, {1: 1, 2: 1, 3: 1, 4: 1, 5: 1, 6: 1, 7: 1, 8: 1, 9: 1, 10: 1}","PASS , {1: 1, 2: 1, 3: 1, 4: 1, 5: 1, 6: 1, 7: 1, 8: 1} ","PASS , {1: 1, 2: 1, 3: 1, 4: 1} ",14:57:38_14-07-25
447,416,8002,004637,"BV25282310128 , T252209803 ",FF00FFA50010600D1FD0761C0106389901508C85000100C800300001000DDBCD0301839A8245009C0A10,PASS,"PASS, {1: 1, 2: 1, 3: 1, 4: 1, 5: 1, 6: 1, 7: 1, 8: 1, 9: 1, 10: 1, 11: 1}","PASS, {1: 1, 2: 1, 3: 1, 4: 1, 5: 1, 6: 1, 7: 1, 8: 1, 9: 1, 10: 1}","PASS , {1: 1, 2: 1, 3: 1, 4: 1, 5: 1, 6: 1, 7: 1, 8: 1} ","PASS , {1: 1, 2: 1, 3: 1, 4: 1} ",14:59:22_14-07-25
448,417,8002,004637,"BV25282310065 , T252209289 ",FF00FFA50010600D1FD0761C0106389901508C85000100C800300001000DDBCD0301839A8245009C0A10,PASS,"PASS, {1: 1, 2: 1, 3: 1, 4: 1, 5: 1, 6: 1, 7: 1, 8: 1, 9: 1, 10: 1, 11: 1}","PASS, {1: 1, 2: 1, 3: 1, 4: 1, 5: 1, 6: 1, 7: 1, 8: 1, 9: 1, 10: 1}","PASS , {1: 1, 2: 1, 3: 1, 4: 1, 5: 1, 6: 1, 7: 1, 8: 1} ","PASS , {1: 1, 2: 1, 3: 1, 4: 1} ",15:00:33_14-07-25
449,418,8002,004637,"BV25282310057 , T252210487 ",FF00FFA50010600D1FD0761C0106389901508C85000100C800300001000DDBCD0301839A8245009C0A10,PASS,"PASS, {1: 1, 2: 1, 3: 1, 4: 1, 5: 1, 6: 1, 7: 1, 8: 1, 9: 1, 10: 1, 11: 1}","PASS, {1: 1, 2: 1, 3: 1, 4: 1, 5: 1, 6: 1, 7: 1, 8: 1, 9: 1, 10: 1}","PASS , {1: 1, 2: 1, 3: 1, 4: 1, 5: 1, 6: 1, 7: 1, 8: 1} ","PASS , {1: 1, 2: 1, 3: 1, 4: 1} ",15:03:08_14-07-25
450,419,8002,004637,"BV25282310163 , T252209814 ",FF00FFA50010600D1FD0761C0106389901508C85000100C800300001000DDBCD0301839A8245009C0A10,PASS,"PASS, {1: 1, 2: 1, 3: 1, 4: 1, 5: 1, 6: 1, 7: 1, 8: 1, 9: 1, 10: 1, 11: 1}","PASS, {1: 1, 2: 1, 3: 1, 4: 1, 5: 1, 6: 1, 7: 1, 8: 1, 9: 1, 10: 1}","PASS , {1: 1, 2: 1, 3: 1, 4: 1, 5: 1, 6: 1, 7: 1, 8: 1} ","PASS , {1: 1, 2: 1, 3: 1, 4: 1} ",15:04:23_14-07-25
451,420,8002,004637,"BV25282310173 , T252209283 ",FF00FFA50010600D1FD0761C0106389901508C85000100C800300001000DDBCD0301839A8245009C0A10,PASS,"PASS, {1: 1, 2: 1, 3: 1, 4: 1, 5: 1, 6: 1, 7: 1, 8: 1, 9: 1, 10: 1, 11: 1}","PASS, {1: 1, 2: 1, 3: 1, 4: 1, 5: 1, 6: 1, 7: 1, 8: 1, 9: 1, 10: 1}","PASS , {1: 1, 2: 1, 3: 1, 4: 1, 5: 1, 6: 1, 7: 1, 8: 1} ","PASS , {1: 1, 2: 1, 3: 1, 4: 1} ",15:08:48_14-07-25
452,421,8002,004637,"BV25282310312 , T252716160 ",FF00FFA50010600D1FD0761C0106389901508C85000100C800300001000DDBCD0301839A8245009C0A10,PASS,"PASS, {1: 1, 2: 1, 3: 1, 4: 1, 5: 1, 6: 1, 7: 1, 8: 1, 9: 1, 10: 1, 11: 1}","PASS, {1: 1, 2: 1, 3: 1, 4: 1, 5: 1, 6: 1, 7: 1, 8: 1, 9: 1, 10: 1}","PASS , {1: 1, 2: 1, 3: 1, 4: 1, 5: 1, 6: 1, 7: 1, 8: 1} ","PASS , {1: 1, 2: 1, 3: 1, 4: 1} ",15:10:04_14-07-25
453,422,8002,004637,"BV25282310287 , T252716425 ",FF00FFA50010600D1FD0761C0106389901508C85000100C800300001000DDBCD0301839A8245009C0A10,PASS,"PASS, {1: 1, 2: 1, 3: 1, 4: 1, 5: 1, 6: 1, 7: 1, 8: 1, 9: 1, 10: 1, 11: 1}","PASS, {1: 1, 2: 1, 3: 1, 4: 1, 5: 1, 6: 1, 7: 1, 8: 1, 9: 1, 10: 1}","PASS , {1: 1, 2: 1, 3: 1, 4: 1, 5: 1, 6: 1, 7: 1, 8: 1} ","PASS , {1: 1, 2: 1, 3: 1, 4: 1} ",15:11:20_14-07-25
454,423,8002,004637,"BV25282310212 , T252209414 ",FF00FFA50010600D1FD0761C0106389901508C85000100C800300001000DDBCD0301839A8245009C0A10,PASS,"PASS, {1: 1, 2: 1, 3: 1, 4: 1, 5: 1, 6: 1, 7: 1, 8: 1, 9: 1, 10: 1, 11: 1}","PASS, {1: 1, 2: 1, 3: 1, 4: 1, 5: 1, 6: 1, 7: 1, 8: 1, 9: 1, 10: 1}","PASS , {1: 1, 2: 1, 3: 1, 4: 1, 5: 1, 6: 1, 7: 1, 8: 1} ","PASS , {1: 1, 2: 1, 3: 1, 4: 1} ",15:12:31_14-07-25
455,424,8002,004637,"BV25282310338 , T252716161 ",FF00FFA50010600D1FD0761C0106389901508C85000100C800300001000DDBCD0301839A8245009C0A10,PASS,"PASS, {1: 1, 2: 1, 3: 1, 4: 1, 5: 1, 6: 1, 7: 1, 8: 1, 9: 1, 10: 1, 11: 1}","PASS, {1: 1, 2: 1, 3: 1, 4: 1, 5: 1, 6: 1, 7: 1, 8: 1, 9: 1, 10: 1}","PASS , {1: 1, 2: 1, 3: 1, 4: 1, 5: 1, 6: 1, 7: 1, 8: 1} ","PASS , {1: 1, 2: 1, 3: 1, 4: 1} ",15:19:17_14-07-25
456,425,8002,004637,"BV25282310301 , T252211406 ",FF00FFA50010600D1FD0761C0106389901508C85000100C800300001000DDBCD0301839A8245009C0A10,PASS,"PASS, {1: 1, 2: 1, 3: 1, 4: 1, 5: 1, 6: 1, 7: 1, 8: 1, 9: 1, 10: 1, 11: 1}","PASS, {1: 1, 2: 1, 3: 1, 4: 1, 5: 1, 6: 1, 7: 1, 8: 1, 9: 1, 10: 1}","PASS , {1: 1, 2: 1, 3: 1, 4: 1, 5: 1, 6: 1, 7: 1, 8: 1} ","PASS , {1: 1, 2: 1, 3: 1, 4: 1} ",15:21:28_14-07-25
457,426,8002,004637,"BV25282310300 , T252802073 ",FF00FFA50010600D1FD0761C0106389901508C85000100C800300001000DDBCD0301839A8245009C0A10,PASS,"PASS, {1: 1, 2: 1, 3: 1, 4: 1, 5: 1, 6: 1, 7: 1, 8: 1, 9: 1, 10: 1, 11: 1}","PASS, {1: 1, 2: 1, 3: 1, 4: 1, 5: 1, 6: 1, 7: 1, 8: 1, 9: 1, 10: 1}","PASS , {1: 1, 2: 1, 3: 1, 4: 1, 5: 1, 6: 1, 7: 1, 8: 1} ","PASS , {1: 1, 2: 1, 3: 1, 4: 1} ",15:23:03_14-07-25
458,427,8002,004637,"BV25282310418 , T252716062 ",FF00FFA50010600D1FD0761C0106389901508C85000100C800300001000DDBCD0301839A8245009C0A10,PASS,"PASS, {1: 1, 2: 1, 3: 1, 4: 1, 5: 1, 6: 1, 7: 1, 8: 1, 9: 1, 10: 1, 11: 1}","PASS, {1: 1, 2: 1, 3: 1, 4: 1, 5: 1, 6: 1, 7: 1, 8: 1, 9: 1, 10: 1}","PASS , {1: 1, 2: 1, 3: 1, 4: 1, 5: 1, 6: 1, 7: 1, 8: 1} ","PASS , {1: 1, 2: 1, 3: 1, 4: 1} ",15:24:12_14-07-25
459,428,8002,004637,"BV25282310280 , T252802339 ",FF00FFA50010600D1FD0761C0106389901508C85000100C800300001000DDBCD0301839A8245009C0A10,PASS,"PASS, {1: 1, 2: 1, 3: 1, 4: 1, 5: 1, 6: 1, 7: 1, 8: 1, 9: 1, 10: 1, 11: 1}","PASS, {1: 1, 2: 1, 3: 1, 4: 1, 5: 1, 6: 1, 7: 1, 8: 1, 9: 1, 10: 1}","PASS , {1: 1, 2: 1, 3: 1, 4: 1, 5: 1, 6: 1, 7: 1, 8: 1} ","PASS , {1: 1, 2: 1, 3: 1, 4: 1} ",15:26:42_14-07-25
460,428,8002,004637,"BV25282310210 , T252209424 ",FF00FFA50010600D1FD0761C0106389901508C85000100C800300001000DDBCD0301839A8245009C0A10,PASS,"PASS, {1: 1, 2: 1, 3: 1, 4: 1, 5: 1, 6: 1, 7: 1, 8: 1, 9: 1, 10: 1, 11: 1}","PASS, {1: 1, 2: 1, 3: 1, 4: 1, 5: 1, 6: 1, 7: 1, 8: 1, 9: 1, 10: 1}","PASS , {1: 1, 2: 1, 3: 1, 4: 1, 5: 1, 6: 1, 7: 1, 8: 1} ","FAIL , {1: 1, 2: 0, 3: 1, 4: 1} ",15:28:00_14-07-25
461,429,8002,004637,"BV25282310420 , T252802353 ",FF00FFA50010600D1FD0761C0106389901508C85000100C800300001000DDBCD0301839A8245009C0A10,PASS,"PASS, {1: 1, 2: 1, 3: 1, 4: 1, 5: 1, 6: 1, 7: 1, 8: 1, 9: 1, 10: 1, 11: 1}","PASS, {1: 1, 2: 1, 3: 1, 4: 1, 5: 1, 6: 1, 7: 1, 8: 1, 9: 1, 10: 1}","PASS , {1: 1, 2: 1, 3: 1, 4: 1, 5: 1, 6: 1, 7: 1, 8: 1} ","PASS , {1: 1, 2: 1, 3: 1, 4: 1} ",15:29:27_14-07-25
462,429,8002,004637,"BV25282310372 , T252716067 ",FF00FFA50010600D1FD0761C0106389901508C85000100C800300001000DDBCD0301839A8245009C0A10,PASS,"PASS, {1: 1, 2: 1, 3: 1, 4: 1, 5: 1, 6: 1, 7: 1, 8: 1, 9: 1, 10: 1, 11: 1}","FAIL, {1: 0, 2: 1, 3: 1, 4: 1, 5: 1, 6: 1, 7: 1, 8: 1, 9: 1, 10: 1}","PASS , {1: 1, 2: 1, 3: 1, 4: 1, 5: 1, 6: 1, 7: 1, 8: 1} ","PASS , {1: 1, 2: 1, 3: 1, 4: 1} ",15:30:44_14-07-25
463,430,8002,004637,"BV25282310328 , T252716252 ",FF00FFA50010600D1FD0761C0106389901508C85000100C800300001000DDBCD0301839A8245009C0A10,PASS,"PASS, {1: 1, 2: 1, 3: 1, 4: 1, 5: 1, 6: 1, 7: 1, 8: 1, 9: 1, 10: 1, 11: 1}","PASS, {1: 1, 2: 1, 3: 1, 4: 1, 5: 1, 6: 1, 7: 1, 8: 1, 9: 1, 10: 1}","PASS , {1: 1, 2: 1, 3: 1, 4: 1, 5: 1, 6: 1, 7: 1, 8: 1} ","PASS , {1: 1, 2: 1, 3: 1, 4: 1} ",15:31:57_14-07-25
464,431,8002,004637,"BV25282310325 , T252718346 ",FF00FFA50010600D1FD0761C0106389901508C85000100C800300001000DDBCD0301839A8245009C0A10,PASS,"PASS, {1: 1, 2: 1, 3: 1, 4: 1, 5: 1, 6: 1, 7: 1, 8: 1, 9: 1, 10: 1, 11: 1}","PASS, {1: 1, 2: 1, 3: 1, 4: 1, 5: 1, 6: 1, 7: 1, 8: 1, 9: 1, 10: 1}","PASS , {1: 1, 2: 1, 3: 1, 4: 1, 5: 1, 6: 1, 7: 1, 8: 1} ","PASS , {1: 1, 2: 1, 3: 1, 4: 1} ",15:33:10_14-07-25
465,432,8002,004637,"BV25282310324 , T252716073 ",FF00FFA50010600D1FD0761C0106389901508C85000100C800300001000DDBCD0301839A8245009C0A10,PASS,"PASS, {1: 1, 2: 1, 3: 1, 4: 1, 5: 1, 6: 1, 7: 1, 8: 1, 9: 1, 10: 1, 11: 1}","PASS, {1: 1, 2: 1, 3: 1, 4: 1, 5: 1, 6: 1, 7: 1, 8: 1, 9: 1, 10: 1}","PASS , {1: 1, 2: 1, 3: 1, 4: 1, 5: 1, 6: 1, 7: 1, 8: 1} ","PASS , {1: 1, 2: 1, 3: 1, 4: 1} ",15:34:26_14-07-25
466,432,8002,004637,"BV25282310238 , T252209778 ",FF00FFA50010600D1FD0761C0106389901508C85000100C800300001000DDBCD0301839A8245009C0A10,PASS,"PASS, {1: 1, 2: 1, 3: 1, 4: 1, 5: 1, 6: 1, 7: 1, 8: 1, 9: 1, 10: 1, 11: 1}","FAIL, {1: 1, 2: 0, 3: 1, 4: 0, 5: 0, 6: 0, 7: 1, 8: 0, 9: 1, 10: 0}","PASS , {1: 1, 2: 1, 3: 1, 4: 1, 5: 1, 6: 1, 7: 1, 8: 1} ","PASS , {1: 1, 2: 1, 3: 1, 4: 1} ",15:35:52_14-07-25
467,433,8002,004637,"BV25282310238 , T252209778 ",FF00FFA50010600D1FD0761C0106389901508C85000100C800300001000DDBCD0301839A8245009C0A10,PASS,"PASS, {1: 1, 2: 1, 3: 1, 4: 1, 5: 1, 6: 1, 7: 1, 8: 1, 9: 1, 10: 1, 11: 1}","PASS, {1: 1, 2: 1, 3: 1, 4: 1, 5: 1, 6: 1, 7: 1, 8: 1, 9: 1, 10: 1}","PASS , {1: 1, 2: 1, 3: 1, 4: 1, 5: 1, 6: 1, 7: 1, 8: 1} ","PASS , {1: 1, 2: 1, 3: 1, 4: 1} ",15:37:22_14-07-25
468,433,8002,004637,"BV25282310258 , T252211245 ",FF00FFA50010600D1FD0761C0106389901508C85000100C800300001000DDBCD0301839A8245009C0A10,PASS,"PASS, {1: 1, 2: 1, 3: 1, 4: 1, 5: 1, 6: 1, 7: 1, 8: 1, 9: 1, 10: 1, 11: 1}","PASS, {1: 1, 2: 1, 3: 1, 4: 1, 5: 1, 6: 1, 7: 1, 8: 1, 9: 1, 10: 1}","FAIL , {1: 1, 2: 1, 3: 1, 4: 1, 5: 1, 6: 1, 7: 0, 8: 1} ","PASS , {1: 1, 2: 1, 3: 1, 4: 1} ",15:38:42_14-07-25
469,434,8002,004637,"BV25282310258 , T252211245 ",FF00FFA50010600D1FD0761C0106389901508C85000100C800300001000DDBCD0301839A8245009C0A10,PASS,"PASS, {1: 1, 2: 1, 3: 1, 4: 1, 5: 1, 6: 1, 7: 1, 8: 1, 9: 1, 10: 1, 11: 1}","PASS, {1: 1, 2: 1, 3: 1, 4: 1, 5: 1, 6: 1, 7: 1, 8: 1, 9: 1, 10: 1}","PASS , {1: 1, 2: 1, 3: 1, 4: 1, 5: 1, 6: 1, 7: 1, 8: 1} ","PASS , {1: 1, 2: 1, 3: 1, 4: 1} ",15:41:01_14-07-25
470,435,8002,004637,"BV25282310266 , T252716580 ",FF00FFA50010600D1FD0761C0106389901508C85000100C800300001000DDBCD0301839A8245009C0A10,PASS,"PASS, {1: 1, 2: 1, 3: 1, 4: 1, 5: 1, 6: 1, 7: 1, 8: 1, 9: 1, 10: 1, 11: 1}","PASS, {1: 1, 2: 1, 3: 1, 4: 1, 5: 1, 6: 1, 7: 1, 8: 1, 9: 1, 10: 1}","PASS , {1: 1, 2: 1, 3: 1, 4: 1, 5: 1, 6: 1, 7: 1, 8: 1} ","PASS , {1: 1, 2: 1, 3: 1, 4: 1} ",15:42:33_14-07-25
471,435,8002,004637,"BV25282310372 , T252716067 ",FF00FFA50010600D1FD0761C0106389901508C85000100C800300001000DDBCD0301839A8245009C0A10,PASS,"PASS, {1: 1, 2: 1, 3: 1, 4: 1, 5: 1, 6: 1, 7: 1, 8: 1, 9: 1, 10: 1, 11: 1}","FAIL, {1: 0, 2: 1, 3: 1, 4: 1, 5: 1, 6: 1, 7: 1, 8: 1, 9: 1, 10: 1}","PASS , {1: 1, 2: 1, 3: 1, 4: 1, 5: 1, 6: 1, 7: 1, 8: 1} ","PASS , {1: 1, 2: 1, 3: 1, 4: 1} ",15:48:49_14-07-25
472,435,8002,004637,"BV25282310210 , T252209424 ",FF00FFA50010600D1FD0761C0106389901508C85000100C800300001000DDBCD0301839A8245009C0A10,PASS,"PASS, {1: 1, 2: 1, 3: 1, 4: 1, 5: 1, 6: 1, 7: 1, 8: 1, 9: 1, 10: 1, 11: 1}","PASS, {1: 1, 2: 1, 3: 1, 4: 1, 5: 1, 6: 1, 7: 1, 8: 1, 9: 1, 10: 1}","PASS , {1: 1, 2: 1, 3: 1, 4: 1, 5: 1, 6: 1, 7: 1, 8: 1} ","FAIL , {1: 1, 2: 0, 3: 1, 4: 1} ",15:50:02_14-07-25
473,435,8002,004637,"BV25282310164 , T252209767 ",FF00FFA50010600D1FD0761C0106389901508C85000100C800300001000DDBCD0301839A8245009C0A10,PASS,"FAIL, {1: 1, 2: 1, 3: 1, 4: 1, 5: 1, 6: 1, 7: 1, 8: 1, 9: 1, 10: 1, 11: 0}","PASS, {1: 1, 2: 1, 3: 1, 4: 1, 5: 1, 6: 1, 7: 1, 8: 1, 9: 1, 10: 1}","PASS , {1: 1, 2: 1, 3: 1, 4: 1, 5: 1, 6: 1, 7: 1, 8: 1} ","FAIL , {1: 1, 2: 0, 3: 1, 4: 1} ",15:51:15_14-07-25
474,435,8002,004637,"BV25282310372 , T252716067 ",FF00FFA50010600D1FD0761C0106389901508C85000100C800300001000DDBCD0301839A8245009C0A10,PASS,"PASS, {1: 1, 2: 1, 3: 1, 4: 1, 5: 1, 6: 1, 7: 1, 8: 1, 9: 1, 10: 1, 11: 1}","FAIL, {1: 0, 2: 1, 3: 0, 4: 0, 5: 0, 6: 0, 7: 0, 8: 1, 9: 1, 10: 1}","PASS , {1: 1, 2: 1, 3: 1, 4: 1, 5: 1, 6: 1, 7: 1, 8: 1} ","PASS , {1: 1, 2: 1, 3: 1, 4: 1} ",15:52:25_14-07-25
